scenario,feature_set,dataset,protocol_id,true_class,predicted_class,count,true_class_support,row_rate
FULL_FLOW,S12,iscx_vpn,medium_seed2022,AIM,AIM,7,53,0.1320754716981132
FULL_FLOW,S12,iscx_vpn,medium_seed2022,AIM,BitTorrent,2,53,0.03773584905660377
FULL_FLOW,S12,iscx_vpn,medium_seed2022,AIM,Email,4,53,0.07547169811320754
FULL_FLOW,S12,iscx_vpn,medium_seed2022,AIM,FTPS,2,53,0.03773584905660377
FULL_FLOW,S12,iscx_vpn,medium_seed2022,AIM,Facebook,22,53,0.41509433962264153
FULL_FLOW,S12,iscx_vpn,medium_seed2022,AIM,Gmail,3,53,0.05660377358490566
FULL_FLOW,S12,iscx_vpn,medium_seed2022,AIM,ICQ,7,53,0.1320754716981132
FULL_FLOW,S12,iscx_vpn,medium_seed2022,AIM,Netflix,0,53,0.0
FULL_FLOW,S12,iscx_vpn,medium_seed2022,AIM,SCP,1,53,0.018867924528301886
FULL_FLOW,S12,iscx_vpn,medium_seed2022,AIM,SFTP,1,53,0.018867924528301886
FULL_FLOW,S12,iscx_vpn,medium_seed2022,AIM,Spotify,0,53,0.0
FULL_FLOW,S12,iscx_vpn,medium_seed2022,AIM,Vimeo,1,53,0.018867924528301886
FULL_FLOW,S12,iscx_vpn,medium_seed2022,AIM,VoIPBuster,3,53,0.05660377358490566
FULL_FLOW,S12,iscx_vpn,medium_seed2022,BitTorrent,AIM,0,100,0.0
FULL_FLOW,S12,iscx_vpn,medium_seed2022,BitTorrent,BitTorrent,94,100,0.94
FULL_FLOW,S12,iscx_vpn,medium_seed2022,BitTorrent,Email,1,100,0.01
FULL_FLOW,S12,iscx_vpn,medium_seed2022,BitTorrent,FTPS,3,100,0.03
FULL_FLOW,S12,iscx_vpn,medium_seed2022,BitTorrent,Facebook,0,100,0.0
FULL_FLOW,S12,iscx_vpn,medium_seed2022,BitTorrent,Gmail,0,100,0.0
FULL_FLOW,S12,iscx_vpn,medium_seed2022,BitTorrent,ICQ,0,100,0.0
FULL_FLOW,S12,iscx_vpn,medium_seed2022,BitTorrent,Netflix,1,100,0.01
FULL_FLOW,S12,iscx_vpn,medium_seed2022,BitTorrent,SCP,0,100,0.0
FULL_FLOW,S12,iscx_vpn,medium_seed2022,BitTorrent,SFTP,0,100,0.0
FULL_FLOW,S12,iscx_vpn,medium_seed2022,BitTorrent,Spotify,0,100,0.0
FULL_FLOW,S12,iscx_vpn,medium_seed2022,BitTorrent,Vimeo,0,100,0.0
FULL_FLOW,S12,iscx_vpn,medium_seed2022,BitTorrent,VoIPBuster,1,100,0.01
FULL_FLOW,S12,iscx_vpn,medium_seed2022,Email,AIM,2,200,0.01
FULL_FLOW,S12,iscx_vpn,medium_seed2022,Email,BitTorrent,9,200,0.045
FULL_FLOW,S12,iscx_vpn,medium_seed2022,Email,Email,77,200,0.385
FULL_FLOW,S12,iscx_vpn,medium_seed2022,Email,FTPS,10,200,0.05
FULL_FLOW,S12,iscx_vpn,medium_seed2022,Email,Facebook,75,200,0.375
FULL_FLOW,S12,iscx_vpn,medium_seed2022,Email,Gmail,0,200,0.0
FULL_FLOW,S12,iscx_vpn,medium_seed2022,Email,ICQ,3,200,0.015
FULL_FLOW,S12,iscx_vpn,medium_seed2022,Email,Netflix,3,200,0.015
FULL_FLOW,S12,iscx_vpn,medium_seed2022,Email,SCP,2,200,0.01
FULL_FLOW,S12,iscx_vpn,medium_seed2022,Email,SFTP,0,200,0.0
FULL_FLOW,S12,iscx_vpn,medium_seed2022,Email,Spotify,1,200,0.005
FULL_FLOW,S12,iscx_vpn,medium_seed2022,Email,Vimeo,1,200,0.005
FULL_FLOW,S12,iscx_vpn,medium_seed2022,Email,VoIPBuster,17,200,0.085
FULL_FLOW,S12,iscx_vpn,medium_seed2022,FTPS,AIM,2,200,0.01
FULL_FLOW,S12,iscx_vpn,medium_seed2022,FTPS,BitTorrent,22,200,0.11
FULL_FLOW,S12,iscx_vpn,medium_seed2022,FTPS,Email,2,200,0.01
FULL_FLOW,S12,iscx_vpn,medium_seed2022,FTPS,FTPS,150,200,0.75
FULL_FLOW,S12,iscx_vpn,medium_seed2022,FTPS,Facebook,2,200,0.01
FULL_FLOW,S12,iscx_vpn,medium_seed2022,FTPS,Gmail,1,200,0.005
FULL_FLOW,S12,iscx_vpn,medium_seed2022,FTPS,ICQ,0,200,0.0
FULL_FLOW,S12,iscx_vpn,medium_seed2022,FTPS,Netflix,0,200,0.0
FULL_FLOW,S12,iscx_vpn,medium_seed2022,FTPS,SCP,3,200,0.015
FULL_FLOW,S12,iscx_vpn,medium_seed2022,FTPS,SFTP,1,200,0.005
FULL_FLOW,S12,iscx_vpn,medium_seed2022,FTPS,Spotify,1,200,0.005
FULL_FLOW,S12,iscx_vpn,medium_seed2022,FTPS,Vimeo,0,200,0.0
FULL_FLOW,S12,iscx_vpn,medium_seed2022,FTPS,VoIPBuster,16,200,0.08
FULL_FLOW,S12,iscx_vpn,medium_seed2022,Facebook,AIM,4,200,0.02
FULL_FLOW,S12,iscx_vpn,medium_seed2022,Facebook,BitTorrent,0,200,0.0
FULL_FLOW,S12,iscx_vpn,medium_seed2022,Facebook,Email,11,200,0.055
FULL_FLOW,S12,iscx_vpn,medium_seed2022,Facebook,FTPS,0,200,0.0
FULL_FLOW,S12,iscx_vpn,medium_seed2022,Facebook,Facebook,148,200,0.74
FULL_FLOW,S12,iscx_vpn,medium_seed2022,Facebook,Gmail,1,200,0.005
FULL_FLOW,S12,iscx_vpn,medium_seed2022,Facebook,ICQ,1,200,0.005
FULL_FLOW,S12,iscx_vpn,medium_seed2022,Facebook,Netflix,0,200,0.0
FULL_FLOW,S12,iscx_vpn,medium_seed2022,Facebook,SCP,3,200,0.015
FULL_FLOW,S12,iscx_vpn,medium_seed2022,Facebook,SFTP,0,200,0.0
FULL_FLOW,S12,iscx_vpn,medium_seed2022,Facebook,Spotify,2,200,0.01
FULL_FLOW,S12,iscx_vpn,medium_seed2022,Facebook,Vimeo,0,200,0.0
FULL_FLOW,S12,iscx_vpn,medium_seed2022,Facebook,VoIPBuster,30,200,0.15
FULL_FLOW,S12,iscx_vpn,medium_seed2022,Gmail,AIM,0,54,0.0
FULL_FLOW,S12,iscx_vpn,medium_seed2022,Gmail,BitTorrent,0,54,0.0
FULL_FLOW,S12,iscx_vpn,medium_seed2022,Gmail,Email,2,54,0.037037037037037035
FULL_FLOW,S12,iscx_vpn,medium_seed2022,Gmail,FTPS,7,54,0.12962962962962962
FULL_FLOW,S12,iscx_vpn,medium_seed2022,Gmail,Facebook,5,54,0.09259259259259259
FULL_FLOW,S12,iscx_vpn,medium_seed2022,Gmail,Gmail,32,54,0.5925925925925926
FULL_FLOW,S12,iscx_vpn,medium_seed2022,Gmail,ICQ,1,54,0.018518518518518517
FULL_FLOW,S12,iscx_vpn,medium_seed2022,Gmail,Netflix,0,54,0.0
FULL_FLOW,S12,iscx_vpn,medium_seed2022,Gmail,SCP,1,54,0.018518518518518517
FULL_FLOW,S12,iscx_vpn,medium_seed2022,Gmail,SFTP,0,54,0.0
FULL_FLOW,S12,iscx_vpn,medium_seed2022,Gmail,Spotify,3,54,0.05555555555555555
FULL_FLOW,S12,iscx_vpn,medium_seed2022,Gmail,Vimeo,1,54,0.018518518518518517
FULL_FLOW,S12,iscx_vpn,medium_seed2022,Gmail,VoIPBuster,2,54,0.037037037037037035
FULL_FLOW,S12,iscx_vpn,medium_seed2022,ICQ,AIM,7,53,0.1320754716981132
FULL_FLOW,S12,iscx_vpn,medium_seed2022,ICQ,BitTorrent,0,53,0.0
FULL_FLOW,S12,iscx_vpn,medium_seed2022,ICQ,Email,4,53,0.07547169811320754
FULL_FLOW,S12,iscx_vpn,medium_seed2022,ICQ,FTPS,1,53,0.018867924528301886
FULL_FLOW,S12,iscx_vpn,medium_seed2022,ICQ,Facebook,24,53,0.4528301886792453
FULL_FLOW,S12,iscx_vpn,medium_seed2022,ICQ,Gmail,1,53,0.018867924528301886
FULL_FLOW,S12,iscx_vpn,medium_seed2022,ICQ,ICQ,9,53,0.16981132075471697
FULL_FLOW,S12,iscx_vpn,medium_seed2022,ICQ,Netflix,0,53,0.0
FULL_FLOW,S12,iscx_vpn,medium_seed2022,ICQ,SCP,2,53,0.03773584905660377
FULL_FLOW,S12,iscx_vpn,medium_seed2022,ICQ,SFTP,0,53,0.0
FULL_FLOW,S12,iscx_vpn,medium_seed2022,ICQ,Spotify,3,53,0.05660377358490566
FULL_FLOW,S12,iscx_vpn,medium_seed2022,ICQ,Vimeo,0,53,0.0
FULL_FLOW,S12,iscx_vpn,medium_seed2022,ICQ,VoIPBuster,2,53,0.03773584905660377
FULL_FLOW,S12,iscx_vpn,medium_seed2022,Netflix,AIM,0,118,0.0
FULL_FLOW,S12,iscx_vpn,medium_seed2022,Netflix,BitTorrent,29,118,0.2457627118644068
FULL_FLOW,S12,iscx_vpn,medium_seed2022,Netflix,Email,1,118,0.00847457627118644
FULL_FLOW,S12,iscx_vpn,medium_seed2022,Netflix,FTPS,2,118,0.01694915254237288
FULL_FLOW,S12,iscx_vpn,medium_seed2022,Netflix,Facebook,0,118,0.0
FULL_FLOW,S12,iscx_vpn,medium_seed2022,Netflix,Gmail,1,118,0.00847457627118644
FULL_FLOW,S12,iscx_vpn,medium_seed2022,Netflix,ICQ,0,118,0.0
FULL_FLOW,S12,iscx_vpn,medium_seed2022,Netflix,Netflix,58,118,0.4915254237288136
FULL_FLOW,S12,iscx_vpn,medium_seed2022,Netflix,SCP,2,118,0.01694915254237288
FULL_FLOW,S12,iscx_vpn,medium_seed2022,Netflix,SFTP,0,118,0.0
FULL_FLOW,S12,iscx_vpn,medium_seed2022,Netflix,Spotify,15,118,0.1271186440677966
FULL_FLOW,S12,iscx_vpn,medium_seed2022,Netflix,Vimeo,10,118,0.0847457627118644
FULL_FLOW,S12,iscx_vpn,medium_seed2022,Netflix,VoIPBuster,0,118,0.0
FULL_FLOW,S12,iscx_vpn,medium_seed2022,SCP,AIM,1,200,0.005
FULL_FLOW,S12,iscx_vpn,medium_seed2022,SCP,BitTorrent,0,200,0.0
FULL_FLOW,S12,iscx_vpn,medium_seed2022,SCP,Email,11,200,0.055
FULL_FLOW,S12,iscx_vpn,medium_seed2022,SCP,FTPS,10,200,0.05
FULL_FLOW,S12,iscx_vpn,medium_seed2022,SCP,Facebook,69,200,0.345
FULL_FLOW,S12,iscx_vpn,medium_seed2022,SCP,Gmail,0,200,0.0
FULL_FLOW,S12,iscx_vpn,medium_seed2022,SCP,ICQ,2,200,0.01
FULL_FLOW,S12,iscx_vpn,medium_seed2022,SCP,Netflix,32,200,0.16
FULL_FLOW,S12,iscx_vpn,medium_seed2022,SCP,SCP,48,200,0.24
FULL_FLOW,S12,iscx_vpn,medium_seed2022,SCP,SFTP,1,200,0.005
FULL_FLOW,S12,iscx_vpn,medium_seed2022,SCP,Spotify,2,200,0.01
FULL_FLOW,S12,iscx_vpn,medium_seed2022,SCP,Vimeo,1,200,0.005
FULL_FLOW,S12,iscx_vpn,medium_seed2022,SCP,VoIPBuster,23,200,0.115
FULL_FLOW,S12,iscx_vpn,medium_seed2022,SFTP,AIM,0,31,0.0
FULL_FLOW,S12,iscx_vpn,medium_seed2022,SFTP,BitTorrent,3,31,0.0967741935483871
FULL_FLOW,S12,iscx_vpn,medium_seed2022,SFTP,Email,2,31,0.06451612903225806
FULL_FLOW,S12,iscx_vpn,medium_seed2022,SFTP,FTPS,6,31,0.1935483870967742
FULL_FLOW,S12,iscx_vpn,medium_seed2022,SFTP,Facebook,0,31,0.0
FULL_FLOW,S12,iscx_vpn,medium_seed2022,SFTP,Gmail,0,31,0.0
FULL_FLOW,S12,iscx_vpn,medium_seed2022,SFTP,ICQ,1,31,0.03225806451612903
FULL_FLOW,S12,iscx_vpn,medium_seed2022,SFTP,Netflix,1,31,0.03225806451612903
FULL_FLOW,S12,iscx_vpn,medium_seed2022,SFTP,SCP,1,31,0.03225806451612903
FULL_FLOW,S12,iscx_vpn,medium_seed2022,SFTP,SFTP,12,31,0.3870967741935484
FULL_FLOW,S12,iscx_vpn,medium_seed2022,SFTP,Spotify,4,31,0.12903225806451613
FULL_FLOW,S12,iscx_vpn,medium_seed2022,SFTP,Vimeo,0,31,0.0
FULL_FLOW,S12,iscx_vpn,medium_seed2022,SFTP,VoIPBuster,1,31,0.03225806451612903
FULL_FLOW,S12,iscx_vpn,medium_seed2022,Spotify,AIM,0,79,0.0
FULL_FLOW,S12,iscx_vpn,medium_seed2022,Spotify,BitTorrent,14,79,0.17721518987341772
FULL_FLOW,S12,iscx_vpn,medium_seed2022,Spotify,Email,0,79,0.0
FULL_FLOW,S12,iscx_vpn,medium_seed2022,Spotify,FTPS,4,79,0.05063291139240506
FULL_FLOW,S12,iscx_vpn,medium_seed2022,Spotify,Facebook,0,79,0.0
FULL_FLOW,S12,iscx_vpn,medium_seed2022,Spotify,Gmail,2,79,0.02531645569620253
FULL_FLOW,S12,iscx_vpn,medium_seed2022,Spotify,ICQ,0,79,0.0
FULL_FLOW,S12,iscx_vpn,medium_seed2022,Spotify,Netflix,18,79,0.22784810126582278
FULL_FLOW,S12,iscx_vpn,medium_seed2022,Spotify,SCP,2,79,0.02531645569620253
FULL_FLOW,S12,iscx_vpn,medium_seed2022,Spotify,SFTP,0,79,0.0
FULL_FLOW,S12,iscx_vpn,medium_seed2022,Spotify,Spotify,32,79,0.4050632911392405
FULL_FLOW,S12,iscx_vpn,medium_seed2022,Spotify,Vimeo,6,79,0.0759493670886076
FULL_FLOW,S12,iscx_vpn,medium_seed2022,Spotify,VoIPBuster,1,79,0.012658227848101266
FULL_FLOW,S12,iscx_vpn,medium_seed2022,Vimeo,AIM,0,123,0.0
FULL_FLOW,S12,iscx_vpn,medium_seed2022,Vimeo,BitTorrent,10,123,0.08130081300813008
FULL_FLOW,S12,iscx_vpn,medium_seed2022,Vimeo,Email,0,123,0.0
FULL_FLOW,S12,iscx_vpn,medium_seed2022,Vimeo,FTPS,1,123,0.008130081300813009
FULL_FLOW,S12,iscx_vpn,medium_seed2022,Vimeo,Facebook,0,123,0.0
FULL_FLOW,S12,iscx_vpn,medium_seed2022,Vimeo,Gmail,1,123,0.008130081300813009
FULL_FLOW,S12,iscx_vpn,medium_seed2022,Vimeo,ICQ,1,123,0.008130081300813009
FULL_FLOW,S12,iscx_vpn,medium_seed2022,Vimeo,Netflix,34,123,0.2764227642276423
FULL_FLOW,S12,iscx_vpn,medium_seed2022,Vimeo,SCP,8,123,0.06504065040650407
FULL_FLOW,S12,iscx_vpn,medium_seed2022,Vimeo,SFTP,1,123,0.008130081300813009
FULL_FLOW,S12,iscx_vpn,medium_seed2022,Vimeo,Spotify,14,123,0.11382113821138211
FULL_FLOW,S12,iscx_vpn,medium_seed2022,Vimeo,Vimeo,53,123,0.43089430894308944
FULL_FLOW,S12,iscx_vpn,medium_seed2022,Vimeo,VoIPBuster,0,123,0.0
FULL_FLOW,S12,iscx_vpn,medium_seed2022,VoIPBuster,AIM,1,200,0.005
FULL_FLOW,S12,iscx_vpn,medium_seed2022,VoIPBuster,BitTorrent,0,200,0.0
FULL_FLOW,S12,iscx_vpn,medium_seed2022,VoIPBuster,Email,11,200,0.055
FULL_FLOW,S12,iscx_vpn,medium_seed2022,VoIPBuster,FTPS,38,200,0.19
FULL_FLOW,S12,iscx_vpn,medium_seed2022,VoIPBuster,Facebook,45,200,0.225
FULL_FLOW,S12,iscx_vpn,medium_seed2022,VoIPBuster,Gmail,1,200,0.005
FULL_FLOW,S12,iscx_vpn,medium_seed2022,VoIPBuster,ICQ,5,200,0.025
FULL_FLOW,S12,iscx_vpn,medium_seed2022,VoIPBuster,Netflix,1,200,0.005
FULL_FLOW,S12,iscx_vpn,medium_seed2022,VoIPBuster,SCP,9,200,0.045
FULL_FLOW,S12,iscx_vpn,medium_seed2022,VoIPBuster,SFTP,1,200,0.005
FULL_FLOW,S12,iscx_vpn,medium_seed2022,VoIPBuster,Spotify,1,200,0.005
FULL_FLOW,S12,iscx_vpn,medium_seed2022,VoIPBuster,Vimeo,0,200,0.0
FULL_FLOW,S12,iscx_vpn,medium_seed2022,VoIPBuster,VoIPBuster,87,200,0.435
FULL_FLOW,S12,iscx_tor,medium_seed2022,Browsing,Browsing,75,200,0.375
FULL_FLOW,S12,iscx_tor,medium_seed2022,Browsing,Email,4,200,0.02
FULL_FLOW,S12,iscx_tor,medium_seed2022,Browsing,FTP,91,200,0.455
FULL_FLOW,S12,iscx_tor,medium_seed2022,Browsing,Facebook,0,200,0.0
FULL_FLOW,S12,iscx_tor,medium_seed2022,Browsing,Hangouts,1,200,0.005
FULL_FLOW,S12,iscx_tor,medium_seed2022,Browsing,Spotify,2,200,0.01
FULL_FLOW,S12,iscx_tor,medium_seed2022,Browsing,Vimeo,4,200,0.02
FULL_FLOW,S12,iscx_tor,medium_seed2022,Browsing,YouTube,23,200,0.115
FULL_FLOW,S12,iscx_tor,medium_seed2022,Email,Browsing,3,54,0.05555555555555555
FULL_FLOW,S12,iscx_tor,medium_seed2022,Email,Email,30,54,0.5555555555555556
FULL_FLOW,S12,iscx_tor,medium_seed2022,Email,FTP,19,54,0.35185185185185186
FULL_FLOW,S12,iscx_tor,medium_seed2022,Email,Facebook,0,54,0.0
FULL_FLOW,S12,iscx_tor,medium_seed2022,Email,Hangouts,0,54,0.0
FULL_FLOW,S12,iscx_tor,medium_seed2022,Email,Spotify,0,54,0.0
FULL_FLOW,S12,iscx_tor,medium_seed2022,Email,Vimeo,0,54,0.0
FULL_FLOW,S12,iscx_tor,medium_seed2022,Email,YouTube,2,54,0.037037037037037035
FULL_FLOW,S12,iscx_tor,medium_seed2022,FTP,Browsing,0,200,0.0
FULL_FLOW,S12,iscx_tor,medium_seed2022,FTP,Email,0,200,0.0
FULL_FLOW,S12,iscx_tor,medium_seed2022,FTP,FTP,195,200,0.975
FULL_FLOW,S12,iscx_tor,medium_seed2022,FTP,Facebook,0,200,0.0
FULL_FLOW,S12,iscx_tor,medium_seed2022,FTP,Hangouts,1,200,0.005
FULL_FLOW,S12,iscx_tor,medium_seed2022,FTP,Spotify,0,200,0.0
FULL_FLOW,S12,iscx_tor,medium_seed2022,FTP,Vimeo,1,200,0.005
FULL_FLOW,S12,iscx_tor,medium_seed2022,FTP,YouTube,3,200,0.015
FULL_FLOW,S12,iscx_tor,medium_seed2022,Facebook,Browsing,2,85,0.023529411764705882
FULL_FLOW,S12,iscx_tor,medium_seed2022,Facebook,Email,1,85,0.011764705882352941
FULL_FLOW,S12,iscx_tor,medium_seed2022,Facebook,FTP,35,85,0.4117647058823529
FULL_FLOW,S12,iscx_tor,medium_seed2022,Facebook,Facebook,27,85,0.3176470588235294
FULL_FLOW,S12,iscx_tor,medium_seed2022,Facebook,Hangouts,3,85,0.03529411764705882
FULL_FLOW,S12,iscx_tor,medium_seed2022,Facebook,Spotify,0,85,0.0
FULL_FLOW,S12,iscx_tor,medium_seed2022,Facebook,Vimeo,6,85,0.07058823529411765
FULL_FLOW,S12,iscx_tor,medium_seed2022,Facebook,YouTube,11,85,0.12941176470588237
FULL_FLOW,S12,iscx_tor,medium_seed2022,Hangouts,Browsing,4,69,0.057971014492753624
FULL_FLOW,S12,iscx_tor,medium_seed2022,Hangouts,Email,0,69,0.0
FULL_FLOW,S12,iscx_tor,medium_seed2022,Hangouts,FTP,26,69,0.37681159420289856
FULL_FLOW,S12,iscx_tor,medium_seed2022,Hangouts,Facebook,3,69,0.043478260869565216
FULL_FLOW,S12,iscx_tor,medium_seed2022,Hangouts,Hangouts,12,69,0.17391304347826086
FULL_FLOW,S12,iscx_tor,medium_seed2022,Hangouts,Spotify,1,69,0.014492753623188406
FULL_FLOW,S12,iscx_tor,medium_seed2022,Hangouts,Vimeo,16,69,0.2318840579710145
FULL_FLOW,S12,iscx_tor,medium_seed2022,Hangouts,YouTube,7,69,0.10144927536231885
FULL_FLOW,S12,iscx_tor,medium_seed2022,Spotify,Browsing,0,147,0.0
FULL_FLOW,S12,iscx_tor,medium_seed2022,Spotify,Email,0,147,0.0
FULL_FLOW,S12,iscx_tor,medium_seed2022,Spotify,FTP,72,147,0.4897959183673469
FULL_FLOW,S12,iscx_tor,medium_seed2022,Spotify,Facebook,4,147,0.027210884353741496
FULL_FLOW,S12,iscx_tor,medium_seed2022,Spotify,Hangouts,0,147,0.0
FULL_FLOW,S12,iscx_tor,medium_seed2022,Spotify,Spotify,62,147,0.4217687074829932
FULL_FLOW,S12,iscx_tor,medium_seed2022,Spotify,Vimeo,6,147,0.04081632653061224
FULL_FLOW,S12,iscx_tor,medium_seed2022,Spotify,YouTube,3,147,0.02040816326530612
FULL_FLOW,S12,iscx_tor,medium_seed2022,Vimeo,Browsing,5,152,0.03289473684210526
FULL_FLOW,S12,iscx_tor,medium_seed2022,Vimeo,Email,0,152,0.0
FULL_FLOW,S12,iscx_tor,medium_seed2022,Vimeo,FTP,55,152,0.3618421052631579
FULL_FLOW,S12,iscx_tor,medium_seed2022,Vimeo,Facebook,1,152,0.006578947368421052
FULL_FLOW,S12,iscx_tor,medium_seed2022,Vimeo,Hangouts,2,152,0.013157894736842105
FULL_FLOW,S12,iscx_tor,medium_seed2022,Vimeo,Spotify,7,152,0.046052631578947366
FULL_FLOW,S12,iscx_tor,medium_seed2022,Vimeo,Vimeo,59,152,0.3881578947368421
FULL_FLOW,S12,iscx_tor,medium_seed2022,Vimeo,YouTube,23,152,0.1513157894736842
FULL_FLOW,S12,iscx_tor,medium_seed2022,YouTube,Browsing,14,200,0.07
FULL_FLOW,S12,iscx_tor,medium_seed2022,YouTube,Email,1,200,0.005
FULL_FLOW,S12,iscx_tor,medium_seed2022,YouTube,FTP,73,200,0.365
FULL_FLOW,S12,iscx_tor,medium_seed2022,YouTube,Facebook,0,200,0.0
FULL_FLOW,S12,iscx_tor,medium_seed2022,YouTube,Hangouts,3,200,0.015
FULL_FLOW,S12,iscx_tor,medium_seed2022,YouTube,Spotify,1,200,0.005
FULL_FLOW,S12,iscx_tor,medium_seed2022,YouTube,Vimeo,17,200,0.085
FULL_FLOW,S12,iscx_tor,medium_seed2022,YouTube,YouTube,91,200,0.455
FULL_FLOW,S12,vnat,medium_seed2025,netflix,netflix,17,20,0.85
FULL_FLOW,S12,vnat,medium_seed2025,netflix,rdp,0,20,0.0
FULL_FLOW,S12,vnat,medium_seed2025,netflix,rsync,0,20,0.0
FULL_FLOW,S12,vnat,medium_seed2025,netflix,scp,0,20,0.0
FULL_FLOW,S12,vnat,medium_seed2025,netflix,skype,0,20,0.0
FULL_FLOW,S12,vnat,medium_seed2025,netflix,ssh,0,20,0.0
FULL_FLOW,S12,vnat,medium_seed2025,netflix,youtube,3,20,0.15
FULL_FLOW,S12,vnat,medium_seed2025,rdp,netflix,0,4,0.0
FULL_FLOW,S12,vnat,medium_seed2025,rdp,rdp,2,4,0.5
FULL_FLOW,S12,vnat,medium_seed2025,rdp,rsync,0,4,0.0
FULL_FLOW,S12,vnat,medium_seed2025,rdp,scp,0,4,0.0
FULL_FLOW,S12,vnat,medium_seed2025,rdp,skype,0,4,0.0
FULL_FLOW,S12,vnat,medium_seed2025,rdp,ssh,1,4,0.25
FULL_FLOW,S12,vnat,medium_seed2025,rdp,youtube,1,4,0.25
FULL_FLOW,S12,vnat,medium_seed2025,rsync,netflix,0,191,0.0
FULL_FLOW,S12,vnat,medium_seed2025,rsync,rdp,0,191,0.0
FULL_FLOW,S12,vnat,medium_seed2025,rsync,rsync,59,191,0.3089005235602094
FULL_FLOW,S12,vnat,medium_seed2025,rsync,scp,132,191,0.6910994764397905
FULL_FLOW,S12,vnat,medium_seed2025,rsync,skype,0,191,0.0
FULL_FLOW,S12,vnat,medium_seed2025,rsync,ssh,0,191,0.0
FULL_FLOW,S12,vnat,medium_seed2025,rsync,youtube,0,191,0.0
FULL_FLOW,S12,vnat,medium_seed2025,scp,netflix,0,229,0.0
FULL_FLOW,S12,vnat,medium_seed2025,scp,rdp,0,229,0.0
FULL_FLOW,S12,vnat,medium_seed2025,scp,rsync,52,229,0.22707423580786026
FULL_FLOW,S12,vnat,medium_seed2025,scp,scp,174,229,0.759825327510917
FULL_FLOW,S12,vnat,medium_seed2025,scp,skype,0,229,0.0
FULL_FLOW,S12,vnat,medium_seed2025,scp,ssh,1,229,0.004366812227074236
FULL_FLOW,S12,vnat,medium_seed2025,scp,youtube,2,229,0.008733624454148471
FULL_FLOW,S12,vnat,medium_seed2025,skype,netflix,0,126,0.0
FULL_FLOW,S12,vnat,medium_seed2025,skype,rdp,0,126,0.0
FULL_FLOW,S12,vnat,medium_seed2025,skype,rsync,0,126,0.0
FULL_FLOW,S12,vnat,medium_seed2025,skype,scp,0,126,0.0
FULL_FLOW,S12,vnat,medium_seed2025,skype,skype,125,126,0.9920634920634921
FULL_FLOW,S12,vnat,medium_seed2025,skype,ssh,0,126,0.0
FULL_FLOW,S12,vnat,medium_seed2025,skype,youtube,1,126,0.007936507936507936
FULL_FLOW,S12,vnat,medium_seed2025,ssh,netflix,0,1356,0.0
FULL_FLOW,S12,vnat,medium_seed2025,ssh,rdp,0,1356,0.0
FULL_FLOW,S12,vnat,medium_seed2025,ssh,rsync,0,1356,0.0
FULL_FLOW,S12,vnat,medium_seed2025,ssh,scp,1,1356,0.0007374631268436578
FULL_FLOW,S12,vnat,medium_seed2025,ssh,skype,0,1356,0.0
FULL_FLOW,S12,vnat,medium_seed2025,ssh,ssh,1354,1356,0.9985250737463127
FULL_FLOW,S12,vnat,medium_seed2025,ssh,youtube,1,1356,0.0007374631268436578
FULL_FLOW,S12,vnat,medium_seed2025,youtube,netflix,2,34,0.058823529411764705
FULL_FLOW,S12,vnat,medium_seed2025,youtube,rdp,0,34,0.0
FULL_FLOW,S12,vnat,medium_seed2025,youtube,rsync,0,34,0.0
FULL_FLOW,S12,vnat,medium_seed2025,youtube,scp,0,34,0.0
FULL_FLOW,S12,vnat,medium_seed2025,youtube,skype,0,34,0.0
FULL_FLOW,S12,vnat,medium_seed2025,youtube,ssh,1,34,0.029411764705882353
FULL_FLOW,S12,vnat,medium_seed2025,youtube,youtube,31,34,0.9117647058823529
FULL_FLOW,S12,vnat,medium_seed2026,netflix,netflix,10,20,0.5
FULL_FLOW,S12,vnat,medium_seed2026,netflix,rdp,0,20,0.0
FULL_FLOW,S12,vnat,medium_seed2026,netflix,rsync,0,20,0.0
FULL_FLOW,S12,vnat,medium_seed2026,netflix,skype,0,20,0.0
FULL_FLOW,S12,vnat,medium_seed2026,netflix,ssh,0,20,0.0
FULL_FLOW,S12,vnat,medium_seed2026,netflix,vimeo,10,20,0.5
FULL_FLOW,S12,vnat,medium_seed2026,netflix,zoiper,0,20,0.0
FULL_FLOW,S12,vnat,medium_seed2026,rdp,netflix,0,4,0.0
FULL_FLOW,S12,vnat,medium_seed2026,rdp,rdp,1,4,0.25
FULL_FLOW,S12,vnat,medium_seed2026,rdp,rsync,0,4,0.0
FULL_FLOW,S12,vnat,medium_seed2026,rdp,skype,1,4,0.25
FULL_FLOW,S12,vnat,medium_seed2026,rdp,ssh,2,4,0.5
FULL_FLOW,S12,vnat,medium_seed2026,rdp,vimeo,0,4,0.0
FULL_FLOW,S12,vnat,medium_seed2026,rdp,zoiper,0,4,0.0
FULL_FLOW,S12,vnat,medium_seed2026,rsync,netflix,0,191,0.0
FULL_FLOW,S12,vnat,medium_seed2026,rsync,rdp,0,191,0.0
FULL_FLOW,S12,vnat,medium_seed2026,rsync,rsync,190,191,0.9947643979057592
FULL_FLOW,S12,vnat,medium_seed2026,rsync,skype,0,191,0.0
FULL_FLOW,S12,vnat,medium_seed2026,rsync,ssh,0,191,0.0
FULL_FLOW,S12,vnat,medium_seed2026,rsync,vimeo,1,191,0.005235602094240838
FULL_FLOW,S12,vnat,medium_seed2026,rsync,zoiper,0,191,0.0
FULL_FLOW,S12,vnat,medium_seed2026,skype,netflix,0,126,0.0
FULL_FLOW,S12,vnat,medium_seed2026,skype,rdp,0,126,0.0
FULL_FLOW,S12,vnat,medium_seed2026,skype,rsync,0,126,0.0
FULL_FLOW,S12,vnat,medium_seed2026,skype,skype,126,126,1.0
FULL_FLOW,S12,vnat,medium_seed2026,skype,ssh,0,126,0.0
FULL_FLOW,S12,vnat,medium_seed2026,skype,vimeo,0,126,0.0
FULL_FLOW,S12,vnat,medium_seed2026,skype,zoiper,0,126,0.0
FULL_FLOW,S12,vnat,medium_seed2026,ssh,netflix,0,1356,0.0
FULL_FLOW,S12,vnat,medium_seed2026,ssh,rdp,0,1356,0.0
FULL_FLOW,S12,vnat,medium_seed2026,ssh,rsync,0,1356,0.0
FULL_FLOW,S12,vnat,medium_seed2026,ssh,skype,0,1356,0.0
FULL_FLOW,S12,vnat,medium_seed2026,ssh,ssh,1356,1356,1.0
FULL_FLOW,S12,vnat,medium_seed2026,ssh,vimeo,0,1356,0.0
FULL_FLOW,S12,vnat,medium_seed2026,ssh,zoiper,0,1356,0.0
FULL_FLOW,S12,vnat,medium_seed2026,vimeo,netflix,3,121,0.024793388429752067
FULL_FLOW,S12,vnat,medium_seed2026,vimeo,rdp,0,121,0.0
FULL_FLOW,S12,vnat,medium_seed2026,vimeo,rsync,0,121,0.0
FULL_FLOW,S12,vnat,medium_seed2026,vimeo,skype,0,121,0.0
FULL_FLOW,S12,vnat,medium_seed2026,vimeo,ssh,2,121,0.01652892561983471
FULL_FLOW,S12,vnat,medium_seed2026,vimeo,vimeo,116,121,0.9586776859504132
FULL_FLOW,S12,vnat,medium_seed2026,vimeo,zoiper,0,121,0.0
FULL_FLOW,S12,vnat,medium_seed2026,zoiper,netflix,0,93,0.0
FULL_FLOW,S12,vnat,medium_seed2026,zoiper,rdp,0,93,0.0
FULL_FLOW,S12,vnat,medium_seed2026,zoiper,rsync,1,93,0.010752688172043012
FULL_FLOW,S12,vnat,medium_seed2026,zoiper,skype,0,93,0.0
FULL_FLOW,S12,vnat,medium_seed2026,zoiper,ssh,0,93,0.0
FULL_FLOW,S12,vnat,medium_seed2026,zoiper,vimeo,0,93,0.0
FULL_FLOW,S12,vnat,medium_seed2026,zoiper,zoiper,92,93,0.989247311827957
FULL_FLOW,S12,ustc,A-2,Gmail,Gmail,691,863,0.8006952491309386
FULL_FLOW,S12,ustc,A-2,Gmail,FTP,52,863,0.06025492468134415
FULL_FLOW,S12,ustc,A-2,Gmail,Nsis-ay,0,863,0.0
FULL_FLOW,S12,ustc,A-2,Gmail,Facetime,0,863,0.0
FULL_FLOW,S12,ustc,A-2,Gmail,Weibo,0,863,0.0
FULL_FLOW,S12,ustc,A-2,Gmail,Cridex,0,863,0.0
FULL_FLOW,S12,ustc,A-2,Gmail,Zeus,0,863,0.0
FULL_FLOW,S12,ustc,A-2,Gmail,SMB,2,863,0.002317497103128621
FULL_FLOW,S12,ustc,A-2,Gmail,BitTorrent,5,863,0.005793742757821553
FULL_FLOW,S12,ustc,A-2,Gmail,WorldOfWarcraft,0,863,0.0
FULL_FLOW,S12,ustc,A-2,Gmail,Shifu,0,863,0.0
FULL_FLOW,S12,ustc,A-2,Gmail,Outlook,58,863,0.06720741599073002
FULL_FLOW,S12,ustc,A-2,Gmail,Virut,0,863,0.0
FULL_FLOW,S12,ustc,A-2,Gmail,MySQL,49,863,0.056778679026651215
FULL_FLOW,S12,ustc,A-2,Gmail,Skype,6,863,0.006952491309385863
FULL_FLOW,S12,ustc,A-2,Gmail,Miuref,0,863,0.0
FULL_FLOW,S12,ustc,A-2,Gmail,Neris,0,863,0.0
FULL_FLOW,S12,ustc,A-2,FTP,Gmail,7,10103,0.0006928635058893398
FULL_FLOW,S12,ustc,A-2,FTP,FTP,9816,10103,0.9715925962585371
FULL_FLOW,S12,ustc,A-2,FTP,Nsis-ay,0,10103,0.0
FULL_FLOW,S12,ustc,A-2,FTP,Facetime,0,10103,0.0
FULL_FLOW,S12,ustc,A-2,FTP,Weibo,0,10103,0.0
FULL_FLOW,S12,ustc,A-2,FTP,Cridex,0,10103,0.0
FULL_FLOW,S12,ustc,A-2,FTP,Zeus,0,10103,0.0
FULL_FLOW,S12,ustc,A-2,FTP,SMB,0,10103,0.0
FULL_FLOW,S12,ustc,A-2,FTP,BitTorrent,0,10103,0.0
FULL_FLOW,S12,ustc,A-2,FTP,WorldOfWarcraft,0,10103,0.0
FULL_FLOW,S12,ustc,A-2,FTP,Shifu,0,10103,0.0
FULL_FLOW,S12,ustc,A-2,FTP,Outlook,0,10103,0.0
FULL_FLOW,S12,ustc,A-2,FTP,Virut,0,10103,0.0
FULL_FLOW,S12,ustc,A-2,FTP,MySQL,278,10103,0.027516579233890923
FULL_FLOW,S12,ustc,A-2,FTP,Skype,1,10103,9.898050084133426e-05
FULL_FLOW,S12,ustc,A-2,FTP,Miuref,0,10103,0.0
FULL_FLOW,S12,ustc,A-2,FTP,Neris,1,10103,9.898050084133426e-05
FULL_FLOW,S12,ustc,A-2,Nsis-ay,Gmail,0,607,0.0
FULL_FLOW,S12,ustc,A-2,Nsis-ay,FTP,0,607,0.0
FULL_FLOW,S12,ustc,A-2,Nsis-ay,Nsis-ay,590,607,0.9719934102141681
FULL_FLOW,S12,ustc,A-2,Nsis-ay,Facetime,0,607,0.0
FULL_FLOW,S12,ustc,A-2,Nsis-ay,Weibo,0,607,0.0
FULL_FLOW,S12,ustc,A-2,Nsis-ay,Cridex,0,607,0.0
FULL_FLOW,S12,ustc,A-2,Nsis-ay,Zeus,0,607,0.0
FULL_FLOW,S12,ustc,A-2,Nsis-ay,SMB,0,607,0.0
FULL_FLOW,S12,ustc,A-2,Nsis-ay,BitTorrent,0,607,0.0
FULL_FLOW,S12,ustc,A-2,Nsis-ay,WorldOfWarcraft,0,607,0.0
FULL_FLOW,S12,ustc,A-2,Nsis-ay,Shifu,0,607,0.0
FULL_FLOW,S12,ustc,A-2,Nsis-ay,Outlook,0,607,0.0
FULL_FLOW,S12,ustc,A-2,Nsis-ay,Virut,8,607,0.013179571663920923
FULL_FLOW,S12,ustc,A-2,Nsis-ay,MySQL,0,607,0.0
FULL_FLOW,S12,ustc,A-2,Nsis-ay,Skype,0,607,0.0
FULL_FLOW,S12,ustc,A-2,Nsis-ay,Miuref,0,607,0.0
FULL_FLOW,S12,ustc,A-2,Nsis-ay,Neris,9,607,0.014827018121911038
FULL_FLOW,S12,ustc,A-2,Facetime,Gmail,0,600,0.0
FULL_FLOW,S12,ustc,A-2,Facetime,FTP,0,600,0.0
FULL_FLOW,S12,ustc,A-2,Facetime,Nsis-ay,0,600,0.0
FULL_FLOW,S12,ustc,A-2,Facetime,Facetime,600,600,1.0
FULL_FLOW,S12,ustc,A-2,Facetime,Weibo,0,600,0.0
FULL_FLOW,S12,ustc,A-2,Facetime,Cridex,0,600,0.0
FULL_FLOW,S12,ustc,A-2,Facetime,Zeus,0,600,0.0
FULL_FLOW,S12,ustc,A-2,Facetime,SMB,0,600,0.0
FULL_FLOW,S12,ustc,A-2,Facetime,BitTorrent,0,600,0.0
FULL_FLOW,S12,ustc,A-2,Facetime,WorldOfWarcraft,0,600,0.0
FULL_FLOW,S12,ustc,A-2,Facetime,Shifu,0,600,0.0
FULL_FLOW,S12,ustc,A-2,Facetime,Outlook,0,600,0.0
FULL_FLOW,S12,ustc,A-2,Facetime,Virut,0,600,0.0
FULL_FLOW,S12,ustc,A-2,Facetime,MySQL,0,600,0.0
FULL_FLOW,S12,ustc,A-2,Facetime,Skype,0,600,0.0
FULL_FLOW,S12,ustc,A-2,Facetime,Miuref,0,600,0.0
FULL_FLOW,S12,ustc,A-2,Facetime,Neris,0,600,0.0
FULL_FLOW,S12,ustc,A-2,Weibo,Gmail,0,3995,0.0
FULL_FLOW,S12,ustc,A-2,Weibo,FTP,0,3995,0.0
FULL_FLOW,S12,ustc,A-2,Weibo,Nsis-ay,0,3995,0.0
FULL_FLOW,S12,ustc,A-2,Weibo,Facetime,0,3995,0.0
FULL_FLOW,S12,ustc,A-2,Weibo,Weibo,3272,3995,0.8190237797246558
FULL_FLOW,S12,ustc,A-2,Weibo,Cridex,0,3995,0.0
FULL_FLOW,S12,ustc,A-2,Weibo,Zeus,0,3995,0.0
FULL_FLOW,S12,ustc,A-2,Weibo,SMB,715,3995,0.17897371714643304
FULL_FLOW,S12,ustc,A-2,Weibo,BitTorrent,0,3995,0.0
FULL_FLOW,S12,ustc,A-2,Weibo,WorldOfWarcraft,0,3995,0.0
FULL_FLOW,S12,ustc,A-2,Weibo,Shifu,0,3995,0.0
FULL_FLOW,S12,ustc,A-2,Weibo,Outlook,0,3995,0.0
FULL_FLOW,S12,ustc,A-2,Weibo,Virut,0,3995,0.0
FULL_FLOW,S12,ustc,A-2,Weibo,MySQL,0,3995,0.0
FULL_FLOW,S12,ustc,A-2,Weibo,Skype,8,3995,0.002002503128911139
FULL_FLOW,S12,ustc,A-2,Weibo,Miuref,0,3995,0.0
FULL_FLOW,S12,ustc,A-2,Weibo,Neris,0,3995,0.0
FULL_FLOW,S12,ustc,A-2,Cridex,Gmail,0,1638,0.0
FULL_FLOW,S12,ustc,A-2,Cridex,FTP,0,1638,0.0
FULL_FLOW,S12,ustc,A-2,Cridex,Nsis-ay,0,1638,0.0
FULL_FLOW,S12,ustc,A-2,Cridex,Facetime,0,1638,0.0
FULL_FLOW,S12,ustc,A-2,Cridex,Weibo,0,1638,0.0
FULL_FLOW,S12,ustc,A-2,Cridex,Cridex,1638,1638,1.0
FULL_FLOW,S12,ustc,A-2,Cridex,Zeus,0,1638,0.0
FULL_FLOW,S12,ustc,A-2,Cridex,SMB,0,1638,0.0
FULL_FLOW,S12,ustc,A-2,Cridex,BitTorrent,0,1638,0.0
FULL_FLOW,S12,ustc,A-2,Cridex,WorldOfWarcraft,0,1638,0.0
FULL_FLOW,S12,ustc,A-2,Cridex,Shifu,0,1638,0.0
FULL_FLOW,S12,ustc,A-2,Cridex,Outlook,0,1638,0.0
FULL_FLOW,S12,ustc,A-2,Cridex,Virut,0,1638,0.0
FULL_FLOW,S12,ustc,A-2,Cridex,MySQL,0,1638,0.0
FULL_FLOW,S12,ustc,A-2,Cridex,Skype,0,1638,0.0
FULL_FLOW,S12,ustc,A-2,Cridex,Miuref,0,1638,0.0
FULL_FLOW,S12,ustc,A-2,Cridex,Neris,0,1638,0.0
FULL_FLOW,S12,ustc,A-2,Zeus,Gmail,0,1097,0.0
FULL_FLOW,S12,ustc,A-2,Zeus,FTP,0,1097,0.0
FULL_FLOW,S12,ustc,A-2,Zeus,Nsis-ay,3,1097,0.0027347310847766638
FULL_FLOW,S12,ustc,A-2,Zeus,Facetime,0,1097,0.0
FULL_FLOW,S12,ustc,A-2,Zeus,Weibo,0,1097,0.0
FULL_FLOW,S12,ustc,A-2,Zeus,Cridex,0,1097,0.0
FULL_FLOW,S12,ustc,A-2,Zeus,Zeus,1089,1097,0.9927073837739289
FULL_FLOW,S12,ustc,A-2,Zeus,SMB,0,1097,0.0
FULL_FLOW,S12,ustc,A-2,Zeus,BitTorrent,0,1097,0.0
FULL_FLOW,S12,ustc,A-2,Zeus,WorldOfWarcraft,0,1097,0.0
FULL_FLOW,S12,ustc,A-2,Zeus,Shifu,0,1097,0.0
FULL_FLOW,S12,ustc,A-2,Zeus,Outlook,0,1097,0.0
FULL_FLOW,S12,ustc,A-2,Zeus,Virut,2,1097,0.0018231540565177757
FULL_FLOW,S12,ustc,A-2,Zeus,MySQL,0,1097,0.0
FULL_FLOW,S12,ustc,A-2,Zeus,Skype,0,1097,0.0
FULL_FLOW,S12,ustc,A-2,Zeus,Miuref,0,1097,0.0
FULL_FLOW,S12,ustc,A-2,Zeus,Neris,3,1097,0.0027347310847766638
FULL_FLOW,S12,ustc,A-2,SMB,Gmail,4,3893,0.0010274852298998202
FULL_FLOW,S12,ustc,A-2,SMB,FTP,0,3893,0.0
FULL_FLOW,S12,ustc,A-2,SMB,Nsis-ay,0,3893,0.0
FULL_FLOW,S12,ustc,A-2,SMB,Facetime,0,3893,0.0
FULL_FLOW,S12,ustc,A-2,SMB,Weibo,1208,3893,0.31030053942974567
FULL_FLOW,S12,ustc,A-2,SMB,Cridex,0,3893,0.0
FULL_FLOW,S12,ustc,A-2,SMB,Zeus,0,3893,0.0
FULL_FLOW,S12,ustc,A-2,SMB,SMB,2663,3893,0.6840482918058053
FULL_FLOW,S12,ustc,A-2,SMB,BitTorrent,1,3893,0.00025687130747495504
FULL_FLOW,S12,ustc,A-2,SMB,WorldOfWarcraft,0,3893,0.0
FULL_FLOW,S12,ustc,A-2,SMB,Shifu,0,3893,0.0
FULL_FLOW,S12,ustc,A-2,SMB,Outlook,0,3893,0.0
FULL_FLOW,S12,ustc,A-2,SMB,Virut,0,3893,0.0
FULL_FLOW,S12,ustc,A-2,SMB,MySQL,14,3893,0.0035961983046493705
FULL_FLOW,S12,ustc,A-2,SMB,Skype,3,3893,0.0007706139224248652
FULL_FLOW,S12,ustc,A-2,SMB,Miuref,0,3893,0.0
FULL_FLOW,S12,ustc,A-2,SMB,Neris,0,3893,0.0
FULL_FLOW,S12,ustc,A-2,BitTorrent,Gmail,0,752,0.0
FULL_FLOW,S12,ustc,A-2,BitTorrent,FTP,0,752,0.0
FULL_FLOW,S12,ustc,A-2,BitTorrent,Nsis-ay,0,752,0.0
FULL_FLOW,S12,ustc,A-2,BitTorrent,Facetime,0,752,0.0
FULL_FLOW,S12,ustc,A-2,BitTorrent,Weibo,0,752,0.0
FULL_FLOW,S12,ustc,A-2,BitTorrent,Cridex,0,752,0.0
FULL_FLOW,S12,ustc,A-2,BitTorrent,Zeus,0,752,0.0
FULL_FLOW,S12,ustc,A-2,BitTorrent,SMB,0,752,0.0
FULL_FLOW,S12,ustc,A-2,BitTorrent,BitTorrent,609,752,0.8098404255319149
FULL_FLOW,S12,ustc,A-2,BitTorrent,WorldOfWarcraft,0,752,0.0
FULL_FLOW,S12,ustc,A-2,BitTorrent,Shifu,0,752,0.0
FULL_FLOW,S12,ustc,A-2,BitTorrent,Outlook,140,752,0.18617021276595744
FULL_FLOW,S12,ustc,A-2,BitTorrent,Virut,0,752,0.0
FULL_FLOW,S12,ustc,A-2,BitTorrent,MySQL,0,752,0.0
FULL_FLOW,S12,ustc,A-2,BitTorrent,Skype,3,752,0.003989361702127659
FULL_FLOW,S12,ustc,A-2,BitTorrent,Miuref,0,752,0.0
FULL_FLOW,S12,ustc,A-2,BitTorrent,Neris,0,752,0.0
FULL_FLOW,S12,ustc,A-2,WorldOfWarcraft,Gmail,1,789,0.0012674271229404308
FULL_FLOW,S12,ustc,A-2,WorldOfWarcraft,FTP,2,789,0.0025348542458808617
FULL_FLOW,S12,ustc,A-2,WorldOfWarcraft,Nsis-ay,0,789,0.0
FULL_FLOW,S12,ustc,A-2,WorldOfWarcraft,Facetime,0,789,0.0
FULL_FLOW,S12,ustc,A-2,WorldOfWarcraft,Weibo,0,789,0.0
FULL_FLOW,S12,ustc,A-2,WorldOfWarcraft,Cridex,0,789,0.0
FULL_FLOW,S12,ustc,A-2,WorldOfWarcraft,Zeus,0,789,0.0
FULL_FLOW,S12,ustc,A-2,WorldOfWarcraft,SMB,0,789,0.0
FULL_FLOW,S12,ustc,A-2,WorldOfWarcraft,BitTorrent,0,789,0.0
FULL_FLOW,S12,ustc,A-2,WorldOfWarcraft,WorldOfWarcraft,786,789,0.9961977186311787
FULL_FLOW,S12,ustc,A-2,WorldOfWarcraft,Shifu,0,789,0.0
FULL_FLOW,S12,ustc,A-2,WorldOfWarcraft,Outlook,0,789,0.0
FULL_FLOW,S12,ustc,A-2,WorldOfWarcraft,Virut,0,789,0.0
FULL_FLOW,S12,ustc,A-2,WorldOfWarcraft,MySQL,0,789,0.0
FULL_FLOW,S12,ustc,A-2,WorldOfWarcraft,Skype,0,789,0.0
FULL_FLOW,S12,ustc,A-2,WorldOfWarcraft,Miuref,0,789,0.0
FULL_FLOW,S12,ustc,A-2,WorldOfWarcraft,Neris,0,789,0.0
FULL_FLOW,S12,ustc,A-2,Shifu,Gmail,0,963,0.0
FULL_FLOW,S12,ustc,A-2,Shifu,FTP,0,963,0.0
FULL_FLOW,S12,ustc,A-2,Shifu,Nsis-ay,0,963,0.0
FULL_FLOW,S12,ustc,A-2,Shifu,Facetime,0,963,0.0
FULL_FLOW,S12,ustc,A-2,Shifu,Weibo,0,963,0.0
FULL_FLOW,S12,ustc,A-2,Shifu,Cridex,0,963,0.0
FULL_FLOW,S12,ustc,A-2,Shifu,Zeus,1,963,0.0010384215991692627
FULL_FLOW,S12,ustc,A-2,Shifu,SMB,0,963,0.0
FULL_FLOW,S12,ustc,A-2,Shifu,BitTorrent,0,963,0.0
FULL_FLOW,S12,ustc,A-2,Shifu,WorldOfWarcraft,0,963,0.0
FULL_FLOW,S12,ustc,A-2,Shifu,Shifu,959,963,0.995846313603323
FULL_FLOW,S12,ustc,A-2,Shifu,Outlook,0,963,0.0
FULL_FLOW,S12,ustc,A-2,Shifu,Virut,0,963,0.0
FULL_FLOW,S12,ustc,A-2,Shifu,MySQL,0,963,0.0
FULL_FLOW,S12,ustc,A-2,Shifu,Skype,0,963,0.0
FULL_FLOW,S12,ustc,A-2,Shifu,Miuref,3,963,0.003115264797507788
FULL_FLOW,S12,ustc,A-2,Shifu,Neris,0,963,0.0
FULL_FLOW,S12,ustc,A-2,Outlook,Gmail,2,753,0.0026560424966799467
FULL_FLOW,S12,ustc,A-2,Outlook,FTP,0,753,0.0
FULL_FLOW,S12,ustc,A-2,Outlook,Nsis-ay,0,753,0.0
FULL_FLOW,S12,ustc,A-2,Outlook,Facetime,0,753,0.0
FULL_FLOW,S12,ustc,A-2,Outlook,Weibo,0,753,0.0
FULL_FLOW,S12,ustc,A-2,Outlook,Cridex,0,753,0.0
FULL_FLOW,S12,ustc,A-2,Outlook,Zeus,0,753,0.0
FULL_FLOW,S12,ustc,A-2,Outlook,SMB,1,753,0.0013280212483399733
FULL_FLOW,S12,ustc,A-2,Outlook,BitTorrent,34,753,0.0451527224435591
FULL_FLOW,S12,ustc,A-2,Outlook,WorldOfWarcraft,0,753,0.0
FULL_FLOW,S12,ustc,A-2,Outlook,Shifu,0,753,0.0
FULL_FLOW,S12,ustc,A-2,Outlook,Outlook,712,753,0.9455511288180611
FULL_FLOW,S12,ustc,A-2,Outlook,Virut,0,753,0.0
FULL_FLOW,S12,ustc,A-2,Outlook,MySQL,0,753,0.0
FULL_FLOW,S12,ustc,A-2,Outlook,Skype,4,753,0.005312084993359893
FULL_FLOW,S12,ustc,A-2,Outlook,Miuref,0,753,0.0
FULL_FLOW,S12,ustc,A-2,Outlook,Neris,0,753,0.0
FULL_FLOW,S12,ustc,A-2,Virut,Gmail,0,3310,0.0
FULL_FLOW,S12,ustc,A-2,Virut,FTP,0,3310,0.0
FULL_FLOW,S12,ustc,A-2,Virut,Nsis-ay,6,3310,0.0018126888217522659
FULL_FLOW,S12,ustc,A-2,Virut,Facetime,0,3310,0.0
FULL_FLOW,S12,ustc,A-2,Virut,Weibo,0,3310,0.0
FULL_FLOW,S12,ustc,A-2,Virut,Cridex,0,3310,0.0
FULL_FLOW,S12,ustc,A-2,Virut,Zeus,2,3310,0.0006042296072507553
FULL_FLOW,S12,ustc,A-2,Virut,SMB,0,3310,0.0
FULL_FLOW,S12,ustc,A-2,Virut,BitTorrent,0,3310,0.0
FULL_FLOW,S12,ustc,A-2,Virut,WorldOfWarcraft,0,3310,0.0
FULL_FLOW,S12,ustc,A-2,Virut,Shifu,0,3310,0.0
FULL_FLOW,S12,ustc,A-2,Virut,Outlook,0,3310,0.0
FULL_FLOW,S12,ustc,A-2,Virut,Virut,2774,3310,0.8380664652567976
FULL_FLOW,S12,ustc,A-2,Virut,MySQL,0,3310,0.0
FULL_FLOW,S12,ustc,A-2,Virut,Skype,1,3310,0.00030211480362537764
FULL_FLOW,S12,ustc,A-2,Virut,Miuref,0,3310,0.0
FULL_FLOW,S12,ustc,A-2,Virut,Neris,527,3310,0.159214501510574
FULL_FLOW,S12,ustc,A-2,MySQL,Gmail,5,8609,0.0005807875479149727
FULL_FLOW,S12,ustc,A-2,MySQL,FTP,235,8609,0.027297014752003718
FULL_FLOW,S12,ustc,A-2,MySQL,Nsis-ay,1,8609,0.00011615750958299454
FULL_FLOW,S12,ustc,A-2,MySQL,Facetime,0,8609,0.0
FULL_FLOW,S12,ustc,A-2,MySQL,Weibo,0,8609,0.0
FULL_FLOW,S12,ustc,A-2,MySQL,Cridex,0,8609,0.0
FULL_FLOW,S12,ustc,A-2,MySQL,Zeus,0,8609,0.0
FULL_FLOW,S12,ustc,A-2,MySQL,SMB,3,8609,0.0003484725287489836
FULL_FLOW,S12,ustc,A-2,MySQL,BitTorrent,0,8609,0.0
FULL_FLOW,S12,ustc,A-2,MySQL,WorldOfWarcraft,0,8609,0.0
FULL_FLOW,S12,ustc,A-2,MySQL,Shifu,0,8609,0.0
FULL_FLOW,S12,ustc,A-2,MySQL,Outlook,0,8609,0.0
FULL_FLOW,S12,ustc,A-2,MySQL,Virut,0,8609,0.0
FULL_FLOW,S12,ustc,A-2,MySQL,MySQL,8359,8609,0.9709606226042513
FULL_FLOW,S12,ustc,A-2,MySQL,Skype,6,8609,0.0006969450574979672
FULL_FLOW,S12,ustc,A-2,MySQL,Miuref,0,8609,0.0
FULL_FLOW,S12,ustc,A-2,MySQL,Neris,0,8609,0.0
FULL_FLOW,S12,ustc,A-2,Skype,Gmail,0,632,0.0
FULL_FLOW,S12,ustc,A-2,Skype,FTP,0,632,0.0
FULL_FLOW,S12,ustc,A-2,Skype,Nsis-ay,0,632,0.0
FULL_FLOW,S12,ustc,A-2,Skype,Facetime,0,632,0.0
FULL_FLOW,S12,ustc,A-2,Skype,Weibo,0,632,0.0
FULL_FLOW,S12,ustc,A-2,Skype,Cridex,0,632,0.0
FULL_FLOW,S12,ustc,A-2,Skype,Zeus,0,632,0.0
FULL_FLOW,S12,ustc,A-2,Skype,SMB,0,632,0.0
FULL_FLOW,S12,ustc,A-2,Skype,BitTorrent,0,632,0.0
FULL_FLOW,S12,ustc,A-2,Skype,WorldOfWarcraft,0,632,0.0
FULL_FLOW,S12,ustc,A-2,Skype,Shifu,0,632,0.0
FULL_FLOW,S12,ustc,A-2,Skype,Outlook,0,632,0.0
FULL_FLOW,S12,ustc,A-2,Skype,Virut,0,632,0.0
FULL_FLOW,S12,ustc,A-2,Skype,MySQL,0,632,0.0
FULL_FLOW,S12,ustc,A-2,Skype,Skype,632,632,1.0
FULL_FLOW,S12,ustc,A-2,Skype,Miuref,0,632,0.0
FULL_FLOW,S12,ustc,A-2,Skype,Neris,0,632,0.0
FULL_FLOW,S12,ustc,A-2,Miuref,Gmail,0,1348,0.0
FULL_FLOW,S12,ustc,A-2,Miuref,FTP,0,1348,0.0
FULL_FLOW,S12,ustc,A-2,Miuref,Nsis-ay,0,1348,0.0
FULL_FLOW,S12,ustc,A-2,Miuref,Facetime,0,1348,0.0
FULL_FLOW,S12,ustc,A-2,Miuref,Weibo,0,1348,0.0
FULL_FLOW,S12,ustc,A-2,Miuref,Cridex,0,1348,0.0
FULL_FLOW,S12,ustc,A-2,Miuref,Zeus,0,1348,0.0
FULL_FLOW,S12,ustc,A-2,Miuref,SMB,0,1348,0.0
FULL_FLOW,S12,ustc,A-2,Miuref,BitTorrent,0,1348,0.0
FULL_FLOW,S12,ustc,A-2,Miuref,WorldOfWarcraft,0,1348,0.0
FULL_FLOW,S12,ustc,A-2,Miuref,Shifu,0,1348,0.0
FULL_FLOW,S12,ustc,A-2,Miuref,Outlook,0,1348,0.0
FULL_FLOW,S12,ustc,A-2,Miuref,Virut,0,1348,0.0
FULL_FLOW,S12,ustc,A-2,Miuref,MySQL,0,1348,0.0
FULL_FLOW,S12,ustc,A-2,Miuref,Skype,17,1348,0.012611275964391691
FULL_FLOW,S12,ustc,A-2,Miuref,Miuref,1330,1348,0.9866468842729971
FULL_FLOW,S12,ustc,A-2,Miuref,Neris,1,1348,0.000741839762611276
FULL_FLOW,S12,ustc,A-2,Neris,Gmail,0,3379,0.0
FULL_FLOW,S12,ustc,A-2,Neris,FTP,2,3379,0.0005918910920390648
FULL_FLOW,S12,ustc,A-2,Neris,Nsis-ay,2,3379,0.0005918910920390648
FULL_FLOW,S12,ustc,A-2,Neris,Facetime,0,3379,0.0
FULL_FLOW,S12,ustc,A-2,Neris,Weibo,0,3379,0.0
FULL_FLOW,S12,ustc,A-2,Neris,Cridex,1,3379,0.0002959455460195324
FULL_FLOW,S12,ustc,A-2,Neris,Zeus,3,3379,0.0008878366380585972
FULL_FLOW,S12,ustc,A-2,Neris,SMB,0,3379,0.0
FULL_FLOW,S12,ustc,A-2,Neris,BitTorrent,0,3379,0.0
FULL_FLOW,S12,ustc,A-2,Neris,WorldOfWarcraft,0,3379,0.0
FULL_FLOW,S12,ustc,A-2,Neris,Shifu,1,3379,0.0002959455460195324
FULL_FLOW,S12,ustc,A-2,Neris,Outlook,0,3379,0.0
FULL_FLOW,S12,ustc,A-2,Neris,Virut,177,3379,0.05238236164545724
FULL_FLOW,S12,ustc,A-2,Neris,MySQL,0,3379,0.0
FULL_FLOW,S12,ustc,A-2,Neris,Skype,0,3379,0.0
FULL_FLOW,S12,ustc,A-2,Neris,Miuref,0,3379,0.0
FULL_FLOW,S12,ustc,A-2,Neris,Neris,3193,3379,0.944954128440367
FULL_FLOW,S-A,iscx_vpn,medium_seed2022,AIM,AIM,9,53,0.16981132075471697
FULL_FLOW,S-A,iscx_vpn,medium_seed2022,AIM,BitTorrent,2,53,0.03773584905660377
FULL_FLOW,S-A,iscx_vpn,medium_seed2022,AIM,Email,2,53,0.03773584905660377
FULL_FLOW,S-A,iscx_vpn,medium_seed2022,AIM,FTPS,2,53,0.03773584905660377
FULL_FLOW,S-A,iscx_vpn,medium_seed2022,AIM,Facebook,21,53,0.39622641509433965
FULL_FLOW,S-A,iscx_vpn,medium_seed2022,AIM,Gmail,3,53,0.05660377358490566
FULL_FLOW,S-A,iscx_vpn,medium_seed2022,AIM,ICQ,7,53,0.1320754716981132
FULL_FLOW,S-A,iscx_vpn,medium_seed2022,AIM,Netflix,0,53,0.0
FULL_FLOW,S-A,iscx_vpn,medium_seed2022,AIM,SCP,1,53,0.018867924528301886
FULL_FLOW,S-A,iscx_vpn,medium_seed2022,AIM,SFTP,1,53,0.018867924528301886
FULL_FLOW,S-A,iscx_vpn,medium_seed2022,AIM,Spotify,0,53,0.0
FULL_FLOW,S-A,iscx_vpn,medium_seed2022,AIM,Vimeo,1,53,0.018867924528301886
FULL_FLOW,S-A,iscx_vpn,medium_seed2022,AIM,VoIPBuster,4,53,0.07547169811320754
FULL_FLOW,S-A,iscx_vpn,medium_seed2022,BitTorrent,AIM,0,100,0.0
FULL_FLOW,S-A,iscx_vpn,medium_seed2022,BitTorrent,BitTorrent,94,100,0.94
FULL_FLOW,S-A,iscx_vpn,medium_seed2022,BitTorrent,Email,0,100,0.0
FULL_FLOW,S-A,iscx_vpn,medium_seed2022,BitTorrent,FTPS,2,100,0.02
FULL_FLOW,S-A,iscx_vpn,medium_seed2022,BitTorrent,Facebook,0,100,0.0
FULL_FLOW,S-A,iscx_vpn,medium_seed2022,BitTorrent,Gmail,0,100,0.0
FULL_FLOW,S-A,iscx_vpn,medium_seed2022,BitTorrent,ICQ,0,100,0.0
FULL_FLOW,S-A,iscx_vpn,medium_seed2022,BitTorrent,Netflix,1,100,0.01
FULL_FLOW,S-A,iscx_vpn,medium_seed2022,BitTorrent,SCP,0,100,0.0
FULL_FLOW,S-A,iscx_vpn,medium_seed2022,BitTorrent,SFTP,0,100,0.0
FULL_FLOW,S-A,iscx_vpn,medium_seed2022,BitTorrent,Spotify,1,100,0.01
FULL_FLOW,S-A,iscx_vpn,medium_seed2022,BitTorrent,Vimeo,0,100,0.0
FULL_FLOW,S-A,iscx_vpn,medium_seed2022,BitTorrent,VoIPBuster,2,100,0.02
FULL_FLOW,S-A,iscx_vpn,medium_seed2022,Email,AIM,3,200,0.015
FULL_FLOW,S-A,iscx_vpn,medium_seed2022,Email,BitTorrent,9,200,0.045
FULL_FLOW,S-A,iscx_vpn,medium_seed2022,Email,Email,72,200,0.36
FULL_FLOW,S-A,iscx_vpn,medium_seed2022,Email,FTPS,9,200,0.045
FULL_FLOW,S-A,iscx_vpn,medium_seed2022,Email,Facebook,77,200,0.385
FULL_FLOW,S-A,iscx_vpn,medium_seed2022,Email,Gmail,0,200,0.0
FULL_FLOW,S-A,iscx_vpn,medium_seed2022,Email,ICQ,5,200,0.025
FULL_FLOW,S-A,iscx_vpn,medium_seed2022,Email,Netflix,3,200,0.015
FULL_FLOW,S-A,iscx_vpn,medium_seed2022,Email,SCP,2,200,0.01
FULL_FLOW,S-A,iscx_vpn,medium_seed2022,Email,SFTP,0,200,0.0
FULL_FLOW,S-A,iscx_vpn,medium_seed2022,Email,Spotify,3,200,0.015
FULL_FLOW,S-A,iscx_vpn,medium_seed2022,Email,Vimeo,1,200,0.005
FULL_FLOW,S-A,iscx_vpn,medium_seed2022,Email,VoIPBuster,16,200,0.08
FULL_FLOW,S-A,iscx_vpn,medium_seed2022,FTPS,AIM,2,200,0.01
FULL_FLOW,S-A,iscx_vpn,medium_seed2022,FTPS,BitTorrent,22,200,0.11
FULL_FLOW,S-A,iscx_vpn,medium_seed2022,FTPS,Email,3,200,0.015
FULL_FLOW,S-A,iscx_vpn,medium_seed2022,FTPS,FTPS,150,200,0.75
FULL_FLOW,S-A,iscx_vpn,medium_seed2022,FTPS,Facebook,2,200,0.01
FULL_FLOW,S-A,iscx_vpn,medium_seed2022,FTPS,Gmail,0,200,0.0
FULL_FLOW,S-A,iscx_vpn,medium_seed2022,FTPS,ICQ,0,200,0.0
FULL_FLOW,S-A,iscx_vpn,medium_seed2022,FTPS,Netflix,0,200,0.0
FULL_FLOW,S-A,iscx_vpn,medium_seed2022,FTPS,SCP,3,200,0.015
FULL_FLOW,S-A,iscx_vpn,medium_seed2022,FTPS,SFTP,0,200,0.0
FULL_FLOW,S-A,iscx_vpn,medium_seed2022,FTPS,Spotify,1,200,0.005
FULL_FLOW,S-A,iscx_vpn,medium_seed2022,FTPS,Vimeo,0,200,0.0
FULL_FLOW,S-A,iscx_vpn,medium_seed2022,FTPS,VoIPBuster,17,200,0.085
FULL_FLOW,S-A,iscx_vpn,medium_seed2022,Facebook,AIM,5,200,0.025
FULL_FLOW,S-A,iscx_vpn,medium_seed2022,Facebook,BitTorrent,0,200,0.0
FULL_FLOW,S-A,iscx_vpn,medium_seed2022,Facebook,Email,10,200,0.05
FULL_FLOW,S-A,iscx_vpn,medium_seed2022,Facebook,FTPS,0,200,0.0
FULL_FLOW,S-A,iscx_vpn,medium_seed2022,Facebook,Facebook,143,200,0.715
FULL_FLOW,S-A,iscx_vpn,medium_seed2022,Facebook,Gmail,2,200,0.01
FULL_FLOW,S-A,iscx_vpn,medium_seed2022,Facebook,ICQ,2,200,0.01
FULL_FLOW,S-A,iscx_vpn,medium_seed2022,Facebook,Netflix,2,200,0.01
FULL_FLOW,S-A,iscx_vpn,medium_seed2022,Facebook,SCP,5,200,0.025
FULL_FLOW,S-A,iscx_vpn,medium_seed2022,Facebook,SFTP,0,200,0.0
FULL_FLOW,S-A,iscx_vpn,medium_seed2022,Facebook,Spotify,2,200,0.01
FULL_FLOW,S-A,iscx_vpn,medium_seed2022,Facebook,Vimeo,0,200,0.0
FULL_FLOW,S-A,iscx_vpn,medium_seed2022,Facebook,VoIPBuster,29,200,0.145
FULL_FLOW,S-A,iscx_vpn,medium_seed2022,Gmail,AIM,0,54,0.0
FULL_FLOW,S-A,iscx_vpn,medium_seed2022,Gmail,BitTorrent,0,54,0.0
FULL_FLOW,S-A,iscx_vpn,medium_seed2022,Gmail,Email,1,54,0.018518518518518517
FULL_FLOW,S-A,iscx_vpn,medium_seed2022,Gmail,FTPS,7,54,0.12962962962962962
FULL_FLOW,S-A,iscx_vpn,medium_seed2022,Gmail,Facebook,4,54,0.07407407407407407
FULL_FLOW,S-A,iscx_vpn,medium_seed2022,Gmail,Gmail,33,54,0.6111111111111112
FULL_FLOW,S-A,iscx_vpn,medium_seed2022,Gmail,ICQ,1,54,0.018518518518518517
FULL_FLOW,S-A,iscx_vpn,medium_seed2022,Gmail,Netflix,0,54,0.0
FULL_FLOW,S-A,iscx_vpn,medium_seed2022,Gmail,SCP,1,54,0.018518518518518517
FULL_FLOW,S-A,iscx_vpn,medium_seed2022,Gmail,SFTP,1,54,0.018518518518518517
FULL_FLOW,S-A,iscx_vpn,medium_seed2022,Gmail,Spotify,3,54,0.05555555555555555
FULL_FLOW,S-A,iscx_vpn,medium_seed2022,Gmail,Vimeo,1,54,0.018518518518518517
FULL_FLOW,S-A,iscx_vpn,medium_seed2022,Gmail,VoIPBuster,2,54,0.037037037037037035
FULL_FLOW,S-A,iscx_vpn,medium_seed2022,ICQ,AIM,8,53,0.1509433962264151
FULL_FLOW,S-A,iscx_vpn,medium_seed2022,ICQ,BitTorrent,0,53,0.0
FULL_FLOW,S-A,iscx_vpn,medium_seed2022,ICQ,Email,2,53,0.03773584905660377
FULL_FLOW,S-A,iscx_vpn,medium_seed2022,ICQ,FTPS,1,53,0.018867924528301886
FULL_FLOW,S-A,iscx_vpn,medium_seed2022,ICQ,Facebook,24,53,0.4528301886792453
FULL_FLOW,S-A,iscx_vpn,medium_seed2022,ICQ,Gmail,1,53,0.018867924528301886
FULL_FLOW,S-A,iscx_vpn,medium_seed2022,ICQ,ICQ,7,53,0.1320754716981132
FULL_FLOW,S-A,iscx_vpn,medium_seed2022,ICQ,Netflix,0,53,0.0
FULL_FLOW,S-A,iscx_vpn,medium_seed2022,ICQ,SCP,2,53,0.03773584905660377
FULL_FLOW,S-A,iscx_vpn,medium_seed2022,ICQ,SFTP,0,53,0.0
FULL_FLOW,S-A,iscx_vpn,medium_seed2022,ICQ,Spotify,3,53,0.05660377358490566
FULL_FLOW,S-A,iscx_vpn,medium_seed2022,ICQ,Vimeo,0,53,0.0
FULL_FLOW,S-A,iscx_vpn,medium_seed2022,ICQ,VoIPBuster,5,53,0.09433962264150944
FULL_FLOW,S-A,iscx_vpn,medium_seed2022,Netflix,AIM,1,118,0.00847457627118644
FULL_FLOW,S-A,iscx_vpn,medium_seed2022,Netflix,BitTorrent,29,118,0.2457627118644068
FULL_FLOW,S-A,iscx_vpn,medium_seed2022,Netflix,Email,0,118,0.0
FULL_FLOW,S-A,iscx_vpn,medium_seed2022,Netflix,FTPS,2,118,0.01694915254237288
FULL_FLOW,S-A,iscx_vpn,medium_seed2022,Netflix,Facebook,0,118,0.0
FULL_FLOW,S-A,iscx_vpn,medium_seed2022,Netflix,Gmail,0,118,0.0
FULL_FLOW,S-A,iscx_vpn,medium_seed2022,Netflix,ICQ,0,118,0.0
FULL_FLOW,S-A,iscx_vpn,medium_seed2022,Netflix,Netflix,59,118,0.5
FULL_FLOW,S-A,iscx_vpn,medium_seed2022,Netflix,SCP,2,118,0.01694915254237288
FULL_FLOW,S-A,iscx_vpn,medium_seed2022,Netflix,SFTP,0,118,0.0
FULL_FLOW,S-A,iscx_vpn,medium_seed2022,Netflix,Spotify,13,118,0.11016949152542373
FULL_FLOW,S-A,iscx_vpn,medium_seed2022,Netflix,Vimeo,12,118,0.1016949152542373
FULL_FLOW,S-A,iscx_vpn,medium_seed2022,Netflix,VoIPBuster,0,118,0.0
FULL_FLOW,S-A,iscx_vpn,medium_seed2022,SCP,AIM,2,200,0.01
FULL_FLOW,S-A,iscx_vpn,medium_seed2022,SCP,BitTorrent,0,200,0.0
FULL_FLOW,S-A,iscx_vpn,medium_seed2022,SCP,Email,10,200,0.05
FULL_FLOW,S-A,iscx_vpn,medium_seed2022,SCP,FTPS,10,200,0.05
FULL_FLOW,S-A,iscx_vpn,medium_seed2022,SCP,Facebook,74,200,0.37
FULL_FLOW,S-A,iscx_vpn,medium_seed2022,SCP,Gmail,0,200,0.0
FULL_FLOW,S-A,iscx_vpn,medium_seed2022,SCP,ICQ,1,200,0.005
FULL_FLOW,S-A,iscx_vpn,medium_seed2022,SCP,Netflix,33,200,0.165
FULL_FLOW,S-A,iscx_vpn,medium_seed2022,SCP,SCP,48,200,0.24
FULL_FLOW,S-A,iscx_vpn,medium_seed2022,SCP,SFTP,1,200,0.005
FULL_FLOW,S-A,iscx_vpn,medium_seed2022,SCP,Spotify,2,200,0.01
FULL_FLOW,S-A,iscx_vpn,medium_seed2022,SCP,Vimeo,1,200,0.005
FULL_FLOW,S-A,iscx_vpn,medium_seed2022,SCP,VoIPBuster,18,200,0.09
FULL_FLOW,S-A,iscx_vpn,medium_seed2022,SFTP,AIM,0,31,0.0
FULL_FLOW,S-A,iscx_vpn,medium_seed2022,SFTP,BitTorrent,3,31,0.0967741935483871
FULL_FLOW,S-A,iscx_vpn,medium_seed2022,SFTP,Email,3,31,0.0967741935483871
FULL_FLOW,S-A,iscx_vpn,medium_seed2022,SFTP,FTPS,6,31,0.1935483870967742
FULL_FLOW,S-A,iscx_vpn,medium_seed2022,SFTP,Facebook,0,31,0.0
FULL_FLOW,S-A,iscx_vpn,medium_seed2022,SFTP,Gmail,0,31,0.0
FULL_FLOW,S-A,iscx_vpn,medium_seed2022,SFTP,ICQ,0,31,0.0
FULL_FLOW,S-A,iscx_vpn,medium_seed2022,SFTP,Netflix,1,31,0.03225806451612903
FULL_FLOW,S-A,iscx_vpn,medium_seed2022,SFTP,SCP,1,31,0.03225806451612903
FULL_FLOW,S-A,iscx_vpn,medium_seed2022,SFTP,SFTP,12,31,0.3870967741935484
FULL_FLOW,S-A,iscx_vpn,medium_seed2022,SFTP,Spotify,4,31,0.12903225806451613
FULL_FLOW,S-A,iscx_vpn,medium_seed2022,SFTP,Vimeo,0,31,0.0
FULL_FLOW,S-A,iscx_vpn,medium_seed2022,SFTP,VoIPBuster,1,31,0.03225806451612903
FULL_FLOW,S-A,iscx_vpn,medium_seed2022,Spotify,AIM,0,79,0.0
FULL_FLOW,S-A,iscx_vpn,medium_seed2022,Spotify,BitTorrent,14,79,0.17721518987341772
FULL_FLOW,S-A,iscx_vpn,medium_seed2022,Spotify,Email,0,79,0.0
FULL_FLOW,S-A,iscx_vpn,medium_seed2022,Spotify,FTPS,3,79,0.0379746835443038
FULL_FLOW,S-A,iscx_vpn,medium_seed2022,Spotify,Facebook,0,79,0.0
FULL_FLOW,S-A,iscx_vpn,medium_seed2022,Spotify,Gmail,1,79,0.012658227848101266
FULL_FLOW,S-A,iscx_vpn,medium_seed2022,Spotify,ICQ,0,79,0.0
FULL_FLOW,S-A,iscx_vpn,medium_seed2022,Spotify,Netflix,19,79,0.24050632911392406
FULL_FLOW,S-A,iscx_vpn,medium_seed2022,Spotify,SCP,1,79,0.012658227848101266
FULL_FLOW,S-A,iscx_vpn,medium_seed2022,Spotify,SFTP,1,79,0.012658227848101266
FULL_FLOW,S-A,iscx_vpn,medium_seed2022,Spotify,Spotify,32,79,0.4050632911392405
FULL_FLOW,S-A,iscx_vpn,medium_seed2022,Spotify,Vimeo,6,79,0.0759493670886076
FULL_FLOW,S-A,iscx_vpn,medium_seed2022,Spotify,VoIPBuster,2,79,0.02531645569620253
FULL_FLOW,S-A,iscx_vpn,medium_seed2022,Vimeo,AIM,1,123,0.008130081300813009
FULL_FLOW,S-A,iscx_vpn,medium_seed2022,Vimeo,BitTorrent,10,123,0.08130081300813008
FULL_FLOW,S-A,iscx_vpn,medium_seed2022,Vimeo,Email,0,123,0.0
FULL_FLOW,S-A,iscx_vpn,medium_seed2022,Vimeo,FTPS,1,123,0.008130081300813009
FULL_FLOW,S-A,iscx_vpn,medium_seed2022,Vimeo,Facebook,0,123,0.0
FULL_FLOW,S-A,iscx_vpn,medium_seed2022,Vimeo,Gmail,1,123,0.008130081300813009
FULL_FLOW,S-A,iscx_vpn,medium_seed2022,Vimeo,ICQ,0,123,0.0
FULL_FLOW,S-A,iscx_vpn,medium_seed2022,Vimeo,Netflix,32,123,0.2601626016260163
FULL_FLOW,S-A,iscx_vpn,medium_seed2022,Vimeo,SCP,8,123,0.06504065040650407
FULL_FLOW,S-A,iscx_vpn,medium_seed2022,Vimeo,SFTP,1,123,0.008130081300813009
FULL_FLOW,S-A,iscx_vpn,medium_seed2022,Vimeo,Spotify,14,123,0.11382113821138211
FULL_FLOW,S-A,iscx_vpn,medium_seed2022,Vimeo,Vimeo,55,123,0.44715447154471544
FULL_FLOW,S-A,iscx_vpn,medium_seed2022,Vimeo,VoIPBuster,0,123,0.0
FULL_FLOW,S-A,iscx_vpn,medium_seed2022,VoIPBuster,AIM,1,200,0.005
FULL_FLOW,S-A,iscx_vpn,medium_seed2022,VoIPBuster,BitTorrent,0,200,0.0
FULL_FLOW,S-A,iscx_vpn,medium_seed2022,VoIPBuster,Email,8,200,0.04
FULL_FLOW,S-A,iscx_vpn,medium_seed2022,VoIPBuster,FTPS,40,200,0.2
FULL_FLOW,S-A,iscx_vpn,medium_seed2022,VoIPBuster,Facebook,41,200,0.205
FULL_FLOW,S-A,iscx_vpn,medium_seed2022,VoIPBuster,Gmail,1,200,0.005
FULL_FLOW,S-A,iscx_vpn,medium_seed2022,VoIPBuster,ICQ,4,200,0.02
FULL_FLOW,S-A,iscx_vpn,medium_seed2022,VoIPBuster,Netflix,1,200,0.005
FULL_FLOW,S-A,iscx_vpn,medium_seed2022,VoIPBuster,SCP,11,200,0.055
FULL_FLOW,S-A,iscx_vpn,medium_seed2022,VoIPBuster,SFTP,1,200,0.005
FULL_FLOW,S-A,iscx_vpn,medium_seed2022,VoIPBuster,Spotify,1,200,0.005
FULL_FLOW,S-A,iscx_vpn,medium_seed2022,VoIPBuster,Vimeo,0,200,0.0
FULL_FLOW,S-A,iscx_vpn,medium_seed2022,VoIPBuster,VoIPBuster,91,200,0.455
FULL_FLOW,S-A,iscx_tor,medium_seed2022,Browsing,Browsing,76,200,0.38
FULL_FLOW,S-A,iscx_tor,medium_seed2022,Browsing,Email,4,200,0.02
FULL_FLOW,S-A,iscx_tor,medium_seed2022,Browsing,FTP,89,200,0.445
FULL_FLOW,S-A,iscx_tor,medium_seed2022,Browsing,Facebook,0,200,0.0
FULL_FLOW,S-A,iscx_tor,medium_seed2022,Browsing,Hangouts,1,200,0.005
FULL_FLOW,S-A,iscx_tor,medium_seed2022,Browsing,Spotify,2,200,0.01
FULL_FLOW,S-A,iscx_tor,medium_seed2022,Browsing,Vimeo,4,200,0.02
FULL_FLOW,S-A,iscx_tor,medium_seed2022,Browsing,YouTube,24,200,0.12
FULL_FLOW,S-A,iscx_tor,medium_seed2022,Email,Browsing,3,54,0.05555555555555555
FULL_FLOW,S-A,iscx_tor,medium_seed2022,Email,Email,31,54,0.5740740740740741
FULL_FLOW,S-A,iscx_tor,medium_seed2022,Email,FTP,19,54,0.35185185185185186
FULL_FLOW,S-A,iscx_tor,medium_seed2022,Email,Facebook,0,54,0.0
FULL_FLOW,S-A,iscx_tor,medium_seed2022,Email,Hangouts,0,54,0.0
FULL_FLOW,S-A,iscx_tor,medium_seed2022,Email,Spotify,0,54,0.0
FULL_FLOW,S-A,iscx_tor,medium_seed2022,Email,Vimeo,0,54,0.0
FULL_FLOW,S-A,iscx_tor,medium_seed2022,Email,YouTube,1,54,0.018518518518518517
FULL_FLOW,S-A,iscx_tor,medium_seed2022,FTP,Browsing,1,200,0.005
FULL_FLOW,S-A,iscx_tor,medium_seed2022,FTP,Email,0,200,0.0
FULL_FLOW,S-A,iscx_tor,medium_seed2022,FTP,FTP,196,200,0.98
FULL_FLOW,S-A,iscx_tor,medium_seed2022,FTP,Facebook,0,200,0.0
FULL_FLOW,S-A,iscx_tor,medium_seed2022,FTP,Hangouts,1,200,0.005
FULL_FLOW,S-A,iscx_tor,medium_seed2022,FTP,Spotify,0,200,0.0
FULL_FLOW,S-A,iscx_tor,medium_seed2022,FTP,Vimeo,1,200,0.005
FULL_FLOW,S-A,iscx_tor,medium_seed2022,FTP,YouTube,1,200,0.005
FULL_FLOW,S-A,iscx_tor,medium_seed2022,Facebook,Browsing,2,85,0.023529411764705882
FULL_FLOW,S-A,iscx_tor,medium_seed2022,Facebook,Email,1,85,0.011764705882352941
FULL_FLOW,S-A,iscx_tor,medium_seed2022,Facebook,FTP,35,85,0.4117647058823529
FULL_FLOW,S-A,iscx_tor,medium_seed2022,Facebook,Facebook,28,85,0.32941176470588235
FULL_FLOW,S-A,iscx_tor,medium_seed2022,Facebook,Hangouts,3,85,0.03529411764705882
FULL_FLOW,S-A,iscx_tor,medium_seed2022,Facebook,Spotify,0,85,0.0
FULL_FLOW,S-A,iscx_tor,medium_seed2022,Facebook,Vimeo,6,85,0.07058823529411765
FULL_FLOW,S-A,iscx_tor,medium_seed2022,Facebook,YouTube,10,85,0.11764705882352941
FULL_FLOW,S-A,iscx_tor,medium_seed2022,Hangouts,Browsing,4,69,0.057971014492753624
FULL_FLOW,S-A,iscx_tor,medium_seed2022,Hangouts,Email,0,69,0.0
FULL_FLOW,S-A,iscx_tor,medium_seed2022,Hangouts,FTP,26,69,0.37681159420289856
FULL_FLOW,S-A,iscx_tor,medium_seed2022,Hangouts,Facebook,2,69,0.028985507246376812
FULL_FLOW,S-A,iscx_tor,medium_seed2022,Hangouts,Hangouts,17,69,0.2463768115942029
FULL_FLOW,S-A,iscx_tor,medium_seed2022,Hangouts,Spotify,1,69,0.014492753623188406
FULL_FLOW,S-A,iscx_tor,medium_seed2022,Hangouts,Vimeo,12,69,0.17391304347826086
FULL_FLOW,S-A,iscx_tor,medium_seed2022,Hangouts,YouTube,7,69,0.10144927536231885
FULL_FLOW,S-A,iscx_tor,medium_seed2022,Spotify,Browsing,0,147,0.0
FULL_FLOW,S-A,iscx_tor,medium_seed2022,Spotify,Email,0,147,0.0
FULL_FLOW,S-A,iscx_tor,medium_seed2022,Spotify,FTP,73,147,0.4965986394557823
FULL_FLOW,S-A,iscx_tor,medium_seed2022,Spotify,Facebook,4,147,0.027210884353741496
FULL_FLOW,S-A,iscx_tor,medium_seed2022,Spotify,Hangouts,2,147,0.013605442176870748
FULL_FLOW,S-A,iscx_tor,medium_seed2022,Spotify,Spotify,62,147,0.4217687074829932
FULL_FLOW,S-A,iscx_tor,medium_seed2022,Spotify,Vimeo,6,147,0.04081632653061224
FULL_FLOW,S-A,iscx_tor,medium_seed2022,Spotify,YouTube,0,147,0.0
FULL_FLOW,S-A,iscx_tor,medium_seed2022,Vimeo,Browsing,5,152,0.03289473684210526
FULL_FLOW,S-A,iscx_tor,medium_seed2022,Vimeo,Email,0,152,0.0
FULL_FLOW,S-A,iscx_tor,medium_seed2022,Vimeo,FTP,55,152,0.3618421052631579
FULL_FLOW,S-A,iscx_tor,medium_seed2022,Vimeo,Facebook,1,152,0.006578947368421052
FULL_FLOW,S-A,iscx_tor,medium_seed2022,Vimeo,Hangouts,4,152,0.02631578947368421
FULL_FLOW,S-A,iscx_tor,medium_seed2022,Vimeo,Spotify,7,152,0.046052631578947366
FULL_FLOW,S-A,iscx_tor,medium_seed2022,Vimeo,Vimeo,58,152,0.3815789473684211
FULL_FLOW,S-A,iscx_tor,medium_seed2022,Vimeo,YouTube,22,152,0.14473684210526316
FULL_FLOW,S-A,iscx_tor,medium_seed2022,YouTube,Browsing,14,200,0.07
FULL_FLOW,S-A,iscx_tor,medium_seed2022,YouTube,Email,1,200,0.005
FULL_FLOW,S-A,iscx_tor,medium_seed2022,YouTube,FTP,73,200,0.365
FULL_FLOW,S-A,iscx_tor,medium_seed2022,YouTube,Facebook,0,200,0.0
FULL_FLOW,S-A,iscx_tor,medium_seed2022,YouTube,Hangouts,5,200,0.025
FULL_FLOW,S-A,iscx_tor,medium_seed2022,YouTube,Spotify,1,200,0.005
FULL_FLOW,S-A,iscx_tor,medium_seed2022,YouTube,Vimeo,18,200,0.09
FULL_FLOW,S-A,iscx_tor,medium_seed2022,YouTube,YouTube,88,200,0.44
FULL_FLOW,S-A,vnat,medium_seed2025,netflix,netflix,16,20,0.8
FULL_FLOW,S-A,vnat,medium_seed2025,netflix,rdp,0,20,0.0
FULL_FLOW,S-A,vnat,medium_seed2025,netflix,rsync,0,20,0.0
FULL_FLOW,S-A,vnat,medium_seed2025,netflix,scp,0,20,0.0
FULL_FLOW,S-A,vnat,medium_seed2025,netflix,skype,0,20,0.0
FULL_FLOW,S-A,vnat,medium_seed2025,netflix,ssh,0,20,0.0
FULL_FLOW,S-A,vnat,medium_seed2025,netflix,youtube,4,20,0.2
FULL_FLOW,S-A,vnat,medium_seed2025,rdp,netflix,0,4,0.0
FULL_FLOW,S-A,vnat,medium_seed2025,rdp,rdp,2,4,0.5
FULL_FLOW,S-A,vnat,medium_seed2025,rdp,rsync,0,4,0.0
FULL_FLOW,S-A,vnat,medium_seed2025,rdp,scp,0,4,0.0
FULL_FLOW,S-A,vnat,medium_seed2025,rdp,skype,0,4,0.0
FULL_FLOW,S-A,vnat,medium_seed2025,rdp,ssh,1,4,0.25
FULL_FLOW,S-A,vnat,medium_seed2025,rdp,youtube,1,4,0.25
FULL_FLOW,S-A,vnat,medium_seed2025,rsync,netflix,0,191,0.0
FULL_FLOW,S-A,vnat,medium_seed2025,rsync,rdp,0,191,0.0
FULL_FLOW,S-A,vnat,medium_seed2025,rsync,rsync,63,191,0.3298429319371728
FULL_FLOW,S-A,vnat,medium_seed2025,rsync,scp,128,191,0.6701570680628273
FULL_FLOW,S-A,vnat,medium_seed2025,rsync,skype,0,191,0.0
FULL_FLOW,S-A,vnat,medium_seed2025,rsync,ssh,0,191,0.0
FULL_FLOW,S-A,vnat,medium_seed2025,rsync,youtube,0,191,0.0
FULL_FLOW,S-A,vnat,medium_seed2025,scp,netflix,0,229,0.0
FULL_FLOW,S-A,vnat,medium_seed2025,scp,rdp,0,229,0.0
FULL_FLOW,S-A,vnat,medium_seed2025,scp,rsync,49,229,0.21397379912663755
FULL_FLOW,S-A,vnat,medium_seed2025,scp,scp,177,229,0.7729257641921398
FULL_FLOW,S-A,vnat,medium_seed2025,scp,skype,0,229,0.0
FULL_FLOW,S-A,vnat,medium_seed2025,scp,ssh,1,229,0.004366812227074236
FULL_FLOW,S-A,vnat,medium_seed2025,scp,youtube,2,229,0.008733624454148471
FULL_FLOW,S-A,vnat,medium_seed2025,skype,netflix,0,126,0.0
FULL_FLOW,S-A,vnat,medium_seed2025,skype,rdp,0,126,0.0
FULL_FLOW,S-A,vnat,medium_seed2025,skype,rsync,0,126,0.0
FULL_FLOW,S-A,vnat,medium_seed2025,skype,scp,0,126,0.0
FULL_FLOW,S-A,vnat,medium_seed2025,skype,skype,125,126,0.9920634920634921
FULL_FLOW,S-A,vnat,medium_seed2025,skype,ssh,0,126,0.0
FULL_FLOW,S-A,vnat,medium_seed2025,skype,youtube,1,126,0.007936507936507936
FULL_FLOW,S-A,vnat,medium_seed2025,ssh,netflix,0,1356,0.0
FULL_FLOW,S-A,vnat,medium_seed2025,ssh,rdp,0,1356,0.0
FULL_FLOW,S-A,vnat,medium_seed2025,ssh,rsync,0,1356,0.0
FULL_FLOW,S-A,vnat,medium_seed2025,ssh,scp,1,1356,0.0007374631268436578
FULL_FLOW,S-A,vnat,medium_seed2025,ssh,skype,0,1356,0.0
FULL_FLOW,S-A,vnat,medium_seed2025,ssh,ssh,1354,1356,0.9985250737463127
FULL_FLOW,S-A,vnat,medium_seed2025,ssh,youtube,1,1356,0.0007374631268436578
FULL_FLOW,S-A,vnat,medium_seed2025,youtube,netflix,2,34,0.058823529411764705
FULL_FLOW,S-A,vnat,medium_seed2025,youtube,rdp,0,34,0.0
FULL_FLOW,S-A,vnat,medium_seed2025,youtube,rsync,0,34,0.0
FULL_FLOW,S-A,vnat,medium_seed2025,youtube,scp,0,34,0.0
FULL_FLOW,S-A,vnat,medium_seed2025,youtube,skype,0,34,0.0
FULL_FLOW,S-A,vnat,medium_seed2025,youtube,ssh,1,34,0.029411764705882353
FULL_FLOW,S-A,vnat,medium_seed2025,youtube,youtube,31,34,0.9117647058823529
FULL_FLOW,S-A,vnat,medium_seed2026,netflix,netflix,11,20,0.55
FULL_FLOW,S-A,vnat,medium_seed2026,netflix,rdp,0,20,0.0
FULL_FLOW,S-A,vnat,medium_seed2026,netflix,rsync,0,20,0.0
FULL_FLOW,S-A,vnat,medium_seed2026,netflix,skype,0,20,0.0
FULL_FLOW,S-A,vnat,medium_seed2026,netflix,ssh,0,20,0.0
FULL_FLOW,S-A,vnat,medium_seed2026,netflix,vimeo,9,20,0.45
FULL_FLOW,S-A,vnat,medium_seed2026,netflix,zoiper,0,20,0.0
FULL_FLOW,S-A,vnat,medium_seed2026,rdp,netflix,0,4,0.0
FULL_FLOW,S-A,vnat,medium_seed2026,rdp,rdp,1,4,0.25
FULL_FLOW,S-A,vnat,medium_seed2026,rdp,rsync,0,4,0.0
FULL_FLOW,S-A,vnat,medium_seed2026,rdp,skype,1,4,0.25
FULL_FLOW,S-A,vnat,medium_seed2026,rdp,ssh,2,4,0.5
FULL_FLOW,S-A,vnat,medium_seed2026,rdp,vimeo,0,4,0.0
FULL_FLOW,S-A,vnat,medium_seed2026,rdp,zoiper,0,4,0.0
FULL_FLOW,S-A,vnat,medium_seed2026,rsync,netflix,0,191,0.0
FULL_FLOW,S-A,vnat,medium_seed2026,rsync,rdp,0,191,0.0
FULL_FLOW,S-A,vnat,medium_seed2026,rsync,rsync,190,191,0.9947643979057592
FULL_FLOW,S-A,vnat,medium_seed2026,rsync,skype,0,191,0.0
FULL_FLOW,S-A,vnat,medium_seed2026,rsync,ssh,0,191,0.0
FULL_FLOW,S-A,vnat,medium_seed2026,rsync,vimeo,1,191,0.005235602094240838
FULL_FLOW,S-A,vnat,medium_seed2026,rsync,zoiper,0,191,0.0
FULL_FLOW,S-A,vnat,medium_seed2026,skype,netflix,0,126,0.0
FULL_FLOW,S-A,vnat,medium_seed2026,skype,rdp,0,126,0.0
FULL_FLOW,S-A,vnat,medium_seed2026,skype,rsync,0,126,0.0
FULL_FLOW,S-A,vnat,medium_seed2026,skype,skype,126,126,1.0
FULL_FLOW,S-A,vnat,medium_seed2026,skype,ssh,0,126,0.0
FULL_FLOW,S-A,vnat,medium_seed2026,skype,vimeo,0,126,0.0
FULL_FLOW,S-A,vnat,medium_seed2026,skype,zoiper,0,126,0.0
FULL_FLOW,S-A,vnat,medium_seed2026,ssh,netflix,0,1356,0.0
FULL_FLOW,S-A,vnat,medium_seed2026,ssh,rdp,0,1356,0.0
FULL_FLOW,S-A,vnat,medium_seed2026,ssh,rsync,0,1356,0.0
FULL_FLOW,S-A,vnat,medium_seed2026,ssh,skype,0,1356,0.0
FULL_FLOW,S-A,vnat,medium_seed2026,ssh,ssh,1356,1356,1.0
FULL_FLOW,S-A,vnat,medium_seed2026,ssh,vimeo,0,1356,0.0
FULL_FLOW,S-A,vnat,medium_seed2026,ssh,zoiper,0,1356,0.0
FULL_FLOW,S-A,vnat,medium_seed2026,vimeo,netflix,3,121,0.024793388429752067
FULL_FLOW,S-A,vnat,medium_seed2026,vimeo,rdp,0,121,0.0
FULL_FLOW,S-A,vnat,medium_seed2026,vimeo,rsync,0,121,0.0
FULL_FLOW,S-A,vnat,medium_seed2026,vimeo,skype,0,121,0.0
FULL_FLOW,S-A,vnat,medium_seed2026,vimeo,ssh,1,121,0.008264462809917356
FULL_FLOW,S-A,vnat,medium_seed2026,vimeo,vimeo,117,121,0.9669421487603306
FULL_FLOW,S-A,vnat,medium_seed2026,vimeo,zoiper,0,121,0.0
FULL_FLOW,S-A,vnat,medium_seed2026,zoiper,netflix,0,93,0.0
FULL_FLOW,S-A,vnat,medium_seed2026,zoiper,rdp,0,93,0.0
FULL_FLOW,S-A,vnat,medium_seed2026,zoiper,rsync,1,93,0.010752688172043012
FULL_FLOW,S-A,vnat,medium_seed2026,zoiper,skype,0,93,0.0
FULL_FLOW,S-A,vnat,medium_seed2026,zoiper,ssh,0,93,0.0
FULL_FLOW,S-A,vnat,medium_seed2026,zoiper,vimeo,0,93,0.0
FULL_FLOW,S-A,vnat,medium_seed2026,zoiper,zoiper,92,93,0.989247311827957
FULL_FLOW,S-A,ustc,A-2,Gmail,Gmail,691,863,0.8006952491309386
FULL_FLOW,S-A,ustc,A-2,Gmail,FTP,40,863,0.046349942062572425
FULL_FLOW,S-A,ustc,A-2,Gmail,Nsis-ay,0,863,0.0
FULL_FLOW,S-A,ustc,A-2,Gmail,Facetime,0,863,0.0
FULL_FLOW,S-A,ustc,A-2,Gmail,Weibo,0,863,0.0
FULL_FLOW,S-A,ustc,A-2,Gmail,Cridex,0,863,0.0
FULL_FLOW,S-A,ustc,A-2,Gmail,Zeus,0,863,0.0
FULL_FLOW,S-A,ustc,A-2,Gmail,SMB,3,863,0.0034762456546929316
FULL_FLOW,S-A,ustc,A-2,Gmail,BitTorrent,5,863,0.005793742757821553
FULL_FLOW,S-A,ustc,A-2,Gmail,WorldOfWarcraft,0,863,0.0
FULL_FLOW,S-A,ustc,A-2,Gmail,Shifu,0,863,0.0
FULL_FLOW,S-A,ustc,A-2,Gmail,Outlook,59,863,0.06836616454229433
FULL_FLOW,S-A,ustc,A-2,Gmail,Virut,0,863,0.0
FULL_FLOW,S-A,ustc,A-2,Gmail,MySQL,59,863,0.06836616454229433
FULL_FLOW,S-A,ustc,A-2,Gmail,Skype,6,863,0.006952491309385863
FULL_FLOW,S-A,ustc,A-2,Gmail,Miuref,0,863,0.0
FULL_FLOW,S-A,ustc,A-2,Gmail,Neris,0,863,0.0
FULL_FLOW,S-A,ustc,A-2,FTP,Gmail,7,10103,0.0006928635058893398
FULL_FLOW,S-A,ustc,A-2,FTP,FTP,9899,10103,0.9798079778283678
FULL_FLOW,S-A,ustc,A-2,FTP,Nsis-ay,0,10103,0.0
FULL_FLOW,S-A,ustc,A-2,FTP,Facetime,0,10103,0.0
FULL_FLOW,S-A,ustc,A-2,FTP,Weibo,0,10103,0.0
FULL_FLOW,S-A,ustc,A-2,FTP,Cridex,0,10103,0.0
FULL_FLOW,S-A,ustc,A-2,FTP,Zeus,0,10103,0.0
FULL_FLOW,S-A,ustc,A-2,FTP,SMB,0,10103,0.0
FULL_FLOW,S-A,ustc,A-2,FTP,BitTorrent,0,10103,0.0
FULL_FLOW,S-A,ustc,A-2,FTP,WorldOfWarcraft,0,10103,0.0
FULL_FLOW,S-A,ustc,A-2,FTP,Shifu,0,10103,0.0
FULL_FLOW,S-A,ustc,A-2,FTP,Outlook,0,10103,0.0
FULL_FLOW,S-A,ustc,A-2,FTP,Virut,0,10103,0.0
FULL_FLOW,S-A,ustc,A-2,FTP,MySQL,196,10103,0.019400178164901513
FULL_FLOW,S-A,ustc,A-2,FTP,Skype,1,10103,9.898050084133426e-05
FULL_FLOW,S-A,ustc,A-2,FTP,Miuref,0,10103,0.0
FULL_FLOW,S-A,ustc,A-2,FTP,Neris,0,10103,0.0
FULL_FLOW,S-A,ustc,A-2,Nsis-ay,Gmail,0,607,0.0
FULL_FLOW,S-A,ustc,A-2,Nsis-ay,FTP,0,607,0.0
FULL_FLOW,S-A,ustc,A-2,Nsis-ay,Nsis-ay,592,607,0.9752883031301482
FULL_FLOW,S-A,ustc,A-2,Nsis-ay,Facetime,0,607,0.0
FULL_FLOW,S-A,ustc,A-2,Nsis-ay,Weibo,0,607,0.0
FULL_FLOW,S-A,ustc,A-2,Nsis-ay,Cridex,0,607,0.0
FULL_FLOW,S-A,ustc,A-2,Nsis-ay,Zeus,0,607,0.0
FULL_FLOW,S-A,ustc,A-2,Nsis-ay,SMB,0,607,0.0
FULL_FLOW,S-A,ustc,A-2,Nsis-ay,BitTorrent,0,607,0.0
FULL_FLOW,S-A,ustc,A-2,Nsis-ay,WorldOfWarcraft,0,607,0.0
FULL_FLOW,S-A,ustc,A-2,Nsis-ay,Shifu,0,607,0.0
FULL_FLOW,S-A,ustc,A-2,Nsis-ay,Outlook,0,607,0.0
FULL_FLOW,S-A,ustc,A-2,Nsis-ay,Virut,7,607,0.011532125205930808
FULL_FLOW,S-A,ustc,A-2,Nsis-ay,MySQL,0,607,0.0
FULL_FLOW,S-A,ustc,A-2,Nsis-ay,Skype,0,607,0.0
FULL_FLOW,S-A,ustc,A-2,Nsis-ay,Miuref,0,607,0.0
FULL_FLOW,S-A,ustc,A-2,Nsis-ay,Neris,8,607,0.013179571663920923
FULL_FLOW,S-A,ustc,A-2,Facetime,Gmail,0,600,0.0
FULL_FLOW,S-A,ustc,A-2,Facetime,FTP,0,600,0.0
FULL_FLOW,S-A,ustc,A-2,Facetime,Nsis-ay,0,600,0.0
FULL_FLOW,S-A,ustc,A-2,Facetime,Facetime,600,600,1.0
FULL_FLOW,S-A,ustc,A-2,Facetime,Weibo,0,600,0.0
FULL_FLOW,S-A,ustc,A-2,Facetime,Cridex,0,600,0.0
FULL_FLOW,S-A,ustc,A-2,Facetime,Zeus,0,600,0.0
FULL_FLOW,S-A,ustc,A-2,Facetime,SMB,0,600,0.0
FULL_FLOW,S-A,ustc,A-2,Facetime,BitTorrent,0,600,0.0
FULL_FLOW,S-A,ustc,A-2,Facetime,WorldOfWarcraft,0,600,0.0
FULL_FLOW,S-A,ustc,A-2,Facetime,Shifu,0,600,0.0
FULL_FLOW,S-A,ustc,A-2,Facetime,Outlook,0,600,0.0
FULL_FLOW,S-A,ustc,A-2,Facetime,Virut,0,600,0.0
FULL_FLOW,S-A,ustc,A-2,Facetime,MySQL,0,600,0.0
FULL_FLOW,S-A,ustc,A-2,Facetime,Skype,0,600,0.0
FULL_FLOW,S-A,ustc,A-2,Facetime,Miuref,0,600,0.0
FULL_FLOW,S-A,ustc,A-2,Facetime,Neris,0,600,0.0
FULL_FLOW,S-A,ustc,A-2,Weibo,Gmail,0,3995,0.0
FULL_FLOW,S-A,ustc,A-2,Weibo,FTP,0,3995,0.0
FULL_FLOW,S-A,ustc,A-2,Weibo,Nsis-ay,0,3995,0.0
FULL_FLOW,S-A,ustc,A-2,Weibo,Facetime,0,3995,0.0
FULL_FLOW,S-A,ustc,A-2,Weibo,Weibo,3236,3995,0.8100125156445557
FULL_FLOW,S-A,ustc,A-2,Weibo,Cridex,0,3995,0.0
FULL_FLOW,S-A,ustc,A-2,Weibo,Zeus,0,3995,0.0
FULL_FLOW,S-A,ustc,A-2,Weibo,SMB,751,3995,0.18798498122653318
FULL_FLOW,S-A,ustc,A-2,Weibo,BitTorrent,0,3995,0.0
FULL_FLOW,S-A,ustc,A-2,Weibo,WorldOfWarcraft,0,3995,0.0
FULL_FLOW,S-A,ustc,A-2,Weibo,Shifu,0,3995,0.0
FULL_FLOW,S-A,ustc,A-2,Weibo,Outlook,0,3995,0.0
FULL_FLOW,S-A,ustc,A-2,Weibo,Virut,0,3995,0.0
FULL_FLOW,S-A,ustc,A-2,Weibo,MySQL,0,3995,0.0
FULL_FLOW,S-A,ustc,A-2,Weibo,Skype,8,3995,0.002002503128911139
FULL_FLOW,S-A,ustc,A-2,Weibo,Miuref,0,3995,0.0
FULL_FLOW,S-A,ustc,A-2,Weibo,Neris,0,3995,0.0
FULL_FLOW,S-A,ustc,A-2,Cridex,Gmail,0,1638,0.0
FULL_FLOW,S-A,ustc,A-2,Cridex,FTP,0,1638,0.0
FULL_FLOW,S-A,ustc,A-2,Cridex,Nsis-ay,0,1638,0.0
FULL_FLOW,S-A,ustc,A-2,Cridex,Facetime,0,1638,0.0
FULL_FLOW,S-A,ustc,A-2,Cridex,Weibo,0,1638,0.0
FULL_FLOW,S-A,ustc,A-2,Cridex,Cridex,1638,1638,1.0
FULL_FLOW,S-A,ustc,A-2,Cridex,Zeus,0,1638,0.0
FULL_FLOW,S-A,ustc,A-2,Cridex,SMB,0,1638,0.0
FULL_FLOW,S-A,ustc,A-2,Cridex,BitTorrent,0,1638,0.0
FULL_FLOW,S-A,ustc,A-2,Cridex,WorldOfWarcraft,0,1638,0.0
FULL_FLOW,S-A,ustc,A-2,Cridex,Shifu,0,1638,0.0
FULL_FLOW,S-A,ustc,A-2,Cridex,Outlook,0,1638,0.0
FULL_FLOW,S-A,ustc,A-2,Cridex,Virut,0,1638,0.0
FULL_FLOW,S-A,ustc,A-2,Cridex,MySQL,0,1638,0.0
FULL_FLOW,S-A,ustc,A-2,Cridex,Skype,0,1638,0.0
FULL_FLOW,S-A,ustc,A-2,Cridex,Miuref,0,1638,0.0
FULL_FLOW,S-A,ustc,A-2,Cridex,Neris,0,1638,0.0
FULL_FLOW,S-A,ustc,A-2,Zeus,Gmail,0,1097,0.0
FULL_FLOW,S-A,ustc,A-2,Zeus,FTP,0,1097,0.0
FULL_FLOW,S-A,ustc,A-2,Zeus,Nsis-ay,3,1097,0.0027347310847766638
FULL_FLOW,S-A,ustc,A-2,Zeus,Facetime,0,1097,0.0
FULL_FLOW,S-A,ustc,A-2,Zeus,Weibo,0,1097,0.0
FULL_FLOW,S-A,ustc,A-2,Zeus,Cridex,0,1097,0.0
FULL_FLOW,S-A,ustc,A-2,Zeus,Zeus,1089,1097,0.9927073837739289
FULL_FLOW,S-A,ustc,A-2,Zeus,SMB,0,1097,0.0
FULL_FLOW,S-A,ustc,A-2,Zeus,BitTorrent,0,1097,0.0
FULL_FLOW,S-A,ustc,A-2,Zeus,WorldOfWarcraft,0,1097,0.0
FULL_FLOW,S-A,ustc,A-2,Zeus,Shifu,0,1097,0.0
FULL_FLOW,S-A,ustc,A-2,Zeus,Outlook,0,1097,0.0
FULL_FLOW,S-A,ustc,A-2,Zeus,Virut,3,1097,0.0027347310847766638
FULL_FLOW,S-A,ustc,A-2,Zeus,MySQL,0,1097,0.0
FULL_FLOW,S-A,ustc,A-2,Zeus,Skype,0,1097,0.0
FULL_FLOW,S-A,ustc,A-2,Zeus,Miuref,0,1097,0.0
FULL_FLOW,S-A,ustc,A-2,Zeus,Neris,2,1097,0.0018231540565177757
FULL_FLOW,S-A,ustc,A-2,SMB,Gmail,4,3893,0.0010274852298998202
FULL_FLOW,S-A,ustc,A-2,SMB,FTP,1,3893,0.00025687130747495504
FULL_FLOW,S-A,ustc,A-2,SMB,Nsis-ay,0,3893,0.0
FULL_FLOW,S-A,ustc,A-2,SMB,Facetime,0,3893,0.0
FULL_FLOW,S-A,ustc,A-2,SMB,Weibo,1161,3893,0.2982275879784228
FULL_FLOW,S-A,ustc,A-2,SMB,Cridex,0,3893,0.0
FULL_FLOW,S-A,ustc,A-2,SMB,Zeus,0,3893,0.0
FULL_FLOW,S-A,ustc,A-2,SMB,SMB,2714,3893,0.697148728487028
FULL_FLOW,S-A,ustc,A-2,SMB,BitTorrent,0,3893,0.0
FULL_FLOW,S-A,ustc,A-2,SMB,WorldOfWarcraft,0,3893,0.0
FULL_FLOW,S-A,ustc,A-2,SMB,Shifu,0,3893,0.0
FULL_FLOW,S-A,ustc,A-2,SMB,Outlook,0,3893,0.0
FULL_FLOW,S-A,ustc,A-2,SMB,Virut,0,3893,0.0
FULL_FLOW,S-A,ustc,A-2,SMB,MySQL,10,3893,0.0025687130747495505
FULL_FLOW,S-A,ustc,A-2,SMB,Skype,3,3893,0.0007706139224248652
FULL_FLOW,S-A,ustc,A-2,SMB,Miuref,0,3893,0.0
FULL_FLOW,S-A,ustc,A-2,SMB,Neris,0,3893,0.0
FULL_FLOW,S-A,ustc,A-2,BitTorrent,Gmail,1,752,0.0013297872340425532
FULL_FLOW,S-A,ustc,A-2,BitTorrent,FTP,0,752,0.0
FULL_FLOW,S-A,ustc,A-2,BitTorrent,Nsis-ay,0,752,0.0
FULL_FLOW,S-A,ustc,A-2,BitTorrent,Facetime,0,752,0.0
FULL_FLOW,S-A,ustc,A-2,BitTorrent,Weibo,0,752,0.0
FULL_FLOW,S-A,ustc,A-2,BitTorrent,Cridex,0,752,0.0
FULL_FLOW,S-A,ustc,A-2,BitTorrent,Zeus,0,752,0.0
FULL_FLOW,S-A,ustc,A-2,BitTorrent,SMB,0,752,0.0
FULL_FLOW,S-A,ustc,A-2,BitTorrent,BitTorrent,628,752,0.8351063829787234
FULL_FLOW,S-A,ustc,A-2,BitTorrent,WorldOfWarcraft,0,752,0.0
FULL_FLOW,S-A,ustc,A-2,BitTorrent,Shifu,0,752,0.0
FULL_FLOW,S-A,ustc,A-2,BitTorrent,Outlook,120,752,0.1595744680851064
FULL_FLOW,S-A,ustc,A-2,BitTorrent,Virut,0,752,0.0
FULL_FLOW,S-A,ustc,A-2,BitTorrent,MySQL,0,752,0.0
FULL_FLOW,S-A,ustc,A-2,BitTorrent,Skype,3,752,0.003989361702127659
FULL_FLOW,S-A,ustc,A-2,BitTorrent,Miuref,0,752,0.0
FULL_FLOW,S-A,ustc,A-2,BitTorrent,Neris,0,752,0.0
FULL_FLOW,S-A,ustc,A-2,WorldOfWarcraft,Gmail,1,789,0.0012674271229404308
FULL_FLOW,S-A,ustc,A-2,WorldOfWarcraft,FTP,1,789,0.0012674271229404308
FULL_FLOW,S-A,ustc,A-2,WorldOfWarcraft,Nsis-ay,0,789,0.0
FULL_FLOW,S-A,ustc,A-2,WorldOfWarcraft,Facetime,0,789,0.0
FULL_FLOW,S-A,ustc,A-2,WorldOfWarcraft,Weibo,0,789,0.0
FULL_FLOW,S-A,ustc,A-2,WorldOfWarcraft,Cridex,0,789,0.0
FULL_FLOW,S-A,ustc,A-2,WorldOfWarcraft,Zeus,0,789,0.0
FULL_FLOW,S-A,ustc,A-2,WorldOfWarcraft,SMB,0,789,0.0
FULL_FLOW,S-A,ustc,A-2,WorldOfWarcraft,BitTorrent,0,789,0.0
FULL_FLOW,S-A,ustc,A-2,WorldOfWarcraft,WorldOfWarcraft,786,789,0.9961977186311787
FULL_FLOW,S-A,ustc,A-2,WorldOfWarcraft,Shifu,0,789,0.0
FULL_FLOW,S-A,ustc,A-2,WorldOfWarcraft,Outlook,0,789,0.0
FULL_FLOW,S-A,ustc,A-2,WorldOfWarcraft,Virut,0,789,0.0
FULL_FLOW,S-A,ustc,A-2,WorldOfWarcraft,MySQL,1,789,0.0012674271229404308
FULL_FLOW,S-A,ustc,A-2,WorldOfWarcraft,Skype,0,789,0.0
FULL_FLOW,S-A,ustc,A-2,WorldOfWarcraft,Miuref,0,789,0.0
FULL_FLOW,S-A,ustc,A-2,WorldOfWarcraft,Neris,0,789,0.0
FULL_FLOW,S-A,ustc,A-2,Shifu,Gmail,0,963,0.0
FULL_FLOW,S-A,ustc,A-2,Shifu,FTP,0,963,0.0
FULL_FLOW,S-A,ustc,A-2,Shifu,Nsis-ay,0,963,0.0
FULL_FLOW,S-A,ustc,A-2,Shifu,Facetime,0,963,0.0
FULL_FLOW,S-A,ustc,A-2,Shifu,Weibo,0,963,0.0
FULL_FLOW,S-A,ustc,A-2,Shifu,Cridex,0,963,0.0
FULL_FLOW,S-A,ustc,A-2,Shifu,Zeus,1,963,0.0010384215991692627
FULL_FLOW,S-A,ustc,A-2,Shifu,SMB,0,963,0.0
FULL_FLOW,S-A,ustc,A-2,Shifu,BitTorrent,0,963,0.0
FULL_FLOW,S-A,ustc,A-2,Shifu,WorldOfWarcraft,0,963,0.0
FULL_FLOW,S-A,ustc,A-2,Shifu,Shifu,959,963,0.995846313603323
FULL_FLOW,S-A,ustc,A-2,Shifu,Outlook,0,963,0.0
FULL_FLOW,S-A,ustc,A-2,Shifu,Virut,0,963,0.0
FULL_FLOW,S-A,ustc,A-2,Shifu,MySQL,0,963,0.0
FULL_FLOW,S-A,ustc,A-2,Shifu,Skype,0,963,0.0
FULL_FLOW,S-A,ustc,A-2,Shifu,Miuref,3,963,0.003115264797507788
FULL_FLOW,S-A,ustc,A-2,Shifu,Neris,0,963,0.0
FULL_FLOW,S-A,ustc,A-2,Outlook,Gmail,3,753,0.00398406374501992
FULL_FLOW,S-A,ustc,A-2,Outlook,FTP,0,753,0.0
FULL_FLOW,S-A,ustc,A-2,Outlook,Nsis-ay,0,753,0.0
FULL_FLOW,S-A,ustc,A-2,Outlook,Facetime,0,753,0.0
FULL_FLOW,S-A,ustc,A-2,Outlook,Weibo,0,753,0.0
FULL_FLOW,S-A,ustc,A-2,Outlook,Cridex,0,753,0.0
FULL_FLOW,S-A,ustc,A-2,Outlook,Zeus,0,753,0.0
FULL_FLOW,S-A,ustc,A-2,Outlook,SMB,1,753,0.0013280212483399733
FULL_FLOW,S-A,ustc,A-2,Outlook,BitTorrent,32,753,0.04249667994687915
FULL_FLOW,S-A,ustc,A-2,Outlook,WorldOfWarcraft,0,753,0.0
FULL_FLOW,S-A,ustc,A-2,Outlook,Shifu,0,753,0.0
FULL_FLOW,S-A,ustc,A-2,Outlook,Outlook,712,753,0.9455511288180611
FULL_FLOW,S-A,ustc,A-2,Outlook,Virut,0,753,0.0
FULL_FLOW,S-A,ustc,A-2,Outlook,MySQL,1,753,0.0013280212483399733
FULL_FLOW,S-A,ustc,A-2,Outlook,Skype,4,753,0.005312084993359893
FULL_FLOW,S-A,ustc,A-2,Outlook,Miuref,0,753,0.0
FULL_FLOW,S-A,ustc,A-2,Outlook,Neris,0,753,0.0
FULL_FLOW,S-A,ustc,A-2,Virut,Gmail,0,3310,0.0
FULL_FLOW,S-A,ustc,A-2,Virut,FTP,0,3310,0.0
FULL_FLOW,S-A,ustc,A-2,Virut,Nsis-ay,4,3310,0.0012084592145015106
FULL_FLOW,S-A,ustc,A-2,Virut,Facetime,0,3310,0.0
FULL_FLOW,S-A,ustc,A-2,Virut,Weibo,0,3310,0.0
FULL_FLOW,S-A,ustc,A-2,Virut,Cridex,0,3310,0.0
FULL_FLOW,S-A,ustc,A-2,Virut,Zeus,1,3310,0.00030211480362537764
FULL_FLOW,S-A,ustc,A-2,Virut,SMB,0,3310,0.0
FULL_FLOW,S-A,ustc,A-2,Virut,BitTorrent,0,3310,0.0
FULL_FLOW,S-A,ustc,A-2,Virut,WorldOfWarcraft,0,3310,0.0
FULL_FLOW,S-A,ustc,A-2,Virut,Shifu,0,3310,0.0
FULL_FLOW,S-A,ustc,A-2,Virut,Outlook,0,3310,0.0
FULL_FLOW,S-A,ustc,A-2,Virut,Virut,2796,3310,0.8447129909365559
FULL_FLOW,S-A,ustc,A-2,Virut,MySQL,0,3310,0.0
FULL_FLOW,S-A,ustc,A-2,Virut,Skype,1,3310,0.00030211480362537764
FULL_FLOW,S-A,ustc,A-2,Virut,Miuref,0,3310,0.0
FULL_FLOW,S-A,ustc,A-2,Virut,Neris,508,3310,0.15347432024169183
FULL_FLOW,S-A,ustc,A-2,MySQL,Gmail,10,8609,0.0011615750958299453
FULL_FLOW,S-A,ustc,A-2,MySQL,FTP,190,8609,0.022069926820768963
FULL_FLOW,S-A,ustc,A-2,MySQL,Nsis-ay,1,8609,0.00011615750958299454
FULL_FLOW,S-A,ustc,A-2,MySQL,Facetime,0,8609,0.0
FULL_FLOW,S-A,ustc,A-2,MySQL,Weibo,0,8609,0.0
FULL_FLOW,S-A,ustc,A-2,MySQL,Cridex,0,8609,0.0
FULL_FLOW,S-A,ustc,A-2,MySQL,Zeus,0,8609,0.0
FULL_FLOW,S-A,ustc,A-2,MySQL,SMB,3,8609,0.0003484725287489836
FULL_FLOW,S-A,ustc,A-2,MySQL,BitTorrent,0,8609,0.0
FULL_FLOW,S-A,ustc,A-2,MySQL,WorldOfWarcraft,0,8609,0.0
FULL_FLOW,S-A,ustc,A-2,MySQL,Shifu,0,8609,0.0
FULL_FLOW,S-A,ustc,A-2,MySQL,Outlook,0,8609,0.0
FULL_FLOW,S-A,ustc,A-2,MySQL,Virut,0,8609,0.0
FULL_FLOW,S-A,ustc,A-2,MySQL,MySQL,8399,8609,0.9756069229875711
FULL_FLOW,S-A,ustc,A-2,MySQL,Skype,6,8609,0.0006969450574979672
FULL_FLOW,S-A,ustc,A-2,MySQL,Miuref,0,8609,0.0
FULL_FLOW,S-A,ustc,A-2,MySQL,Neris,0,8609,0.0
FULL_FLOW,S-A,ustc,A-2,Skype,Gmail,0,632,0.0
FULL_FLOW,S-A,ustc,A-2,Skype,FTP,0,632,0.0
FULL_FLOW,S-A,ustc,A-2,Skype,Nsis-ay,0,632,0.0
FULL_FLOW,S-A,ustc,A-2,Skype,Facetime,0,632,0.0
FULL_FLOW,S-A,ustc,A-2,Skype,Weibo,0,632,0.0
FULL_FLOW,S-A,ustc,A-2,Skype,Cridex,0,632,0.0
FULL_FLOW,S-A,ustc,A-2,Skype,Zeus,0,632,0.0
FULL_FLOW,S-A,ustc,A-2,Skype,SMB,0,632,0.0
FULL_FLOW,S-A,ustc,A-2,Skype,BitTorrent,0,632,0.0
FULL_FLOW,S-A,ustc,A-2,Skype,WorldOfWarcraft,0,632,0.0
FULL_FLOW,S-A,ustc,A-2,Skype,Shifu,0,632,0.0
FULL_FLOW,S-A,ustc,A-2,Skype,Outlook,0,632,0.0
FULL_FLOW,S-A,ustc,A-2,Skype,Virut,0,632,0.0
FULL_FLOW,S-A,ustc,A-2,Skype,MySQL,0,632,0.0
FULL_FLOW,S-A,ustc,A-2,Skype,Skype,632,632,1.0
FULL_FLOW,S-A,ustc,A-2,Skype,Miuref,0,632,0.0
FULL_FLOW,S-A,ustc,A-2,Skype,Neris,0,632,0.0
FULL_FLOW,S-A,ustc,A-2,Miuref,Gmail,0,1348,0.0
FULL_FLOW,S-A,ustc,A-2,Miuref,FTP,0,1348,0.0
FULL_FLOW,S-A,ustc,A-2,Miuref,Nsis-ay,0,1348,0.0
FULL_FLOW,S-A,ustc,A-2,Miuref,Facetime,0,1348,0.0
FULL_FLOW,S-A,ustc,A-2,Miuref,Weibo,0,1348,0.0
FULL_FLOW,S-A,ustc,A-2,Miuref,Cridex,0,1348,0.0
FULL_FLOW,S-A,ustc,A-2,Miuref,Zeus,0,1348,0.0
FULL_FLOW,S-A,ustc,A-2,Miuref,SMB,0,1348,0.0
FULL_FLOW,S-A,ustc,A-2,Miuref,BitTorrent,0,1348,0.0
FULL_FLOW,S-A,ustc,A-2,Miuref,WorldOfWarcraft,0,1348,0.0
FULL_FLOW,S-A,ustc,A-2,Miuref,Shifu,0,1348,0.0
FULL_FLOW,S-A,ustc,A-2,Miuref,Outlook,0,1348,0.0
FULL_FLOW,S-A,ustc,A-2,Miuref,Virut,0,1348,0.0
FULL_FLOW,S-A,ustc,A-2,Miuref,MySQL,0,1348,0.0
FULL_FLOW,S-A,ustc,A-2,Miuref,Skype,17,1348,0.012611275964391691
FULL_FLOW,S-A,ustc,A-2,Miuref,Miuref,1331,1348,0.9873887240356083
FULL_FLOW,S-A,ustc,A-2,Miuref,Neris,0,1348,0.0
FULL_FLOW,S-A,ustc,A-2,Neris,Gmail,0,3379,0.0
FULL_FLOW,S-A,ustc,A-2,Neris,FTP,2,3379,0.0005918910920390648
FULL_FLOW,S-A,ustc,A-2,Neris,Nsis-ay,2,3379,0.0005918910920390648
FULL_FLOW,S-A,ustc,A-2,Neris,Facetime,0,3379,0.0
FULL_FLOW,S-A,ustc,A-2,Neris,Weibo,0,3379,0.0
FULL_FLOW,S-A,ustc,A-2,Neris,Cridex,0,3379,0.0
FULL_FLOW,S-A,ustc,A-2,Neris,Zeus,2,3379,0.0005918910920390648
FULL_FLOW,S-A,ustc,A-2,Neris,SMB,0,3379,0.0
FULL_FLOW,S-A,ustc,A-2,Neris,BitTorrent,0,3379,0.0
FULL_FLOW,S-A,ustc,A-2,Neris,WorldOfWarcraft,0,3379,0.0
FULL_FLOW,S-A,ustc,A-2,Neris,Shifu,0,3379,0.0
FULL_FLOW,S-A,ustc,A-2,Neris,Outlook,0,3379,0.0
FULL_FLOW,S-A,ustc,A-2,Neris,Virut,191,3379,0.05652559928973069
FULL_FLOW,S-A,ustc,A-2,Neris,MySQL,0,3379,0.0
FULL_FLOW,S-A,ustc,A-2,Neris,Skype,0,3379,0.0
FULL_FLOW,S-A,ustc,A-2,Neris,Miuref,0,3379,0.0
FULL_FLOW,S-A,ustc,A-2,Neris,Neris,3182,3379,0.9416987274341521
FULL_FLOW,S-AB,iscx_vpn,medium_seed2022,AIM,AIM,9,53,0.16981132075471697
FULL_FLOW,S-AB,iscx_vpn,medium_seed2022,AIM,BitTorrent,1,53,0.018867924528301886
FULL_FLOW,S-AB,iscx_vpn,medium_seed2022,AIM,Email,5,53,0.09433962264150944
FULL_FLOW,S-AB,iscx_vpn,medium_seed2022,AIM,FTPS,1,53,0.018867924528301886
FULL_FLOW,S-AB,iscx_vpn,medium_seed2022,AIM,Facebook,19,53,0.3584905660377358
FULL_FLOW,S-AB,iscx_vpn,medium_seed2022,AIM,Gmail,3,53,0.05660377358490566
FULL_FLOW,S-AB,iscx_vpn,medium_seed2022,AIM,ICQ,6,53,0.11320754716981132
FULL_FLOW,S-AB,iscx_vpn,medium_seed2022,AIM,Netflix,0,53,0.0
FULL_FLOW,S-AB,iscx_vpn,medium_seed2022,AIM,SCP,1,53,0.018867924528301886
FULL_FLOW,S-AB,iscx_vpn,medium_seed2022,AIM,SFTP,1,53,0.018867924528301886
FULL_FLOW,S-AB,iscx_vpn,medium_seed2022,AIM,Spotify,0,53,0.0
FULL_FLOW,S-AB,iscx_vpn,medium_seed2022,AIM,Vimeo,1,53,0.018867924528301886
FULL_FLOW,S-AB,iscx_vpn,medium_seed2022,AIM,VoIPBuster,6,53,0.11320754716981132
FULL_FLOW,S-AB,iscx_vpn,medium_seed2022,BitTorrent,AIM,0,100,0.0
FULL_FLOW,S-AB,iscx_vpn,medium_seed2022,BitTorrent,BitTorrent,96,100,0.96
FULL_FLOW,S-AB,iscx_vpn,medium_seed2022,BitTorrent,Email,0,100,0.0
FULL_FLOW,S-AB,iscx_vpn,medium_seed2022,BitTorrent,FTPS,2,100,0.02
FULL_FLOW,S-AB,iscx_vpn,medium_seed2022,BitTorrent,Facebook,0,100,0.0
FULL_FLOW,S-AB,iscx_vpn,medium_seed2022,BitTorrent,Gmail,0,100,0.0
FULL_FLOW,S-AB,iscx_vpn,medium_seed2022,BitTorrent,ICQ,0,100,0.0
FULL_FLOW,S-AB,iscx_vpn,medium_seed2022,BitTorrent,Netflix,1,100,0.01
FULL_FLOW,S-AB,iscx_vpn,medium_seed2022,BitTorrent,SCP,0,100,0.0
FULL_FLOW,S-AB,iscx_vpn,medium_seed2022,BitTorrent,SFTP,0,100,0.0
FULL_FLOW,S-AB,iscx_vpn,medium_seed2022,BitTorrent,Spotify,1,100,0.01
FULL_FLOW,S-AB,iscx_vpn,medium_seed2022,BitTorrent,Vimeo,0,100,0.0
FULL_FLOW,S-AB,iscx_vpn,medium_seed2022,BitTorrent,VoIPBuster,0,100,0.0
FULL_FLOW,S-AB,iscx_vpn,medium_seed2022,Email,AIM,3,200,0.015
FULL_FLOW,S-AB,iscx_vpn,medium_seed2022,Email,BitTorrent,8,200,0.04
FULL_FLOW,S-AB,iscx_vpn,medium_seed2022,Email,Email,74,200,0.37
FULL_FLOW,S-AB,iscx_vpn,medium_seed2022,Email,FTPS,8,200,0.04
FULL_FLOW,S-AB,iscx_vpn,medium_seed2022,Email,Facebook,75,200,0.375
FULL_FLOW,S-AB,iscx_vpn,medium_seed2022,Email,Gmail,2,200,0.01
FULL_FLOW,S-AB,iscx_vpn,medium_seed2022,Email,ICQ,3,200,0.015
FULL_FLOW,S-AB,iscx_vpn,medium_seed2022,Email,Netflix,3,200,0.015
FULL_FLOW,S-AB,iscx_vpn,medium_seed2022,Email,SCP,2,200,0.01
FULL_FLOW,S-AB,iscx_vpn,medium_seed2022,Email,SFTP,0,200,0.0
FULL_FLOW,S-AB,iscx_vpn,medium_seed2022,Email,Spotify,0,200,0.0
FULL_FLOW,S-AB,iscx_vpn,medium_seed2022,Email,Vimeo,1,200,0.005
FULL_FLOW,S-AB,iscx_vpn,medium_seed2022,Email,VoIPBuster,21,200,0.105
FULL_FLOW,S-AB,iscx_vpn,medium_seed2022,FTPS,AIM,2,200,0.01
FULL_FLOW,S-AB,iscx_vpn,medium_seed2022,FTPS,BitTorrent,22,200,0.11
FULL_FLOW,S-AB,iscx_vpn,medium_seed2022,FTPS,Email,5,200,0.025
FULL_FLOW,S-AB,iscx_vpn,medium_seed2022,FTPS,FTPS,147,200,0.735
FULL_FLOW,S-AB,iscx_vpn,medium_seed2022,FTPS,Facebook,2,200,0.01
FULL_FLOW,S-AB,iscx_vpn,medium_seed2022,FTPS,Gmail,0,200,0.0
FULL_FLOW,S-AB,iscx_vpn,medium_seed2022,FTPS,ICQ,0,200,0.0
FULL_FLOW,S-AB,iscx_vpn,medium_seed2022,FTPS,Netflix,0,200,0.0
FULL_FLOW,S-AB,iscx_vpn,medium_seed2022,FTPS,SCP,3,200,0.015
FULL_FLOW,S-AB,iscx_vpn,medium_seed2022,FTPS,SFTP,0,200,0.0
FULL_FLOW,S-AB,iscx_vpn,medium_seed2022,FTPS,Spotify,0,200,0.0
FULL_FLOW,S-AB,iscx_vpn,medium_seed2022,FTPS,Vimeo,0,200,0.0
FULL_FLOW,S-AB,iscx_vpn,medium_seed2022,FTPS,VoIPBuster,19,200,0.095
FULL_FLOW,S-AB,iscx_vpn,medium_seed2022,Facebook,AIM,5,200,0.025
FULL_FLOW,S-AB,iscx_vpn,medium_seed2022,Facebook,BitTorrent,0,200,0.0
FULL_FLOW,S-AB,iscx_vpn,medium_seed2022,Facebook,Email,11,200,0.055
FULL_FLOW,S-AB,iscx_vpn,medium_seed2022,Facebook,FTPS,0,200,0.0
FULL_FLOW,S-AB,iscx_vpn,medium_seed2022,Facebook,Facebook,140,200,0.7
FULL_FLOW,S-AB,iscx_vpn,medium_seed2022,Facebook,Gmail,3,200,0.015
FULL_FLOW,S-AB,iscx_vpn,medium_seed2022,Facebook,ICQ,1,200,0.005
FULL_FLOW,S-AB,iscx_vpn,medium_seed2022,Facebook,Netflix,0,200,0.0
FULL_FLOW,S-AB,iscx_vpn,medium_seed2022,Facebook,SCP,4,200,0.02
FULL_FLOW,S-AB,iscx_vpn,medium_seed2022,Facebook,SFTP,0,200,0.0
FULL_FLOW,S-AB,iscx_vpn,medium_seed2022,Facebook,Spotify,2,200,0.01
FULL_FLOW,S-AB,iscx_vpn,medium_seed2022,Facebook,Vimeo,0,200,0.0
FULL_FLOW,S-AB,iscx_vpn,medium_seed2022,Facebook,VoIPBuster,34,200,0.17
FULL_FLOW,S-AB,iscx_vpn,medium_seed2022,Gmail,AIM,0,54,0.0
FULL_FLOW,S-AB,iscx_vpn,medium_seed2022,Gmail,BitTorrent,0,54,0.0
FULL_FLOW,S-AB,iscx_vpn,medium_seed2022,Gmail,Email,1,54,0.018518518518518517
FULL_FLOW,S-AB,iscx_vpn,medium_seed2022,Gmail,FTPS,4,54,0.07407407407407407
FULL_FLOW,S-AB,iscx_vpn,medium_seed2022,Gmail,Facebook,4,54,0.07407407407407407
FULL_FLOW,S-AB,iscx_vpn,medium_seed2022,Gmail,Gmail,33,54,0.6111111111111112
FULL_FLOW,S-AB,iscx_vpn,medium_seed2022,Gmail,ICQ,2,54,0.037037037037037035
FULL_FLOW,S-AB,iscx_vpn,medium_seed2022,Gmail,Netflix,0,54,0.0
FULL_FLOW,S-AB,iscx_vpn,medium_seed2022,Gmail,SCP,1,54,0.018518518518518517
FULL_FLOW,S-AB,iscx_vpn,medium_seed2022,Gmail,SFTP,0,54,0.0
FULL_FLOW,S-AB,iscx_vpn,medium_seed2022,Gmail,Spotify,3,54,0.05555555555555555
FULL_FLOW,S-AB,iscx_vpn,medium_seed2022,Gmail,Vimeo,0,54,0.0
FULL_FLOW,S-AB,iscx_vpn,medium_seed2022,Gmail,VoIPBuster,6,54,0.1111111111111111
FULL_FLOW,S-AB,iscx_vpn,medium_seed2022,ICQ,AIM,9,53,0.16981132075471697
FULL_FLOW,S-AB,iscx_vpn,medium_seed2022,ICQ,BitTorrent,0,53,0.0
FULL_FLOW,S-AB,iscx_vpn,medium_seed2022,ICQ,Email,3,53,0.05660377358490566
FULL_FLOW,S-AB,iscx_vpn,medium_seed2022,ICQ,FTPS,1,53,0.018867924528301886
FULL_FLOW,S-AB,iscx_vpn,medium_seed2022,ICQ,Facebook,23,53,0.4339622641509434
FULL_FLOW,S-AB,iscx_vpn,medium_seed2022,ICQ,Gmail,2,53,0.03773584905660377
FULL_FLOW,S-AB,iscx_vpn,medium_seed2022,ICQ,ICQ,9,53,0.16981132075471697
FULL_FLOW,S-AB,iscx_vpn,medium_seed2022,ICQ,Netflix,0,53,0.0
FULL_FLOW,S-AB,iscx_vpn,medium_seed2022,ICQ,SCP,2,53,0.03773584905660377
FULL_FLOW,S-AB,iscx_vpn,medium_seed2022,ICQ,SFTP,0,53,0.0
FULL_FLOW,S-AB,iscx_vpn,medium_seed2022,ICQ,Spotify,0,53,0.0
FULL_FLOW,S-AB,iscx_vpn,medium_seed2022,ICQ,Vimeo,0,53,0.0
FULL_FLOW,S-AB,iscx_vpn,medium_seed2022,ICQ,VoIPBuster,4,53,0.07547169811320754
FULL_FLOW,S-AB,iscx_vpn,medium_seed2022,Netflix,AIM,0,118,0.0
FULL_FLOW,S-AB,iscx_vpn,medium_seed2022,Netflix,BitTorrent,29,118,0.2457627118644068
FULL_FLOW,S-AB,iscx_vpn,medium_seed2022,Netflix,Email,1,118,0.00847457627118644
FULL_FLOW,S-AB,iscx_vpn,medium_seed2022,Netflix,FTPS,1,118,0.00847457627118644
FULL_FLOW,S-AB,iscx_vpn,medium_seed2022,Netflix,Facebook,0,118,0.0
FULL_FLOW,S-AB,iscx_vpn,medium_seed2022,Netflix,Gmail,0,118,0.0
FULL_FLOW,S-AB,iscx_vpn,medium_seed2022,Netflix,ICQ,0,118,0.0
FULL_FLOW,S-AB,iscx_vpn,medium_seed2022,Netflix,Netflix,59,118,0.5
FULL_FLOW,S-AB,iscx_vpn,medium_seed2022,Netflix,SCP,3,118,0.025423728813559324
FULL_FLOW,S-AB,iscx_vpn,medium_seed2022,Netflix,SFTP,0,118,0.0
FULL_FLOW,S-AB,iscx_vpn,medium_seed2022,Netflix,Spotify,17,118,0.1440677966101695
FULL_FLOW,S-AB,iscx_vpn,medium_seed2022,Netflix,Vimeo,8,118,0.06779661016949153
FULL_FLOW,S-AB,iscx_vpn,medium_seed2022,Netflix,VoIPBuster,0,118,0.0
FULL_FLOW,S-AB,iscx_vpn,medium_seed2022,SCP,AIM,2,200,0.01
FULL_FLOW,S-AB,iscx_vpn,medium_seed2022,SCP,BitTorrent,0,200,0.0
FULL_FLOW,S-AB,iscx_vpn,medium_seed2022,SCP,Email,12,200,0.06
FULL_FLOW,S-AB,iscx_vpn,medium_seed2022,SCP,FTPS,10,200,0.05
FULL_FLOW,S-AB,iscx_vpn,medium_seed2022,SCP,Facebook,68,200,0.34
FULL_FLOW,S-AB,iscx_vpn,medium_seed2022,SCP,Gmail,0,200,0.0
FULL_FLOW,S-AB,iscx_vpn,medium_seed2022,SCP,ICQ,1,200,0.005
FULL_FLOW,S-AB,iscx_vpn,medium_seed2022,SCP,Netflix,32,200,0.16
FULL_FLOW,S-AB,iscx_vpn,medium_seed2022,SCP,SCP,52,200,0.26
FULL_FLOW,S-AB,iscx_vpn,medium_seed2022,SCP,SFTP,0,200,0.0
FULL_FLOW,S-AB,iscx_vpn,medium_seed2022,SCP,Spotify,2,200,0.01
FULL_FLOW,S-AB,iscx_vpn,medium_seed2022,SCP,Vimeo,1,200,0.005
FULL_FLOW,S-AB,iscx_vpn,medium_seed2022,SCP,VoIPBuster,20,200,0.1
FULL_FLOW,S-AB,iscx_vpn,medium_seed2022,SFTP,AIM,0,31,0.0
FULL_FLOW,S-AB,iscx_vpn,medium_seed2022,SFTP,BitTorrent,3,31,0.0967741935483871
FULL_FLOW,S-AB,iscx_vpn,medium_seed2022,SFTP,Email,3,31,0.0967741935483871
FULL_FLOW,S-AB,iscx_vpn,medium_seed2022,SFTP,FTPS,6,31,0.1935483870967742
FULL_FLOW,S-AB,iscx_vpn,medium_seed2022,SFTP,Facebook,0,31,0.0
FULL_FLOW,S-AB,iscx_vpn,medium_seed2022,SFTP,Gmail,0,31,0.0
FULL_FLOW,S-AB,iscx_vpn,medium_seed2022,SFTP,ICQ,0,31,0.0
FULL_FLOW,S-AB,iscx_vpn,medium_seed2022,SFTP,Netflix,1,31,0.03225806451612903
FULL_FLOW,S-AB,iscx_vpn,medium_seed2022,SFTP,SCP,1,31,0.03225806451612903
FULL_FLOW,S-AB,iscx_vpn,medium_seed2022,SFTP,SFTP,12,31,0.3870967741935484
FULL_FLOW,S-AB,iscx_vpn,medium_seed2022,SFTP,Spotify,4,31,0.12903225806451613
FULL_FLOW,S-AB,iscx_vpn,medium_seed2022,SFTP,Vimeo,0,31,0.0
FULL_FLOW,S-AB,iscx_vpn,medium_seed2022,SFTP,VoIPBuster,1,31,0.03225806451612903
FULL_FLOW,S-AB,iscx_vpn,medium_seed2022,Spotify,AIM,0,79,0.0
FULL_FLOW,S-AB,iscx_vpn,medium_seed2022,Spotify,BitTorrent,13,79,0.16455696202531644
FULL_FLOW,S-AB,iscx_vpn,medium_seed2022,Spotify,Email,0,79,0.0
FULL_FLOW,S-AB,iscx_vpn,medium_seed2022,Spotify,FTPS,3,79,0.0379746835443038
FULL_FLOW,S-AB,iscx_vpn,medium_seed2022,Spotify,Facebook,0,79,0.0
FULL_FLOW,S-AB,iscx_vpn,medium_seed2022,Spotify,Gmail,1,79,0.012658227848101266
FULL_FLOW,S-AB,iscx_vpn,medium_seed2022,Spotify,ICQ,0,79,0.0
FULL_FLOW,S-AB,iscx_vpn,medium_seed2022,Spotify,Netflix,17,79,0.21518987341772153
FULL_FLOW,S-AB,iscx_vpn,medium_seed2022,Spotify,SCP,2,79,0.02531645569620253
FULL_FLOW,S-AB,iscx_vpn,medium_seed2022,Spotify,SFTP,0,79,0.0
FULL_FLOW,S-AB,iscx_vpn,medium_seed2022,Spotify,Spotify,32,79,0.4050632911392405
FULL_FLOW,S-AB,iscx_vpn,medium_seed2022,Spotify,Vimeo,10,79,0.12658227848101267
FULL_FLOW,S-AB,iscx_vpn,medium_seed2022,Spotify,VoIPBuster,1,79,0.012658227848101266
FULL_FLOW,S-AB,iscx_vpn,medium_seed2022,Vimeo,AIM,0,123,0.0
FULL_FLOW,S-AB,iscx_vpn,medium_seed2022,Vimeo,BitTorrent,10,123,0.08130081300813008
FULL_FLOW,S-AB,iscx_vpn,medium_seed2022,Vimeo,Email,0,123,0.0
FULL_FLOW,S-AB,iscx_vpn,medium_seed2022,Vimeo,FTPS,3,123,0.024390243902439025
FULL_FLOW,S-AB,iscx_vpn,medium_seed2022,Vimeo,Facebook,0,123,0.0
FULL_FLOW,S-AB,iscx_vpn,medium_seed2022,Vimeo,Gmail,1,123,0.008130081300813009
FULL_FLOW,S-AB,iscx_vpn,medium_seed2022,Vimeo,ICQ,0,123,0.0
FULL_FLOW,S-AB,iscx_vpn,medium_seed2022,Vimeo,Netflix,33,123,0.2682926829268293
FULL_FLOW,S-AB,iscx_vpn,medium_seed2022,Vimeo,SCP,9,123,0.07317073170731707
FULL_FLOW,S-AB,iscx_vpn,medium_seed2022,Vimeo,SFTP,1,123,0.008130081300813009
FULL_FLOW,S-AB,iscx_vpn,medium_seed2022,Vimeo,Spotify,11,123,0.08943089430894309
FULL_FLOW,S-AB,iscx_vpn,medium_seed2022,Vimeo,Vimeo,55,123,0.44715447154471544
FULL_FLOW,S-AB,iscx_vpn,medium_seed2022,Vimeo,VoIPBuster,0,123,0.0
FULL_FLOW,S-AB,iscx_vpn,medium_seed2022,VoIPBuster,AIM,1,200,0.005
FULL_FLOW,S-AB,iscx_vpn,medium_seed2022,VoIPBuster,BitTorrent,0,200,0.0
FULL_FLOW,S-AB,iscx_vpn,medium_seed2022,VoIPBuster,Email,7,200,0.035
FULL_FLOW,S-AB,iscx_vpn,medium_seed2022,VoIPBuster,FTPS,40,200,0.2
FULL_FLOW,S-AB,iscx_vpn,medium_seed2022,VoIPBuster,Facebook,38,200,0.19
FULL_FLOW,S-AB,iscx_vpn,medium_seed2022,VoIPBuster,Gmail,2,200,0.01
FULL_FLOW,S-AB,iscx_vpn,medium_seed2022,VoIPBuster,ICQ,5,200,0.025
FULL_FLOW,S-AB,iscx_vpn,medium_seed2022,VoIPBuster,Netflix,1,200,0.005
FULL_FLOW,S-AB,iscx_vpn,medium_seed2022,VoIPBuster,SCP,11,200,0.055
FULL_FLOW,S-AB,iscx_vpn,medium_seed2022,VoIPBuster,SFTP,1,200,0.005
FULL_FLOW,S-AB,iscx_vpn,medium_seed2022,VoIPBuster,Spotify,0,200,0.0
FULL_FLOW,S-AB,iscx_vpn,medium_seed2022,VoIPBuster,Vimeo,0,200,0.0
FULL_FLOW,S-AB,iscx_vpn,medium_seed2022,VoIPBuster,VoIPBuster,94,200,0.47
FULL_FLOW,S-AB,iscx_tor,medium_seed2022,Browsing,Browsing,77,200,0.385
FULL_FLOW,S-AB,iscx_tor,medium_seed2022,Browsing,Email,4,200,0.02
FULL_FLOW,S-AB,iscx_tor,medium_seed2022,Browsing,FTP,90,200,0.45
FULL_FLOW,S-AB,iscx_tor,medium_seed2022,Browsing,Facebook,1,200,0.005
FULL_FLOW,S-AB,iscx_tor,medium_seed2022,Browsing,Hangouts,1,200,0.005
FULL_FLOW,S-AB,iscx_tor,medium_seed2022,Browsing,Spotify,2,200,0.01
FULL_FLOW,S-AB,iscx_tor,medium_seed2022,Browsing,Vimeo,6,200,0.03
FULL_FLOW,S-AB,iscx_tor,medium_seed2022,Browsing,YouTube,19,200,0.095
FULL_FLOW,S-AB,iscx_tor,medium_seed2022,Email,Browsing,3,54,0.05555555555555555
FULL_FLOW,S-AB,iscx_tor,medium_seed2022,Email,Email,32,54,0.5925925925925926
FULL_FLOW,S-AB,iscx_tor,medium_seed2022,Email,FTP,19,54,0.35185185185185186
FULL_FLOW,S-AB,iscx_tor,medium_seed2022,Email,Facebook,0,54,0.0
FULL_FLOW,S-AB,iscx_tor,medium_seed2022,Email,Hangouts,0,54,0.0
FULL_FLOW,S-AB,iscx_tor,medium_seed2022,Email,Spotify,0,54,0.0
FULL_FLOW,S-AB,iscx_tor,medium_seed2022,Email,Vimeo,0,54,0.0
FULL_FLOW,S-AB,iscx_tor,medium_seed2022,Email,YouTube,0,54,0.0
FULL_FLOW,S-AB,iscx_tor,medium_seed2022,FTP,Browsing,0,200,0.0
FULL_FLOW,S-AB,iscx_tor,medium_seed2022,FTP,Email,0,200,0.0
FULL_FLOW,S-AB,iscx_tor,medium_seed2022,FTP,FTP,196,200,0.98
FULL_FLOW,S-AB,iscx_tor,medium_seed2022,FTP,Facebook,0,200,0.0
FULL_FLOW,S-AB,iscx_tor,medium_seed2022,FTP,Hangouts,1,200,0.005
FULL_FLOW,S-AB,iscx_tor,medium_seed2022,FTP,Spotify,0,200,0.0
FULL_FLOW,S-AB,iscx_tor,medium_seed2022,FTP,Vimeo,1,200,0.005
FULL_FLOW,S-AB,iscx_tor,medium_seed2022,FTP,YouTube,2,200,0.01
FULL_FLOW,S-AB,iscx_tor,medium_seed2022,Facebook,Browsing,2,85,0.023529411764705882
FULL_FLOW,S-AB,iscx_tor,medium_seed2022,Facebook,Email,1,85,0.011764705882352941
FULL_FLOW,S-AB,iscx_tor,medium_seed2022,Facebook,FTP,34,85,0.4
FULL_FLOW,S-AB,iscx_tor,medium_seed2022,Facebook,Facebook,30,85,0.35294117647058826
FULL_FLOW,S-AB,iscx_tor,medium_seed2022,Facebook,Hangouts,4,85,0.047058823529411764
FULL_FLOW,S-AB,iscx_tor,medium_seed2022,Facebook,Spotify,0,85,0.0
FULL_FLOW,S-AB,iscx_tor,medium_seed2022,Facebook,Vimeo,6,85,0.07058823529411765
FULL_FLOW,S-AB,iscx_tor,medium_seed2022,Facebook,YouTube,8,85,0.09411764705882353
FULL_FLOW,S-AB,iscx_tor,medium_seed2022,Hangouts,Browsing,3,69,0.043478260869565216
FULL_FLOW,S-AB,iscx_tor,medium_seed2022,Hangouts,Email,0,69,0.0
FULL_FLOW,S-AB,iscx_tor,medium_seed2022,Hangouts,FTP,25,69,0.36231884057971014
FULL_FLOW,S-AB,iscx_tor,medium_seed2022,Hangouts,Facebook,4,69,0.057971014492753624
FULL_FLOW,S-AB,iscx_tor,medium_seed2022,Hangouts,Hangouts,17,69,0.2463768115942029
FULL_FLOW,S-AB,iscx_tor,medium_seed2022,Hangouts,Spotify,1,69,0.014492753623188406
FULL_FLOW,S-AB,iscx_tor,medium_seed2022,Hangouts,Vimeo,14,69,0.2028985507246377
FULL_FLOW,S-AB,iscx_tor,medium_seed2022,Hangouts,YouTube,5,69,0.07246376811594203
FULL_FLOW,S-AB,iscx_tor,medium_seed2022,Spotify,Browsing,0,147,0.0
FULL_FLOW,S-AB,iscx_tor,medium_seed2022,Spotify,Email,0,147,0.0
FULL_FLOW,S-AB,iscx_tor,medium_seed2022,Spotify,FTP,72,147,0.4897959183673469
FULL_FLOW,S-AB,iscx_tor,medium_seed2022,Spotify,Facebook,4,147,0.027210884353741496
FULL_FLOW,S-AB,iscx_tor,medium_seed2022,Spotify,Hangouts,2,147,0.013605442176870748
FULL_FLOW,S-AB,iscx_tor,medium_seed2022,Spotify,Spotify,64,147,0.43537414965986393
FULL_FLOW,S-AB,iscx_tor,medium_seed2022,Spotify,Vimeo,4,147,0.027210884353741496
FULL_FLOW,S-AB,iscx_tor,medium_seed2022,Spotify,YouTube,1,147,0.006802721088435374
FULL_FLOW,S-AB,iscx_tor,medium_seed2022,Vimeo,Browsing,5,152,0.03289473684210526
FULL_FLOW,S-AB,iscx_tor,medium_seed2022,Vimeo,Email,0,152,0.0
FULL_FLOW,S-AB,iscx_tor,medium_seed2022,Vimeo,FTP,55,152,0.3618421052631579
FULL_FLOW,S-AB,iscx_tor,medium_seed2022,Vimeo,Facebook,1,152,0.006578947368421052
FULL_FLOW,S-AB,iscx_tor,medium_seed2022,Vimeo,Hangouts,5,152,0.03289473684210526
FULL_FLOW,S-AB,iscx_tor,medium_seed2022,Vimeo,Spotify,6,152,0.039473684210526314
FULL_FLOW,S-AB,iscx_tor,medium_seed2022,Vimeo,Vimeo,57,152,0.375
FULL_FLOW,S-AB,iscx_tor,medium_seed2022,Vimeo,YouTube,23,152,0.1513157894736842
FULL_FLOW,S-AB,iscx_tor,medium_seed2022,YouTube,Browsing,13,200,0.065
FULL_FLOW,S-AB,iscx_tor,medium_seed2022,YouTube,Email,1,200,0.005
FULL_FLOW,S-AB,iscx_tor,medium_seed2022,YouTube,FTP,73,200,0.365
FULL_FLOW,S-AB,iscx_tor,medium_seed2022,YouTube,Facebook,0,200,0.0
FULL_FLOW,S-AB,iscx_tor,medium_seed2022,YouTube,Hangouts,4,200,0.02
FULL_FLOW,S-AB,iscx_tor,medium_seed2022,YouTube,Spotify,1,200,0.005
FULL_FLOW,S-AB,iscx_tor,medium_seed2022,YouTube,Vimeo,14,200,0.07
FULL_FLOW,S-AB,iscx_tor,medium_seed2022,YouTube,YouTube,94,200,0.47
FULL_FLOW,S-AB,vnat,medium_seed2025,netflix,netflix,17,20,0.85
FULL_FLOW,S-AB,vnat,medium_seed2025,netflix,rdp,0,20,0.0
FULL_FLOW,S-AB,vnat,medium_seed2025,netflix,rsync,0,20,0.0
FULL_FLOW,S-AB,vnat,medium_seed2025,netflix,scp,0,20,0.0
FULL_FLOW,S-AB,vnat,medium_seed2025,netflix,skype,0,20,0.0
FULL_FLOW,S-AB,vnat,medium_seed2025,netflix,ssh,0,20,0.0
FULL_FLOW,S-AB,vnat,medium_seed2025,netflix,youtube,3,20,0.15
FULL_FLOW,S-AB,vnat,medium_seed2025,rdp,netflix,0,4,0.0
FULL_FLOW,S-AB,vnat,medium_seed2025,rdp,rdp,2,4,0.5
FULL_FLOW,S-AB,vnat,medium_seed2025,rdp,rsync,0,4,0.0
FULL_FLOW,S-AB,vnat,medium_seed2025,rdp,scp,0,4,0.0
FULL_FLOW,S-AB,vnat,medium_seed2025,rdp,skype,1,4,0.25
FULL_FLOW,S-AB,vnat,medium_seed2025,rdp,ssh,1,4,0.25
FULL_FLOW,S-AB,vnat,medium_seed2025,rdp,youtube,0,4,0.0
FULL_FLOW,S-AB,vnat,medium_seed2025,rsync,netflix,0,191,0.0
FULL_FLOW,S-AB,vnat,medium_seed2025,rsync,rdp,0,191,0.0
FULL_FLOW,S-AB,vnat,medium_seed2025,rsync,rsync,61,191,0.3193717277486911
FULL_FLOW,S-AB,vnat,medium_seed2025,rsync,scp,130,191,0.680628272251309
FULL_FLOW,S-AB,vnat,medium_seed2025,rsync,skype,0,191,0.0
FULL_FLOW,S-AB,vnat,medium_seed2025,rsync,ssh,0,191,0.0
FULL_FLOW,S-AB,vnat,medium_seed2025,rsync,youtube,0,191,0.0
FULL_FLOW,S-AB,vnat,medium_seed2025,scp,netflix,0,229,0.0
FULL_FLOW,S-AB,vnat,medium_seed2025,scp,rdp,0,229,0.0
FULL_FLOW,S-AB,vnat,medium_seed2025,scp,rsync,42,229,0.18340611353711792
FULL_FLOW,S-AB,vnat,medium_seed2025,scp,scp,186,229,0.8122270742358079
FULL_FLOW,S-AB,vnat,medium_seed2025,scp,skype,0,229,0.0
FULL_FLOW,S-AB,vnat,medium_seed2025,scp,ssh,0,229,0.0
FULL_FLOW,S-AB,vnat,medium_seed2025,scp,youtube,1,229,0.004366812227074236
FULL_FLOW,S-AB,vnat,medium_seed2025,skype,netflix,0,126,0.0
FULL_FLOW,S-AB,vnat,medium_seed2025,skype,rdp,0,126,0.0
FULL_FLOW,S-AB,vnat,medium_seed2025,skype,rsync,0,126,0.0
FULL_FLOW,S-AB,vnat,medium_seed2025,skype,scp,0,126,0.0
FULL_FLOW,S-AB,vnat,medium_seed2025,skype,skype,126,126,1.0
FULL_FLOW,S-AB,vnat,medium_seed2025,skype,ssh,0,126,0.0
FULL_FLOW,S-AB,vnat,medium_seed2025,skype,youtube,0,126,0.0
FULL_FLOW,S-AB,vnat,medium_seed2025,ssh,netflix,0,1356,0.0
FULL_FLOW,S-AB,vnat,medium_seed2025,ssh,rdp,0,1356,0.0
FULL_FLOW,S-AB,vnat,medium_seed2025,ssh,rsync,0,1356,0.0
FULL_FLOW,S-AB,vnat,medium_seed2025,ssh,scp,0,1356,0.0
FULL_FLOW,S-AB,vnat,medium_seed2025,ssh,skype,1,1356,0.0007374631268436578
FULL_FLOW,S-AB,vnat,medium_seed2025,ssh,ssh,1355,1356,0.9992625368731564
FULL_FLOW,S-AB,vnat,medium_seed2025,ssh,youtube,0,1356,0.0
FULL_FLOW,S-AB,vnat,medium_seed2025,youtube,netflix,2,34,0.058823529411764705
FULL_FLOW,S-AB,vnat,medium_seed2025,youtube,rdp,0,34,0.0
FULL_FLOW,S-AB,vnat,medium_seed2025,youtube,rsync,0,34,0.0
FULL_FLOW,S-AB,vnat,medium_seed2025,youtube,scp,0,34,0.0
FULL_FLOW,S-AB,vnat,medium_seed2025,youtube,skype,0,34,0.0
FULL_FLOW,S-AB,vnat,medium_seed2025,youtube,ssh,1,34,0.029411764705882353
FULL_FLOW,S-AB,vnat,medium_seed2025,youtube,youtube,31,34,0.9117647058823529
FULL_FLOW,S-AB,vnat,medium_seed2026,netflix,netflix,11,20,0.55
FULL_FLOW,S-AB,vnat,medium_seed2026,netflix,rdp,0,20,0.0
FULL_FLOW,S-AB,vnat,medium_seed2026,netflix,rsync,0,20,0.0
FULL_FLOW,S-AB,vnat,medium_seed2026,netflix,skype,0,20,0.0
FULL_FLOW,S-AB,vnat,medium_seed2026,netflix,ssh,0,20,0.0
FULL_FLOW,S-AB,vnat,medium_seed2026,netflix,vimeo,9,20,0.45
FULL_FLOW,S-AB,vnat,medium_seed2026,netflix,zoiper,0,20,0.0
FULL_FLOW,S-AB,vnat,medium_seed2026,rdp,netflix,0,4,0.0
FULL_FLOW,S-AB,vnat,medium_seed2026,rdp,rdp,1,4,0.25
FULL_FLOW,S-AB,vnat,medium_seed2026,rdp,rsync,0,4,0.0
FULL_FLOW,S-AB,vnat,medium_seed2026,rdp,skype,1,4,0.25
FULL_FLOW,S-AB,vnat,medium_seed2026,rdp,ssh,2,4,0.5
FULL_FLOW,S-AB,vnat,medium_seed2026,rdp,vimeo,0,4,0.0
FULL_FLOW,S-AB,vnat,medium_seed2026,rdp,zoiper,0,4,0.0
FULL_FLOW,S-AB,vnat,medium_seed2026,rsync,netflix,0,191,0.0
FULL_FLOW,S-AB,vnat,medium_seed2026,rsync,rdp,0,191,0.0
FULL_FLOW,S-AB,vnat,medium_seed2026,rsync,rsync,190,191,0.9947643979057592
FULL_FLOW,S-AB,vnat,medium_seed2026,rsync,skype,0,191,0.0
FULL_FLOW,S-AB,vnat,medium_seed2026,rsync,ssh,0,191,0.0
FULL_FLOW,S-AB,vnat,medium_seed2026,rsync,vimeo,1,191,0.005235602094240838
FULL_FLOW,S-AB,vnat,medium_seed2026,rsync,zoiper,0,191,0.0
FULL_FLOW,S-AB,vnat,medium_seed2026,skype,netflix,0,126,0.0
FULL_FLOW,S-AB,vnat,medium_seed2026,skype,rdp,0,126,0.0
FULL_FLOW,S-AB,vnat,medium_seed2026,skype,rsync,0,126,0.0
FULL_FLOW,S-AB,vnat,medium_seed2026,skype,skype,126,126,1.0
FULL_FLOW,S-AB,vnat,medium_seed2026,skype,ssh,0,126,0.0
FULL_FLOW,S-AB,vnat,medium_seed2026,skype,vimeo,0,126,0.0
FULL_FLOW,S-AB,vnat,medium_seed2026,skype,zoiper,0,126,0.0
FULL_FLOW,S-AB,vnat,medium_seed2026,ssh,netflix,0,1356,0.0
FULL_FLOW,S-AB,vnat,medium_seed2026,ssh,rdp,0,1356,0.0
FULL_FLOW,S-AB,vnat,medium_seed2026,ssh,rsync,0,1356,0.0
FULL_FLOW,S-AB,vnat,medium_seed2026,ssh,skype,0,1356,0.0
FULL_FLOW,S-AB,vnat,medium_seed2026,ssh,ssh,1356,1356,1.0
FULL_FLOW,S-AB,vnat,medium_seed2026,ssh,vimeo,0,1356,0.0
FULL_FLOW,S-AB,vnat,medium_seed2026,ssh,zoiper,0,1356,0.0
FULL_FLOW,S-AB,vnat,medium_seed2026,vimeo,netflix,2,121,0.01652892561983471
FULL_FLOW,S-AB,vnat,medium_seed2026,vimeo,rdp,0,121,0.0
FULL_FLOW,S-AB,vnat,medium_seed2026,vimeo,rsync,0,121,0.0
FULL_FLOW,S-AB,vnat,medium_seed2026,vimeo,skype,0,121,0.0
FULL_FLOW,S-AB,vnat,medium_seed2026,vimeo,ssh,0,121,0.0
FULL_FLOW,S-AB,vnat,medium_seed2026,vimeo,vimeo,119,121,0.9834710743801653
FULL_FLOW,S-AB,vnat,medium_seed2026,vimeo,zoiper,0,121,0.0
FULL_FLOW,S-AB,vnat,medium_seed2026,zoiper,netflix,0,93,0.0
FULL_FLOW,S-AB,vnat,medium_seed2026,zoiper,rdp,0,93,0.0
FULL_FLOW,S-AB,vnat,medium_seed2026,zoiper,rsync,1,93,0.010752688172043012
FULL_FLOW,S-AB,vnat,medium_seed2026,zoiper,skype,0,93,0.0
FULL_FLOW,S-AB,vnat,medium_seed2026,zoiper,ssh,0,93,0.0
FULL_FLOW,S-AB,vnat,medium_seed2026,zoiper,vimeo,0,93,0.0
FULL_FLOW,S-AB,vnat,medium_seed2026,zoiper,zoiper,92,93,0.989247311827957
FULL_FLOW,S-AB,ustc,A-2,Gmail,Gmail,690,863,0.7995365005793743
FULL_FLOW,S-AB,ustc,A-2,Gmail,FTP,43,863,0.04982618771726535
FULL_FLOW,S-AB,ustc,A-2,Gmail,Nsis-ay,0,863,0.0
FULL_FLOW,S-AB,ustc,A-2,Gmail,Facetime,0,863,0.0
FULL_FLOW,S-AB,ustc,A-2,Gmail,Weibo,0,863,0.0
FULL_FLOW,S-AB,ustc,A-2,Gmail,Cridex,0,863,0.0
FULL_FLOW,S-AB,ustc,A-2,Gmail,Zeus,0,863,0.0
FULL_FLOW,S-AB,ustc,A-2,Gmail,SMB,3,863,0.0034762456546929316
FULL_FLOW,S-AB,ustc,A-2,Gmail,BitTorrent,4,863,0.004634994206257242
FULL_FLOW,S-AB,ustc,A-2,Gmail,WorldOfWarcraft,1,863,0.0011587485515643105
FULL_FLOW,S-AB,ustc,A-2,Gmail,Shifu,0,863,0.0
FULL_FLOW,S-AB,ustc,A-2,Gmail,Outlook,59,863,0.06836616454229433
FULL_FLOW,S-AB,ustc,A-2,Gmail,Virut,0,863,0.0
FULL_FLOW,S-AB,ustc,A-2,Gmail,MySQL,57,863,0.0660486674391657
FULL_FLOW,S-AB,ustc,A-2,Gmail,Skype,6,863,0.006952491309385863
FULL_FLOW,S-AB,ustc,A-2,Gmail,Miuref,0,863,0.0
FULL_FLOW,S-AB,ustc,A-2,Gmail,Neris,0,863,0.0
FULL_FLOW,S-AB,ustc,A-2,FTP,Gmail,7,10103,0.0006928635058893398
FULL_FLOW,S-AB,ustc,A-2,FTP,FTP,9899,10103,0.9798079778283678
FULL_FLOW,S-AB,ustc,A-2,FTP,Nsis-ay,0,10103,0.0
FULL_FLOW,S-AB,ustc,A-2,FTP,Facetime,0,10103,0.0
FULL_FLOW,S-AB,ustc,A-2,FTP,Weibo,0,10103,0.0
FULL_FLOW,S-AB,ustc,A-2,FTP,Cridex,0,10103,0.0
FULL_FLOW,S-AB,ustc,A-2,FTP,Zeus,0,10103,0.0
FULL_FLOW,S-AB,ustc,A-2,FTP,SMB,0,10103,0.0
FULL_FLOW,S-AB,ustc,A-2,FTP,BitTorrent,0,10103,0.0
FULL_FLOW,S-AB,ustc,A-2,FTP,WorldOfWarcraft,0,10103,0.0
FULL_FLOW,S-AB,ustc,A-2,FTP,Shifu,0,10103,0.0
FULL_FLOW,S-AB,ustc,A-2,FTP,Outlook,0,10103,0.0
FULL_FLOW,S-AB,ustc,A-2,FTP,Virut,0,10103,0.0
FULL_FLOW,S-AB,ustc,A-2,FTP,MySQL,196,10103,0.019400178164901513
FULL_FLOW,S-AB,ustc,A-2,FTP,Skype,1,10103,9.898050084133426e-05
FULL_FLOW,S-AB,ustc,A-2,FTP,Miuref,0,10103,0.0
FULL_FLOW,S-AB,ustc,A-2,FTP,Neris,0,10103,0.0
FULL_FLOW,S-AB,ustc,A-2,Nsis-ay,Gmail,0,607,0.0
FULL_FLOW,S-AB,ustc,A-2,Nsis-ay,FTP,0,607,0.0
FULL_FLOW,S-AB,ustc,A-2,Nsis-ay,Nsis-ay,598,607,0.985172981878089
FULL_FLOW,S-AB,ustc,A-2,Nsis-ay,Facetime,0,607,0.0
FULL_FLOW,S-AB,ustc,A-2,Nsis-ay,Weibo,0,607,0.0
FULL_FLOW,S-AB,ustc,A-2,Nsis-ay,Cridex,0,607,0.0
FULL_FLOW,S-AB,ustc,A-2,Nsis-ay,Zeus,0,607,0.0
FULL_FLOW,S-AB,ustc,A-2,Nsis-ay,SMB,0,607,0.0
FULL_FLOW,S-AB,ustc,A-2,Nsis-ay,BitTorrent,0,607,0.0
FULL_FLOW,S-AB,ustc,A-2,Nsis-ay,WorldOfWarcraft,0,607,0.0
FULL_FLOW,S-AB,ustc,A-2,Nsis-ay,Shifu,0,607,0.0
FULL_FLOW,S-AB,ustc,A-2,Nsis-ay,Outlook,0,607,0.0
FULL_FLOW,S-AB,ustc,A-2,Nsis-ay,Virut,5,607,0.008237232289950576
FULL_FLOW,S-AB,ustc,A-2,Nsis-ay,MySQL,0,607,0.0
FULL_FLOW,S-AB,ustc,A-2,Nsis-ay,Skype,0,607,0.0
FULL_FLOW,S-AB,ustc,A-2,Nsis-ay,Miuref,0,607,0.0
FULL_FLOW,S-AB,ustc,A-2,Nsis-ay,Neris,4,607,0.006589785831960461
FULL_FLOW,S-AB,ustc,A-2,Facetime,Gmail,0,600,0.0
FULL_FLOW,S-AB,ustc,A-2,Facetime,FTP,0,600,0.0
FULL_FLOW,S-AB,ustc,A-2,Facetime,Nsis-ay,0,600,0.0
FULL_FLOW,S-AB,ustc,A-2,Facetime,Facetime,600,600,1.0
FULL_FLOW,S-AB,ustc,A-2,Facetime,Weibo,0,600,0.0
FULL_FLOW,S-AB,ustc,A-2,Facetime,Cridex,0,600,0.0
FULL_FLOW,S-AB,ustc,A-2,Facetime,Zeus,0,600,0.0
FULL_FLOW,S-AB,ustc,A-2,Facetime,SMB,0,600,0.0
FULL_FLOW,S-AB,ustc,A-2,Facetime,BitTorrent,0,600,0.0
FULL_FLOW,S-AB,ustc,A-2,Facetime,WorldOfWarcraft,0,600,0.0
FULL_FLOW,S-AB,ustc,A-2,Facetime,Shifu,0,600,0.0
FULL_FLOW,S-AB,ustc,A-2,Facetime,Outlook,0,600,0.0
FULL_FLOW,S-AB,ustc,A-2,Facetime,Virut,0,600,0.0
FULL_FLOW,S-AB,ustc,A-2,Facetime,MySQL,0,600,0.0
FULL_FLOW,S-AB,ustc,A-2,Facetime,Skype,0,600,0.0
FULL_FLOW,S-AB,ustc,A-2,Facetime,Miuref,0,600,0.0
FULL_FLOW,S-AB,ustc,A-2,Facetime,Neris,0,600,0.0
FULL_FLOW,S-AB,ustc,A-2,Weibo,Gmail,0,3995,0.0
FULL_FLOW,S-AB,ustc,A-2,Weibo,FTP,0,3995,0.0
FULL_FLOW,S-AB,ustc,A-2,Weibo,Nsis-ay,0,3995,0.0
FULL_FLOW,S-AB,ustc,A-2,Weibo,Facetime,0,3995,0.0
FULL_FLOW,S-AB,ustc,A-2,Weibo,Weibo,3217,3995,0.8052565707133917
FULL_FLOW,S-AB,ustc,A-2,Weibo,Cridex,0,3995,0.0
FULL_FLOW,S-AB,ustc,A-2,Weibo,Zeus,0,3995,0.0
FULL_FLOW,S-AB,ustc,A-2,Weibo,SMB,770,3995,0.1927409261576971
FULL_FLOW,S-AB,ustc,A-2,Weibo,BitTorrent,0,3995,0.0
FULL_FLOW,S-AB,ustc,A-2,Weibo,WorldOfWarcraft,0,3995,0.0
FULL_FLOW,S-AB,ustc,A-2,Weibo,Shifu,0,3995,0.0
FULL_FLOW,S-AB,ustc,A-2,Weibo,Outlook,0,3995,0.0
FULL_FLOW,S-AB,ustc,A-2,Weibo,Virut,0,3995,0.0
FULL_FLOW,S-AB,ustc,A-2,Weibo,MySQL,0,3995,0.0
FULL_FLOW,S-AB,ustc,A-2,Weibo,Skype,8,3995,0.002002503128911139
FULL_FLOW,S-AB,ustc,A-2,Weibo,Miuref,0,3995,0.0
FULL_FLOW,S-AB,ustc,A-2,Weibo,Neris,0,3995,0.0
FULL_FLOW,S-AB,ustc,A-2,Cridex,Gmail,0,1638,0.0
FULL_FLOW,S-AB,ustc,A-2,Cridex,FTP,0,1638,0.0
FULL_FLOW,S-AB,ustc,A-2,Cridex,Nsis-ay,0,1638,0.0
FULL_FLOW,S-AB,ustc,A-2,Cridex,Facetime,0,1638,0.0
FULL_FLOW,S-AB,ustc,A-2,Cridex,Weibo,0,1638,0.0
FULL_FLOW,S-AB,ustc,A-2,Cridex,Cridex,1638,1638,1.0
FULL_FLOW,S-AB,ustc,A-2,Cridex,Zeus,0,1638,0.0
FULL_FLOW,S-AB,ustc,A-2,Cridex,SMB,0,1638,0.0
FULL_FLOW,S-AB,ustc,A-2,Cridex,BitTorrent,0,1638,0.0
FULL_FLOW,S-AB,ustc,A-2,Cridex,WorldOfWarcraft,0,1638,0.0
FULL_FLOW,S-AB,ustc,A-2,Cridex,Shifu,0,1638,0.0
FULL_FLOW,S-AB,ustc,A-2,Cridex,Outlook,0,1638,0.0
FULL_FLOW,S-AB,ustc,A-2,Cridex,Virut,0,1638,0.0
FULL_FLOW,S-AB,ustc,A-2,Cridex,MySQL,0,1638,0.0
FULL_FLOW,S-AB,ustc,A-2,Cridex,Skype,0,1638,0.0
FULL_FLOW,S-AB,ustc,A-2,Cridex,Miuref,0,1638,0.0
FULL_FLOW,S-AB,ustc,A-2,Cridex,Neris,0,1638,0.0
FULL_FLOW,S-AB,ustc,A-2,Zeus,Gmail,0,1097,0.0
FULL_FLOW,S-AB,ustc,A-2,Zeus,FTP,0,1097,0.0
FULL_FLOW,S-AB,ustc,A-2,Zeus,Nsis-ay,0,1097,0.0
FULL_FLOW,S-AB,ustc,A-2,Zeus,Facetime,0,1097,0.0
FULL_FLOW,S-AB,ustc,A-2,Zeus,Weibo,0,1097,0.0
FULL_FLOW,S-AB,ustc,A-2,Zeus,Cridex,0,1097,0.0
FULL_FLOW,S-AB,ustc,A-2,Zeus,Zeus,1096,1097,0.9990884229717412
FULL_FLOW,S-AB,ustc,A-2,Zeus,SMB,0,1097,0.0
FULL_FLOW,S-AB,ustc,A-2,Zeus,BitTorrent,0,1097,0.0
FULL_FLOW,S-AB,ustc,A-2,Zeus,WorldOfWarcraft,0,1097,0.0
FULL_FLOW,S-AB,ustc,A-2,Zeus,Shifu,0,1097,0.0
FULL_FLOW,S-AB,ustc,A-2,Zeus,Outlook,0,1097,0.0
FULL_FLOW,S-AB,ustc,A-2,Zeus,Virut,0,1097,0.0
FULL_FLOW,S-AB,ustc,A-2,Zeus,MySQL,0,1097,0.0
FULL_FLOW,S-AB,ustc,A-2,Zeus,Skype,0,1097,0.0
FULL_FLOW,S-AB,ustc,A-2,Zeus,Miuref,0,1097,0.0
FULL_FLOW,S-AB,ustc,A-2,Zeus,Neris,1,1097,0.0009115770282588879
FULL_FLOW,S-AB,ustc,A-2,SMB,Gmail,5,3893,0.0012843565373747753
FULL_FLOW,S-AB,ustc,A-2,SMB,FTP,1,3893,0.00025687130747495504
FULL_FLOW,S-AB,ustc,A-2,SMB,Nsis-ay,0,3893,0.0
FULL_FLOW,S-AB,ustc,A-2,SMB,Facetime,0,3893,0.0
FULL_FLOW,S-AB,ustc,A-2,SMB,Weibo,1167,3893,0.2997688158232725
FULL_FLOW,S-AB,ustc,A-2,SMB,Cridex,0,3893,0.0
FULL_FLOW,S-AB,ustc,A-2,SMB,Zeus,0,3893,0.0
FULL_FLOW,S-AB,ustc,A-2,SMB,SMB,2708,3893,0.6956075006421782
FULL_FLOW,S-AB,ustc,A-2,SMB,BitTorrent,0,3893,0.0
FULL_FLOW,S-AB,ustc,A-2,SMB,WorldOfWarcraft,0,3893,0.0
FULL_FLOW,S-AB,ustc,A-2,SMB,Shifu,0,3893,0.0
FULL_FLOW,S-AB,ustc,A-2,SMB,Outlook,0,3893,0.0
FULL_FLOW,S-AB,ustc,A-2,SMB,Virut,0,3893,0.0
FULL_FLOW,S-AB,ustc,A-2,SMB,MySQL,9,3893,0.0023118417672745952
FULL_FLOW,S-AB,ustc,A-2,SMB,Skype,3,3893,0.0007706139224248652
FULL_FLOW,S-AB,ustc,A-2,SMB,Miuref,0,3893,0.0
FULL_FLOW,S-AB,ustc,A-2,SMB,Neris,0,3893,0.0
FULL_FLOW,S-AB,ustc,A-2,BitTorrent,Gmail,1,752,0.0013297872340425532
FULL_FLOW,S-AB,ustc,A-2,BitTorrent,FTP,0,752,0.0
FULL_FLOW,S-AB,ustc,A-2,BitTorrent,Nsis-ay,0,752,0.0
FULL_FLOW,S-AB,ustc,A-2,BitTorrent,Facetime,0,752,0.0
FULL_FLOW,S-AB,ustc,A-2,BitTorrent,Weibo,0,752,0.0
FULL_FLOW,S-AB,ustc,A-2,BitTorrent,Cridex,0,752,0.0
FULL_FLOW,S-AB,ustc,A-2,BitTorrent,Zeus,0,752,0.0
FULL_FLOW,S-AB,ustc,A-2,BitTorrent,SMB,0,752,0.0
FULL_FLOW,S-AB,ustc,A-2,BitTorrent,BitTorrent,628,752,0.8351063829787234
FULL_FLOW,S-AB,ustc,A-2,BitTorrent,WorldOfWarcraft,0,752,0.0
FULL_FLOW,S-AB,ustc,A-2,BitTorrent,Shifu,0,752,0.0
FULL_FLOW,S-AB,ustc,A-2,BitTorrent,Outlook,120,752,0.1595744680851064
FULL_FLOW,S-AB,ustc,A-2,BitTorrent,Virut,0,752,0.0
FULL_FLOW,S-AB,ustc,A-2,BitTorrent,MySQL,0,752,0.0
FULL_FLOW,S-AB,ustc,A-2,BitTorrent,Skype,3,752,0.003989361702127659
FULL_FLOW,S-AB,ustc,A-2,BitTorrent,Miuref,0,752,0.0
FULL_FLOW,S-AB,ustc,A-2,BitTorrent,Neris,0,752,0.0
FULL_FLOW,S-AB,ustc,A-2,WorldOfWarcraft,Gmail,1,789,0.0012674271229404308
FULL_FLOW,S-AB,ustc,A-2,WorldOfWarcraft,FTP,1,789,0.0012674271229404308
FULL_FLOW,S-AB,ustc,A-2,WorldOfWarcraft,Nsis-ay,0,789,0.0
FULL_FLOW,S-AB,ustc,A-2,WorldOfWarcraft,Facetime,0,789,0.0
FULL_FLOW,S-AB,ustc,A-2,WorldOfWarcraft,Weibo,0,789,0.0
FULL_FLOW,S-AB,ustc,A-2,WorldOfWarcraft,Cridex,0,789,0.0
FULL_FLOW,S-AB,ustc,A-2,WorldOfWarcraft,Zeus,0,789,0.0
FULL_FLOW,S-AB,ustc,A-2,WorldOfWarcraft,SMB,0,789,0.0
FULL_FLOW,S-AB,ustc,A-2,WorldOfWarcraft,BitTorrent,0,789,0.0
FULL_FLOW,S-AB,ustc,A-2,WorldOfWarcraft,WorldOfWarcraft,786,789,0.9961977186311787
FULL_FLOW,S-AB,ustc,A-2,WorldOfWarcraft,Shifu,0,789,0.0
FULL_FLOW,S-AB,ustc,A-2,WorldOfWarcraft,Outlook,0,789,0.0
FULL_FLOW,S-AB,ustc,A-2,WorldOfWarcraft,Virut,0,789,0.0
FULL_FLOW,S-AB,ustc,A-2,WorldOfWarcraft,MySQL,1,789,0.0012674271229404308
FULL_FLOW,S-AB,ustc,A-2,WorldOfWarcraft,Skype,0,789,0.0
FULL_FLOW,S-AB,ustc,A-2,WorldOfWarcraft,Miuref,0,789,0.0
FULL_FLOW,S-AB,ustc,A-2,WorldOfWarcraft,Neris,0,789,0.0
FULL_FLOW,S-AB,ustc,A-2,Shifu,Gmail,0,963,0.0
FULL_FLOW,S-AB,ustc,A-2,Shifu,FTP,0,963,0.0
FULL_FLOW,S-AB,ustc,A-2,Shifu,Nsis-ay,0,963,0.0
FULL_FLOW,S-AB,ustc,A-2,Shifu,Facetime,0,963,0.0
FULL_FLOW,S-AB,ustc,A-2,Shifu,Weibo,0,963,0.0
FULL_FLOW,S-AB,ustc,A-2,Shifu,Cridex,0,963,0.0
FULL_FLOW,S-AB,ustc,A-2,Shifu,Zeus,0,963,0.0
FULL_FLOW,S-AB,ustc,A-2,Shifu,SMB,0,963,0.0
FULL_FLOW,S-AB,ustc,A-2,Shifu,BitTorrent,0,963,0.0
FULL_FLOW,S-AB,ustc,A-2,Shifu,WorldOfWarcraft,0,963,0.0
FULL_FLOW,S-AB,ustc,A-2,Shifu,Shifu,959,963,0.995846313603323
FULL_FLOW,S-AB,ustc,A-2,Shifu,Outlook,0,963,0.0
FULL_FLOW,S-AB,ustc,A-2,Shifu,Virut,0,963,0.0
FULL_FLOW,S-AB,ustc,A-2,Shifu,MySQL,0,963,0.0
FULL_FLOW,S-AB,ustc,A-2,Shifu,Skype,0,963,0.0
FULL_FLOW,S-AB,ustc,A-2,Shifu,Miuref,3,963,0.003115264797507788
FULL_FLOW,S-AB,ustc,A-2,Shifu,Neris,1,963,0.0010384215991692627
FULL_FLOW,S-AB,ustc,A-2,Outlook,Gmail,5,753,0.006640106241699867
FULL_FLOW,S-AB,ustc,A-2,Outlook,FTP,0,753,0.0
FULL_FLOW,S-AB,ustc,A-2,Outlook,Nsis-ay,0,753,0.0
FULL_FLOW,S-AB,ustc,A-2,Outlook,Facetime,0,753,0.0
FULL_FLOW,S-AB,ustc,A-2,Outlook,Weibo,0,753,0.0
FULL_FLOW,S-AB,ustc,A-2,Outlook,Cridex,0,753,0.0
FULL_FLOW,S-AB,ustc,A-2,Outlook,Zeus,0,753,0.0
FULL_FLOW,S-AB,ustc,A-2,Outlook,SMB,1,753,0.0013280212483399733
FULL_FLOW,S-AB,ustc,A-2,Outlook,BitTorrent,32,753,0.04249667994687915
FULL_FLOW,S-AB,ustc,A-2,Outlook,WorldOfWarcraft,0,753,0.0
FULL_FLOW,S-AB,ustc,A-2,Outlook,Shifu,0,753,0.0
FULL_FLOW,S-AB,ustc,A-2,Outlook,Outlook,711,753,0.9442231075697212
FULL_FLOW,S-AB,ustc,A-2,Outlook,Virut,0,753,0.0
FULL_FLOW,S-AB,ustc,A-2,Outlook,MySQL,0,753,0.0
FULL_FLOW,S-AB,ustc,A-2,Outlook,Skype,4,753,0.005312084993359893
FULL_FLOW,S-AB,ustc,A-2,Outlook,Miuref,0,753,0.0
FULL_FLOW,S-AB,ustc,A-2,Outlook,Neris,0,753,0.0
FULL_FLOW,S-AB,ustc,A-2,Virut,Gmail,0,3310,0.0
FULL_FLOW,S-AB,ustc,A-2,Virut,FTP,0,3310,0.0
FULL_FLOW,S-AB,ustc,A-2,Virut,Nsis-ay,2,3310,0.0006042296072507553
FULL_FLOW,S-AB,ustc,A-2,Virut,Facetime,0,3310,0.0
FULL_FLOW,S-AB,ustc,A-2,Virut,Weibo,0,3310,0.0
FULL_FLOW,S-AB,ustc,A-2,Virut,Cridex,0,3310,0.0
FULL_FLOW,S-AB,ustc,A-2,Virut,Zeus,0,3310,0.0
FULL_FLOW,S-AB,ustc,A-2,Virut,SMB,0,3310,0.0
FULL_FLOW,S-AB,ustc,A-2,Virut,BitTorrent,0,3310,0.0
FULL_FLOW,S-AB,ustc,A-2,Virut,WorldOfWarcraft,0,3310,0.0
FULL_FLOW,S-AB,ustc,A-2,Virut,Shifu,1,3310,0.00030211480362537764
FULL_FLOW,S-AB,ustc,A-2,Virut,Outlook,0,3310,0.0
FULL_FLOW,S-AB,ustc,A-2,Virut,Virut,2792,3310,0.8435045317220544
FULL_FLOW,S-AB,ustc,A-2,Virut,MySQL,0,3310,0.0
FULL_FLOW,S-AB,ustc,A-2,Virut,Skype,0,3310,0.0
FULL_FLOW,S-AB,ustc,A-2,Virut,Miuref,0,3310,0.0
FULL_FLOW,S-AB,ustc,A-2,Virut,Neris,515,3310,0.1555891238670695
FULL_FLOW,S-AB,ustc,A-2,MySQL,Gmail,10,8609,0.0011615750958299453
FULL_FLOW,S-AB,ustc,A-2,MySQL,FTP,183,8609,0.021256824253688
FULL_FLOW,S-AB,ustc,A-2,MySQL,Nsis-ay,1,8609,0.00011615750958299454
FULL_FLOW,S-AB,ustc,A-2,MySQL,Facetime,0,8609,0.0
FULL_FLOW,S-AB,ustc,A-2,MySQL,Weibo,0,8609,0.0
FULL_FLOW,S-AB,ustc,A-2,MySQL,Cridex,0,8609,0.0
FULL_FLOW,S-AB,ustc,A-2,MySQL,Zeus,0,8609,0.0
FULL_FLOW,S-AB,ustc,A-2,MySQL,SMB,3,8609,0.0003484725287489836
FULL_FLOW,S-AB,ustc,A-2,MySQL,BitTorrent,0,8609,0.0
FULL_FLOW,S-AB,ustc,A-2,MySQL,WorldOfWarcraft,0,8609,0.0
FULL_FLOW,S-AB,ustc,A-2,MySQL,Shifu,0,8609,0.0
FULL_FLOW,S-AB,ustc,A-2,MySQL,Outlook,0,8609,0.0
FULL_FLOW,S-AB,ustc,A-2,MySQL,Virut,0,8609,0.0
FULL_FLOW,S-AB,ustc,A-2,MySQL,MySQL,8406,8609,0.9764200255546521
FULL_FLOW,S-AB,ustc,A-2,MySQL,Skype,6,8609,0.0006969450574979672
FULL_FLOW,S-AB,ustc,A-2,MySQL,Miuref,0,8609,0.0
FULL_FLOW,S-AB,ustc,A-2,MySQL,Neris,0,8609,0.0
FULL_FLOW,S-AB,ustc,A-2,Skype,Gmail,0,632,0.0
FULL_FLOW,S-AB,ustc,A-2,Skype,FTP,0,632,0.0
FULL_FLOW,S-AB,ustc,A-2,Skype,Nsis-ay,0,632,0.0
FULL_FLOW,S-AB,ustc,A-2,Skype,Facetime,0,632,0.0
FULL_FLOW,S-AB,ustc,A-2,Skype,Weibo,0,632,0.0
FULL_FLOW,S-AB,ustc,A-2,Skype,Cridex,0,632,0.0
FULL_FLOW,S-AB,ustc,A-2,Skype,Zeus,0,632,0.0
FULL_FLOW,S-AB,ustc,A-2,Skype,SMB,0,632,0.0
FULL_FLOW,S-AB,ustc,A-2,Skype,BitTorrent,0,632,0.0
FULL_FLOW,S-AB,ustc,A-2,Skype,WorldOfWarcraft,0,632,0.0
FULL_FLOW,S-AB,ustc,A-2,Skype,Shifu,0,632,0.0
FULL_FLOW,S-AB,ustc,A-2,Skype,Outlook,0,632,0.0
FULL_FLOW,S-AB,ustc,A-2,Skype,Virut,0,632,0.0
FULL_FLOW,S-AB,ustc,A-2,Skype,MySQL,0,632,0.0
FULL_FLOW,S-AB,ustc,A-2,Skype,Skype,632,632,1.0
FULL_FLOW,S-AB,ustc,A-2,Skype,Miuref,0,632,0.0
FULL_FLOW,S-AB,ustc,A-2,Skype,Neris,0,632,0.0
FULL_FLOW,S-AB,ustc,A-2,Miuref,Gmail,0,1348,0.0
FULL_FLOW,S-AB,ustc,A-2,Miuref,FTP,0,1348,0.0
FULL_FLOW,S-AB,ustc,A-2,Miuref,Nsis-ay,0,1348,0.0
FULL_FLOW,S-AB,ustc,A-2,Miuref,Facetime,0,1348,0.0
FULL_FLOW,S-AB,ustc,A-2,Miuref,Weibo,0,1348,0.0
FULL_FLOW,S-AB,ustc,A-2,Miuref,Cridex,0,1348,0.0
FULL_FLOW,S-AB,ustc,A-2,Miuref,Zeus,0,1348,0.0
FULL_FLOW,S-AB,ustc,A-2,Miuref,SMB,0,1348,0.0
FULL_FLOW,S-AB,ustc,A-2,Miuref,BitTorrent,0,1348,0.0
FULL_FLOW,S-AB,ustc,A-2,Miuref,WorldOfWarcraft,0,1348,0.0
FULL_FLOW,S-AB,ustc,A-2,Miuref,Shifu,0,1348,0.0
FULL_FLOW,S-AB,ustc,A-2,Miuref,Outlook,0,1348,0.0
FULL_FLOW,S-AB,ustc,A-2,Miuref,Virut,0,1348,0.0
FULL_FLOW,S-AB,ustc,A-2,Miuref,MySQL,0,1348,0.0
FULL_FLOW,S-AB,ustc,A-2,Miuref,Skype,0,1348,0.0
FULL_FLOW,S-AB,ustc,A-2,Miuref,Miuref,1348,1348,1.0
FULL_FLOW,S-AB,ustc,A-2,Miuref,Neris,0,1348,0.0
FULL_FLOW,S-AB,ustc,A-2,Neris,Gmail,0,3379,0.0
FULL_FLOW,S-AB,ustc,A-2,Neris,FTP,0,3379,0.0
FULL_FLOW,S-AB,ustc,A-2,Neris,Nsis-ay,1,3379,0.0002959455460195324
FULL_FLOW,S-AB,ustc,A-2,Neris,Facetime,0,3379,0.0
FULL_FLOW,S-AB,ustc,A-2,Neris,Weibo,0,3379,0.0
FULL_FLOW,S-AB,ustc,A-2,Neris,Cridex,0,3379,0.0
FULL_FLOW,S-AB,ustc,A-2,Neris,Zeus,1,3379,0.0002959455460195324
FULL_FLOW,S-AB,ustc,A-2,Neris,SMB,0,3379,0.0
FULL_FLOW,S-AB,ustc,A-2,Neris,BitTorrent,0,3379,0.0
FULL_FLOW,S-AB,ustc,A-2,Neris,WorldOfWarcraft,0,3379,0.0
FULL_FLOW,S-AB,ustc,A-2,Neris,Shifu,1,3379,0.0002959455460195324
FULL_FLOW,S-AB,ustc,A-2,Neris,Outlook,0,3379,0.0
FULL_FLOW,S-AB,ustc,A-2,Neris,Virut,172,3379,0.050902633915359576
FULL_FLOW,S-AB,ustc,A-2,Neris,MySQL,1,3379,0.0002959455460195324
FULL_FLOW,S-AB,ustc,A-2,Neris,Skype,0,3379,0.0
FULL_FLOW,S-AB,ustc,A-2,Neris,Miuref,0,3379,0.0
FULL_FLOW,S-AB,ustc,A-2,Neris,Neris,3203,3379,0.9479135839005624
FULL_FLOW,S-ABC,iscx_vpn,medium_seed2022,AIM,AIM,7,53,0.1320754716981132
FULL_FLOW,S-ABC,iscx_vpn,medium_seed2022,AIM,BitTorrent,1,53,0.018867924528301886
FULL_FLOW,S-ABC,iscx_vpn,medium_seed2022,AIM,Email,6,53,0.11320754716981132
FULL_FLOW,S-ABC,iscx_vpn,medium_seed2022,AIM,FTPS,2,53,0.03773584905660377
FULL_FLOW,S-ABC,iscx_vpn,medium_seed2022,AIM,Facebook,22,53,0.41509433962264153
FULL_FLOW,S-ABC,iscx_vpn,medium_seed2022,AIM,Gmail,2,53,0.03773584905660377
FULL_FLOW,S-ABC,iscx_vpn,medium_seed2022,AIM,ICQ,7,53,0.1320754716981132
FULL_FLOW,S-ABC,iscx_vpn,medium_seed2022,AIM,Netflix,0,53,0.0
FULL_FLOW,S-ABC,iscx_vpn,medium_seed2022,AIM,SCP,2,53,0.03773584905660377
FULL_FLOW,S-ABC,iscx_vpn,medium_seed2022,AIM,SFTP,1,53,0.018867924528301886
FULL_FLOW,S-ABC,iscx_vpn,medium_seed2022,AIM,Spotify,0,53,0.0
FULL_FLOW,S-ABC,iscx_vpn,medium_seed2022,AIM,Vimeo,0,53,0.0
FULL_FLOW,S-ABC,iscx_vpn,medium_seed2022,AIM,VoIPBuster,3,53,0.05660377358490566
FULL_FLOW,S-ABC,iscx_vpn,medium_seed2022,BitTorrent,AIM,0,100,0.0
FULL_FLOW,S-ABC,iscx_vpn,medium_seed2022,BitTorrent,BitTorrent,96,100,0.96
FULL_FLOW,S-ABC,iscx_vpn,medium_seed2022,BitTorrent,Email,1,100,0.01
FULL_FLOW,S-ABC,iscx_vpn,medium_seed2022,BitTorrent,FTPS,2,100,0.02
FULL_FLOW,S-ABC,iscx_vpn,medium_seed2022,BitTorrent,Facebook,0,100,0.0
FULL_FLOW,S-ABC,iscx_vpn,medium_seed2022,BitTorrent,Gmail,0,100,0.0
FULL_FLOW,S-ABC,iscx_vpn,medium_seed2022,BitTorrent,ICQ,0,100,0.0
FULL_FLOW,S-ABC,iscx_vpn,medium_seed2022,BitTorrent,Netflix,1,100,0.01
FULL_FLOW,S-ABC,iscx_vpn,medium_seed2022,BitTorrent,SCP,0,100,0.0
FULL_FLOW,S-ABC,iscx_vpn,medium_seed2022,BitTorrent,SFTP,0,100,0.0
FULL_FLOW,S-ABC,iscx_vpn,medium_seed2022,BitTorrent,Spotify,0,100,0.0
FULL_FLOW,S-ABC,iscx_vpn,medium_seed2022,BitTorrent,Vimeo,0,100,0.0
FULL_FLOW,S-ABC,iscx_vpn,medium_seed2022,BitTorrent,VoIPBuster,0,100,0.0
FULL_FLOW,S-ABC,iscx_vpn,medium_seed2022,Email,AIM,2,200,0.01
FULL_FLOW,S-ABC,iscx_vpn,medium_seed2022,Email,BitTorrent,8,200,0.04
FULL_FLOW,S-ABC,iscx_vpn,medium_seed2022,Email,Email,75,200,0.375
FULL_FLOW,S-ABC,iscx_vpn,medium_seed2022,Email,FTPS,8,200,0.04
FULL_FLOW,S-ABC,iscx_vpn,medium_seed2022,Email,Facebook,80,200,0.4
FULL_FLOW,S-ABC,iscx_vpn,medium_seed2022,Email,Gmail,1,200,0.005
FULL_FLOW,S-ABC,iscx_vpn,medium_seed2022,Email,ICQ,3,200,0.015
FULL_FLOW,S-ABC,iscx_vpn,medium_seed2022,Email,Netflix,3,200,0.015
FULL_FLOW,S-ABC,iscx_vpn,medium_seed2022,Email,SCP,2,200,0.01
FULL_FLOW,S-ABC,iscx_vpn,medium_seed2022,Email,SFTP,0,200,0.0
FULL_FLOW,S-ABC,iscx_vpn,medium_seed2022,Email,Spotify,0,200,0.0
FULL_FLOW,S-ABC,iscx_vpn,medium_seed2022,Email,Vimeo,0,200,0.0
FULL_FLOW,S-ABC,iscx_vpn,medium_seed2022,Email,VoIPBuster,18,200,0.09
FULL_FLOW,S-ABC,iscx_vpn,medium_seed2022,FTPS,AIM,1,200,0.005
FULL_FLOW,S-ABC,iscx_vpn,medium_seed2022,FTPS,BitTorrent,22,200,0.11
FULL_FLOW,S-ABC,iscx_vpn,medium_seed2022,FTPS,Email,4,200,0.02
FULL_FLOW,S-ABC,iscx_vpn,medium_seed2022,FTPS,FTPS,147,200,0.735
FULL_FLOW,S-ABC,iscx_vpn,medium_seed2022,FTPS,Facebook,2,200,0.01
FULL_FLOW,S-ABC,iscx_vpn,medium_seed2022,FTPS,Gmail,1,200,0.005
FULL_FLOW,S-ABC,iscx_vpn,medium_seed2022,FTPS,ICQ,0,200,0.0
FULL_FLOW,S-ABC,iscx_vpn,medium_seed2022,FTPS,Netflix,0,200,0.0
FULL_FLOW,S-ABC,iscx_vpn,medium_seed2022,FTPS,SCP,3,200,0.015
FULL_FLOW,S-ABC,iscx_vpn,medium_seed2022,FTPS,SFTP,0,200,0.0
FULL_FLOW,S-ABC,iscx_vpn,medium_seed2022,FTPS,Spotify,0,200,0.0
FULL_FLOW,S-ABC,iscx_vpn,medium_seed2022,FTPS,Vimeo,0,200,0.0
FULL_FLOW,S-ABC,iscx_vpn,medium_seed2022,FTPS,VoIPBuster,20,200,0.1
FULL_FLOW,S-ABC,iscx_vpn,medium_seed2022,Facebook,AIM,3,200,0.015
FULL_FLOW,S-ABC,iscx_vpn,medium_seed2022,Facebook,BitTorrent,0,200,0.0
FULL_FLOW,S-ABC,iscx_vpn,medium_seed2022,Facebook,Email,11,200,0.055
FULL_FLOW,S-ABC,iscx_vpn,medium_seed2022,Facebook,FTPS,0,200,0.0
FULL_FLOW,S-ABC,iscx_vpn,medium_seed2022,Facebook,Facebook,149,200,0.745
FULL_FLOW,S-ABC,iscx_vpn,medium_seed2022,Facebook,Gmail,2,200,0.01
FULL_FLOW,S-ABC,iscx_vpn,medium_seed2022,Facebook,ICQ,2,200,0.01
FULL_FLOW,S-ABC,iscx_vpn,medium_seed2022,Facebook,Netflix,0,200,0.0
FULL_FLOW,S-ABC,iscx_vpn,medium_seed2022,Facebook,SCP,4,200,0.02
FULL_FLOW,S-ABC,iscx_vpn,medium_seed2022,Facebook,SFTP,0,200,0.0
FULL_FLOW,S-ABC,iscx_vpn,medium_seed2022,Facebook,Spotify,2,200,0.01
FULL_FLOW,S-ABC,iscx_vpn,medium_seed2022,Facebook,Vimeo,1,200,0.005
FULL_FLOW,S-ABC,iscx_vpn,medium_seed2022,Facebook,VoIPBuster,26,200,0.13
FULL_FLOW,S-ABC,iscx_vpn,medium_seed2022,Gmail,AIM,0,54,0.0
FULL_FLOW,S-ABC,iscx_vpn,medium_seed2022,Gmail,BitTorrent,0,54,0.0
FULL_FLOW,S-ABC,iscx_vpn,medium_seed2022,Gmail,Email,1,54,0.018518518518518517
FULL_FLOW,S-ABC,iscx_vpn,medium_seed2022,Gmail,FTPS,4,54,0.07407407407407407
FULL_FLOW,S-ABC,iscx_vpn,medium_seed2022,Gmail,Facebook,4,54,0.07407407407407407
FULL_FLOW,S-ABC,iscx_vpn,medium_seed2022,Gmail,Gmail,37,54,0.6851851851851852
FULL_FLOW,S-ABC,iscx_vpn,medium_seed2022,Gmail,ICQ,2,54,0.037037037037037035
FULL_FLOW,S-ABC,iscx_vpn,medium_seed2022,Gmail,Netflix,0,54,0.0
FULL_FLOW,S-ABC,iscx_vpn,medium_seed2022,Gmail,SCP,1,54,0.018518518518518517
FULL_FLOW,S-ABC,iscx_vpn,medium_seed2022,Gmail,SFTP,0,54,0.0
FULL_FLOW,S-ABC,iscx_vpn,medium_seed2022,Gmail,Spotify,3,54,0.05555555555555555
FULL_FLOW,S-ABC,iscx_vpn,medium_seed2022,Gmail,Vimeo,0,54,0.0
FULL_FLOW,S-ABC,iscx_vpn,medium_seed2022,Gmail,VoIPBuster,2,54,0.037037037037037035
FULL_FLOW,S-ABC,iscx_vpn,medium_seed2022,ICQ,AIM,7,53,0.1320754716981132
FULL_FLOW,S-ABC,iscx_vpn,medium_seed2022,ICQ,BitTorrent,0,53,0.0
FULL_FLOW,S-ABC,iscx_vpn,medium_seed2022,ICQ,Email,3,53,0.05660377358490566
FULL_FLOW,S-ABC,iscx_vpn,medium_seed2022,ICQ,FTPS,1,53,0.018867924528301886
FULL_FLOW,S-ABC,iscx_vpn,medium_seed2022,ICQ,Facebook,24,53,0.4528301886792453
FULL_FLOW,S-ABC,iscx_vpn,medium_seed2022,ICQ,Gmail,2,53,0.03773584905660377
FULL_FLOW,S-ABC,iscx_vpn,medium_seed2022,ICQ,ICQ,10,53,0.18867924528301888
FULL_FLOW,S-ABC,iscx_vpn,medium_seed2022,ICQ,Netflix,0,53,0.0
FULL_FLOW,S-ABC,iscx_vpn,medium_seed2022,ICQ,SCP,2,53,0.03773584905660377
FULL_FLOW,S-ABC,iscx_vpn,medium_seed2022,ICQ,SFTP,0,53,0.0
FULL_FLOW,S-ABC,iscx_vpn,medium_seed2022,ICQ,Spotify,0,53,0.0
FULL_FLOW,S-ABC,iscx_vpn,medium_seed2022,ICQ,Vimeo,0,53,0.0
FULL_FLOW,S-ABC,iscx_vpn,medium_seed2022,ICQ,VoIPBuster,4,53,0.07547169811320754
FULL_FLOW,S-ABC,iscx_vpn,medium_seed2022,Netflix,AIM,0,118,0.0
FULL_FLOW,S-ABC,iscx_vpn,medium_seed2022,Netflix,BitTorrent,29,118,0.2457627118644068
FULL_FLOW,S-ABC,iscx_vpn,medium_seed2022,Netflix,Email,1,118,0.00847457627118644
FULL_FLOW,S-ABC,iscx_vpn,medium_seed2022,Netflix,FTPS,2,118,0.01694915254237288
FULL_FLOW,S-ABC,iscx_vpn,medium_seed2022,Netflix,Facebook,0,118,0.0
FULL_FLOW,S-ABC,iscx_vpn,medium_seed2022,Netflix,Gmail,0,118,0.0
FULL_FLOW,S-ABC,iscx_vpn,medium_seed2022,Netflix,ICQ,0,118,0.0
FULL_FLOW,S-ABC,iscx_vpn,medium_seed2022,Netflix,Netflix,58,118,0.4915254237288136
FULL_FLOW,S-ABC,iscx_vpn,medium_seed2022,Netflix,SCP,2,118,0.01694915254237288
FULL_FLOW,S-ABC,iscx_vpn,medium_seed2022,Netflix,SFTP,0,118,0.0
FULL_FLOW,S-ABC,iscx_vpn,medium_seed2022,Netflix,Spotify,16,118,0.13559322033898305
FULL_FLOW,S-ABC,iscx_vpn,medium_seed2022,Netflix,Vimeo,10,118,0.0847457627118644
FULL_FLOW,S-ABC,iscx_vpn,medium_seed2022,Netflix,VoIPBuster,0,118,0.0
FULL_FLOW,S-ABC,iscx_vpn,medium_seed2022,SCP,AIM,1,200,0.005
FULL_FLOW,S-ABC,iscx_vpn,medium_seed2022,SCP,BitTorrent,0,200,0.0
FULL_FLOW,S-ABC,iscx_vpn,medium_seed2022,SCP,Email,13,200,0.065
FULL_FLOW,S-ABC,iscx_vpn,medium_seed2022,SCP,FTPS,9,200,0.045
FULL_FLOW,S-ABC,iscx_vpn,medium_seed2022,SCP,Facebook,73,200,0.365
FULL_FLOW,S-ABC,iscx_vpn,medium_seed2022,SCP,Gmail,0,200,0.0
FULL_FLOW,S-ABC,iscx_vpn,medium_seed2022,SCP,ICQ,1,200,0.005
FULL_FLOW,S-ABC,iscx_vpn,medium_seed2022,SCP,Netflix,34,200,0.17
FULL_FLOW,S-ABC,iscx_vpn,medium_seed2022,SCP,SCP,52,200,0.26
FULL_FLOW,S-ABC,iscx_vpn,medium_seed2022,SCP,SFTP,0,200,0.0
FULL_FLOW,S-ABC,iscx_vpn,medium_seed2022,SCP,Spotify,1,200,0.005
FULL_FLOW,S-ABC,iscx_vpn,medium_seed2022,SCP,Vimeo,0,200,0.0
FULL_FLOW,S-ABC,iscx_vpn,medium_seed2022,SCP,VoIPBuster,16,200,0.08
FULL_FLOW,S-ABC,iscx_vpn,medium_seed2022,SFTP,AIM,0,31,0.0
FULL_FLOW,S-ABC,iscx_vpn,medium_seed2022,SFTP,BitTorrent,3,31,0.0967741935483871
FULL_FLOW,S-ABC,iscx_vpn,medium_seed2022,SFTP,Email,2,31,0.06451612903225806
FULL_FLOW,S-ABC,iscx_vpn,medium_seed2022,SFTP,FTPS,6,31,0.1935483870967742
FULL_FLOW,S-ABC,iscx_vpn,medium_seed2022,SFTP,Facebook,0,31,0.0
FULL_FLOW,S-ABC,iscx_vpn,medium_seed2022,SFTP,Gmail,0,31,0.0
FULL_FLOW,S-ABC,iscx_vpn,medium_seed2022,SFTP,ICQ,1,31,0.03225806451612903
FULL_FLOW,S-ABC,iscx_vpn,medium_seed2022,SFTP,Netflix,1,31,0.03225806451612903
FULL_FLOW,S-ABC,iscx_vpn,medium_seed2022,SFTP,SCP,1,31,0.03225806451612903
FULL_FLOW,S-ABC,iscx_vpn,medium_seed2022,SFTP,SFTP,12,31,0.3870967741935484
FULL_FLOW,S-ABC,iscx_vpn,medium_seed2022,SFTP,Spotify,4,31,0.12903225806451613
FULL_FLOW,S-ABC,iscx_vpn,medium_seed2022,SFTP,Vimeo,0,31,0.0
FULL_FLOW,S-ABC,iscx_vpn,medium_seed2022,SFTP,VoIPBuster,1,31,0.03225806451612903
FULL_FLOW,S-ABC,iscx_vpn,medium_seed2022,Spotify,AIM,0,79,0.0
FULL_FLOW,S-ABC,iscx_vpn,medium_seed2022,Spotify,BitTorrent,13,79,0.16455696202531644
FULL_FLOW,S-ABC,iscx_vpn,medium_seed2022,Spotify,Email,0,79,0.0
FULL_FLOW,S-ABC,iscx_vpn,medium_seed2022,Spotify,FTPS,2,79,0.02531645569620253
FULL_FLOW,S-ABC,iscx_vpn,medium_seed2022,Spotify,Facebook,0,79,0.0
FULL_FLOW,S-ABC,iscx_vpn,medium_seed2022,Spotify,Gmail,2,79,0.02531645569620253
FULL_FLOW,S-ABC,iscx_vpn,medium_seed2022,Spotify,ICQ,0,79,0.0
FULL_FLOW,S-ABC,iscx_vpn,medium_seed2022,Spotify,Netflix,20,79,0.25316455696202533
FULL_FLOW,S-ABC,iscx_vpn,medium_seed2022,Spotify,SCP,1,79,0.012658227848101266
FULL_FLOW,S-ABC,iscx_vpn,medium_seed2022,Spotify,SFTP,0,79,0.0
FULL_FLOW,S-ABC,iscx_vpn,medium_seed2022,Spotify,Spotify,31,79,0.3924050632911392
FULL_FLOW,S-ABC,iscx_vpn,medium_seed2022,Spotify,Vimeo,9,79,0.11392405063291139
FULL_FLOW,S-ABC,iscx_vpn,medium_seed2022,Spotify,VoIPBuster,1,79,0.012658227848101266
FULL_FLOW,S-ABC,iscx_vpn,medium_seed2022,Vimeo,AIM,0,123,0.0
FULL_FLOW,S-ABC,iscx_vpn,medium_seed2022,Vimeo,BitTorrent,10,123,0.08130081300813008
FULL_FLOW,S-ABC,iscx_vpn,medium_seed2022,Vimeo,Email,0,123,0.0
FULL_FLOW,S-ABC,iscx_vpn,medium_seed2022,Vimeo,FTPS,1,123,0.008130081300813009
FULL_FLOW,S-ABC,iscx_vpn,medium_seed2022,Vimeo,Facebook,0,123,0.0
FULL_FLOW,S-ABC,iscx_vpn,medium_seed2022,Vimeo,Gmail,1,123,0.008130081300813009
FULL_FLOW,S-ABC,iscx_vpn,medium_seed2022,Vimeo,ICQ,0,123,0.0
FULL_FLOW,S-ABC,iscx_vpn,medium_seed2022,Vimeo,Netflix,35,123,0.2845528455284553
FULL_FLOW,S-ABC,iscx_vpn,medium_seed2022,Vimeo,SCP,8,123,0.06504065040650407
FULL_FLOW,S-ABC,iscx_vpn,medium_seed2022,Vimeo,SFTP,1,123,0.008130081300813009
FULL_FLOW,S-ABC,iscx_vpn,medium_seed2022,Vimeo,Spotify,11,123,0.08943089430894309
FULL_FLOW,S-ABC,iscx_vpn,medium_seed2022,Vimeo,Vimeo,56,123,0.45528455284552843
FULL_FLOW,S-ABC,iscx_vpn,medium_seed2022,Vimeo,VoIPBuster,0,123,0.0
FULL_FLOW,S-ABC,iscx_vpn,medium_seed2022,VoIPBuster,AIM,2,200,0.01
FULL_FLOW,S-ABC,iscx_vpn,medium_seed2022,VoIPBuster,BitTorrent,0,200,0.0
FULL_FLOW,S-ABC,iscx_vpn,medium_seed2022,VoIPBuster,Email,9,200,0.045
FULL_FLOW,S-ABC,iscx_vpn,medium_seed2022,VoIPBuster,FTPS,38,200,0.19
FULL_FLOW,S-ABC,iscx_vpn,medium_seed2022,VoIPBuster,Facebook,43,200,0.215
FULL_FLOW,S-ABC,iscx_vpn,medium_seed2022,VoIPBuster,Gmail,1,200,0.005
FULL_FLOW,S-ABC,iscx_vpn,medium_seed2022,VoIPBuster,ICQ,4,200,0.02
FULL_FLOW,S-ABC,iscx_vpn,medium_seed2022,VoIPBuster,Netflix,1,200,0.005
FULL_FLOW,S-ABC,iscx_vpn,medium_seed2022,VoIPBuster,SCP,11,200,0.055
FULL_FLOW,S-ABC,iscx_vpn,medium_seed2022,VoIPBuster,SFTP,1,200,0.005
FULL_FLOW,S-ABC,iscx_vpn,medium_seed2022,VoIPBuster,Spotify,0,200,0.0
FULL_FLOW,S-ABC,iscx_vpn,medium_seed2022,VoIPBuster,Vimeo,0,200,0.0
FULL_FLOW,S-ABC,iscx_vpn,medium_seed2022,VoIPBuster,VoIPBuster,90,200,0.45
FULL_FLOW,S-ABC,iscx_tor,medium_seed2022,Browsing,Browsing,88,200,0.44
FULL_FLOW,S-ABC,iscx_tor,medium_seed2022,Browsing,Email,4,200,0.02
FULL_FLOW,S-ABC,iscx_tor,medium_seed2022,Browsing,FTP,89,200,0.445
FULL_FLOW,S-ABC,iscx_tor,medium_seed2022,Browsing,Facebook,1,200,0.005
FULL_FLOW,S-ABC,iscx_tor,medium_seed2022,Browsing,Hangouts,0,200,0.0
FULL_FLOW,S-ABC,iscx_tor,medium_seed2022,Browsing,Spotify,1,200,0.005
FULL_FLOW,S-ABC,iscx_tor,medium_seed2022,Browsing,Vimeo,3,200,0.015
FULL_FLOW,S-ABC,iscx_tor,medium_seed2022,Browsing,YouTube,14,200,0.07
FULL_FLOW,S-ABC,iscx_tor,medium_seed2022,Email,Browsing,4,54,0.07407407407407407
FULL_FLOW,S-ABC,iscx_tor,medium_seed2022,Email,Email,29,54,0.5370370370370371
FULL_FLOW,S-ABC,iscx_tor,medium_seed2022,Email,FTP,19,54,0.35185185185185186
FULL_FLOW,S-ABC,iscx_tor,medium_seed2022,Email,Facebook,0,54,0.0
FULL_FLOW,S-ABC,iscx_tor,medium_seed2022,Email,Hangouts,1,54,0.018518518518518517
FULL_FLOW,S-ABC,iscx_tor,medium_seed2022,Email,Spotify,0,54,0.0
FULL_FLOW,S-ABC,iscx_tor,medium_seed2022,Email,Vimeo,0,54,0.0
FULL_FLOW,S-ABC,iscx_tor,medium_seed2022,Email,YouTube,1,54,0.018518518518518517
FULL_FLOW,S-ABC,iscx_tor,medium_seed2022,FTP,Browsing,1,200,0.005
FULL_FLOW,S-ABC,iscx_tor,medium_seed2022,FTP,Email,0,200,0.0
FULL_FLOW,S-ABC,iscx_tor,medium_seed2022,FTP,FTP,196,200,0.98
FULL_FLOW,S-ABC,iscx_tor,medium_seed2022,FTP,Facebook,1,200,0.005
FULL_FLOW,S-ABC,iscx_tor,medium_seed2022,FTP,Hangouts,2,200,0.01
FULL_FLOW,S-ABC,iscx_tor,medium_seed2022,FTP,Spotify,0,200,0.0
FULL_FLOW,S-ABC,iscx_tor,medium_seed2022,FTP,Vimeo,0,200,0.0
FULL_FLOW,S-ABC,iscx_tor,medium_seed2022,FTP,YouTube,0,200,0.0
FULL_FLOW,S-ABC,iscx_tor,medium_seed2022,Facebook,Browsing,2,85,0.023529411764705882
FULL_FLOW,S-ABC,iscx_tor,medium_seed2022,Facebook,Email,1,85,0.011764705882352941
FULL_FLOW,S-ABC,iscx_tor,medium_seed2022,Facebook,FTP,34,85,0.4
FULL_FLOW,S-ABC,iscx_tor,medium_seed2022,Facebook,Facebook,30,85,0.35294117647058826
FULL_FLOW,S-ABC,iscx_tor,medium_seed2022,Facebook,Hangouts,5,85,0.058823529411764705
FULL_FLOW,S-ABC,iscx_tor,medium_seed2022,Facebook,Spotify,0,85,0.0
FULL_FLOW,S-ABC,iscx_tor,medium_seed2022,Facebook,Vimeo,6,85,0.07058823529411765
FULL_FLOW,S-ABC,iscx_tor,medium_seed2022,Facebook,YouTube,7,85,0.08235294117647059
FULL_FLOW,S-ABC,iscx_tor,medium_seed2022,Hangouts,Browsing,3,69,0.043478260869565216
FULL_FLOW,S-ABC,iscx_tor,medium_seed2022,Hangouts,Email,1,69,0.014492753623188406
FULL_FLOW,S-ABC,iscx_tor,medium_seed2022,Hangouts,FTP,25,69,0.36231884057971014
FULL_FLOW,S-ABC,iscx_tor,medium_seed2022,Hangouts,Facebook,4,69,0.057971014492753624
FULL_FLOW,S-ABC,iscx_tor,medium_seed2022,Hangouts,Hangouts,17,69,0.2463768115942029
FULL_FLOW,S-ABC,iscx_tor,medium_seed2022,Hangouts,Spotify,1,69,0.014492753623188406
FULL_FLOW,S-ABC,iscx_tor,medium_seed2022,Hangouts,Vimeo,14,69,0.2028985507246377
FULL_FLOW,S-ABC,iscx_tor,medium_seed2022,Hangouts,YouTube,4,69,0.057971014492753624
FULL_FLOW,S-ABC,iscx_tor,medium_seed2022,Spotify,Browsing,0,147,0.0
FULL_FLOW,S-ABC,iscx_tor,medium_seed2022,Spotify,Email,0,147,0.0
FULL_FLOW,S-ABC,iscx_tor,medium_seed2022,Spotify,FTP,73,147,0.4965986394557823
FULL_FLOW,S-ABC,iscx_tor,medium_seed2022,Spotify,Facebook,4,147,0.027210884353741496
FULL_FLOW,S-ABC,iscx_tor,medium_seed2022,Spotify,Hangouts,2,147,0.013605442176870748
FULL_FLOW,S-ABC,iscx_tor,medium_seed2022,Spotify,Spotify,64,147,0.43537414965986393
FULL_FLOW,S-ABC,iscx_tor,medium_seed2022,Spotify,Vimeo,2,147,0.013605442176870748
FULL_FLOW,S-ABC,iscx_tor,medium_seed2022,Spotify,YouTube,2,147,0.013605442176870748
FULL_FLOW,S-ABC,iscx_tor,medium_seed2022,Vimeo,Browsing,4,152,0.02631578947368421
FULL_FLOW,S-ABC,iscx_tor,medium_seed2022,Vimeo,Email,0,152,0.0
FULL_FLOW,S-ABC,iscx_tor,medium_seed2022,Vimeo,FTP,55,152,0.3618421052631579
FULL_FLOW,S-ABC,iscx_tor,medium_seed2022,Vimeo,Facebook,1,152,0.006578947368421052
FULL_FLOW,S-ABC,iscx_tor,medium_seed2022,Vimeo,Hangouts,7,152,0.046052631578947366
FULL_FLOW,S-ABC,iscx_tor,medium_seed2022,Vimeo,Spotify,8,152,0.05263157894736842
FULL_FLOW,S-ABC,iscx_tor,medium_seed2022,Vimeo,Vimeo,55,152,0.3618421052631579
FULL_FLOW,S-ABC,iscx_tor,medium_seed2022,Vimeo,YouTube,22,152,0.14473684210526316
FULL_FLOW,S-ABC,iscx_tor,medium_seed2022,YouTube,Browsing,14,200,0.07
FULL_FLOW,S-ABC,iscx_tor,medium_seed2022,YouTube,Email,1,200,0.005
FULL_FLOW,S-ABC,iscx_tor,medium_seed2022,YouTube,FTP,73,200,0.365
FULL_FLOW,S-ABC,iscx_tor,medium_seed2022,YouTube,Facebook,0,200,0.0
FULL_FLOW,S-ABC,iscx_tor,medium_seed2022,YouTube,Hangouts,2,200,0.01
FULL_FLOW,S-ABC,iscx_tor,medium_seed2022,YouTube,Spotify,1,200,0.005
FULL_FLOW,S-ABC,iscx_tor,medium_seed2022,YouTube,Vimeo,14,200,0.07
FULL_FLOW,S-ABC,iscx_tor,medium_seed2022,YouTube,YouTube,95,200,0.475
FULL_FLOW,S-ABC,vnat,medium_seed2025,netflix,netflix,19,20,0.95
FULL_FLOW,S-ABC,vnat,medium_seed2025,netflix,rdp,0,20,0.0
FULL_FLOW,S-ABC,vnat,medium_seed2025,netflix,rsync,0,20,0.0
FULL_FLOW,S-ABC,vnat,medium_seed2025,netflix,scp,0,20,0.0
FULL_FLOW,S-ABC,vnat,medium_seed2025,netflix,skype,0,20,0.0
FULL_FLOW,S-ABC,vnat,medium_seed2025,netflix,ssh,0,20,0.0
FULL_FLOW,S-ABC,vnat,medium_seed2025,netflix,youtube,1,20,0.05
FULL_FLOW,S-ABC,vnat,medium_seed2025,rdp,netflix,0,4,0.0
FULL_FLOW,S-ABC,vnat,medium_seed2025,rdp,rdp,2,4,0.5
FULL_FLOW,S-ABC,vnat,medium_seed2025,rdp,rsync,0,4,0.0
FULL_FLOW,S-ABC,vnat,medium_seed2025,rdp,scp,0,4,0.0
FULL_FLOW,S-ABC,vnat,medium_seed2025,rdp,skype,0,4,0.0
FULL_FLOW,S-ABC,vnat,medium_seed2025,rdp,ssh,2,4,0.5
FULL_FLOW,S-ABC,vnat,medium_seed2025,rdp,youtube,0,4,0.0
FULL_FLOW,S-ABC,vnat,medium_seed2025,rsync,netflix,0,191,0.0
FULL_FLOW,S-ABC,vnat,medium_seed2025,rsync,rdp,0,191,0.0
FULL_FLOW,S-ABC,vnat,medium_seed2025,rsync,rsync,66,191,0.34554973821989526
FULL_FLOW,S-ABC,vnat,medium_seed2025,rsync,scp,125,191,0.6544502617801047
FULL_FLOW,S-ABC,vnat,medium_seed2025,rsync,skype,0,191,0.0
FULL_FLOW,S-ABC,vnat,medium_seed2025,rsync,ssh,0,191,0.0
FULL_FLOW,S-ABC,vnat,medium_seed2025,rsync,youtube,0,191,0.0
FULL_FLOW,S-ABC,vnat,medium_seed2025,scp,netflix,0,229,0.0
FULL_FLOW,S-ABC,vnat,medium_seed2025,scp,rdp,0,229,0.0
FULL_FLOW,S-ABC,vnat,medium_seed2025,scp,rsync,45,229,0.1965065502183406
FULL_FLOW,S-ABC,vnat,medium_seed2025,scp,scp,182,229,0.7947598253275109
FULL_FLOW,S-ABC,vnat,medium_seed2025,scp,skype,0,229,0.0
FULL_FLOW,S-ABC,vnat,medium_seed2025,scp,ssh,1,229,0.004366812227074236
FULL_FLOW,S-ABC,vnat,medium_seed2025,scp,youtube,1,229,0.004366812227074236
FULL_FLOW,S-ABC,vnat,medium_seed2025,skype,netflix,0,126,0.0
FULL_FLOW,S-ABC,vnat,medium_seed2025,skype,rdp,0,126,0.0
FULL_FLOW,S-ABC,vnat,medium_seed2025,skype,rsync,0,126,0.0
FULL_FLOW,S-ABC,vnat,medium_seed2025,skype,scp,0,126,0.0
FULL_FLOW,S-ABC,vnat,medium_seed2025,skype,skype,126,126,1.0
FULL_FLOW,S-ABC,vnat,medium_seed2025,skype,ssh,0,126,0.0
FULL_FLOW,S-ABC,vnat,medium_seed2025,skype,youtube,0,126,0.0
FULL_FLOW,S-ABC,vnat,medium_seed2025,ssh,netflix,0,1356,0.0
FULL_FLOW,S-ABC,vnat,medium_seed2025,ssh,rdp,0,1356,0.0
FULL_FLOW,S-ABC,vnat,medium_seed2025,ssh,rsync,0,1356,0.0
FULL_FLOW,S-ABC,vnat,medium_seed2025,ssh,scp,0,1356,0.0
FULL_FLOW,S-ABC,vnat,medium_seed2025,ssh,skype,1,1356,0.0007374631268436578
FULL_FLOW,S-ABC,vnat,medium_seed2025,ssh,ssh,1354,1356,0.9985250737463127
FULL_FLOW,S-ABC,vnat,medium_seed2025,ssh,youtube,1,1356,0.0007374631268436578
FULL_FLOW,S-ABC,vnat,medium_seed2025,youtube,netflix,3,34,0.08823529411764706
FULL_FLOW,S-ABC,vnat,medium_seed2025,youtube,rdp,0,34,0.0
FULL_FLOW,S-ABC,vnat,medium_seed2025,youtube,rsync,0,34,0.0
FULL_FLOW,S-ABC,vnat,medium_seed2025,youtube,scp,0,34,0.0
FULL_FLOW,S-ABC,vnat,medium_seed2025,youtube,skype,0,34,0.0
FULL_FLOW,S-ABC,vnat,medium_seed2025,youtube,ssh,1,34,0.029411764705882353
FULL_FLOW,S-ABC,vnat,medium_seed2025,youtube,youtube,30,34,0.8823529411764706
FULL_FLOW,S-ABC,vnat,medium_seed2026,netflix,netflix,15,20,0.75
FULL_FLOW,S-ABC,vnat,medium_seed2026,netflix,rdp,0,20,0.0
FULL_FLOW,S-ABC,vnat,medium_seed2026,netflix,rsync,0,20,0.0
FULL_FLOW,S-ABC,vnat,medium_seed2026,netflix,skype,0,20,0.0
FULL_FLOW,S-ABC,vnat,medium_seed2026,netflix,ssh,0,20,0.0
FULL_FLOW,S-ABC,vnat,medium_seed2026,netflix,vimeo,5,20,0.25
FULL_FLOW,S-ABC,vnat,medium_seed2026,netflix,zoiper,0,20,0.0
FULL_FLOW,S-ABC,vnat,medium_seed2026,rdp,netflix,0,4,0.0
FULL_FLOW,S-ABC,vnat,medium_seed2026,rdp,rdp,1,4,0.25
FULL_FLOW,S-ABC,vnat,medium_seed2026,rdp,rsync,0,4,0.0
FULL_FLOW,S-ABC,vnat,medium_seed2026,rdp,skype,0,4,0.0
FULL_FLOW,S-ABC,vnat,medium_seed2026,rdp,ssh,3,4,0.75
FULL_FLOW,S-ABC,vnat,medium_seed2026,rdp,vimeo,0,4,0.0
FULL_FLOW,S-ABC,vnat,medium_seed2026,rdp,zoiper,0,4,0.0
FULL_FLOW,S-ABC,vnat,medium_seed2026,rsync,netflix,0,191,0.0
FULL_FLOW,S-ABC,vnat,medium_seed2026,rsync,rdp,0,191,0.0
FULL_FLOW,S-ABC,vnat,medium_seed2026,rsync,rsync,191,191,1.0
FULL_FLOW,S-ABC,vnat,medium_seed2026,rsync,skype,0,191,0.0
FULL_FLOW,S-ABC,vnat,medium_seed2026,rsync,ssh,0,191,0.0
FULL_FLOW,S-ABC,vnat,medium_seed2026,rsync,vimeo,0,191,0.0
FULL_FLOW,S-ABC,vnat,medium_seed2026,rsync,zoiper,0,191,0.0
FULL_FLOW,S-ABC,vnat,medium_seed2026,skype,netflix,0,126,0.0
FULL_FLOW,S-ABC,vnat,medium_seed2026,skype,rdp,0,126,0.0
FULL_FLOW,S-ABC,vnat,medium_seed2026,skype,rsync,0,126,0.0
FULL_FLOW,S-ABC,vnat,medium_seed2026,skype,skype,126,126,1.0
FULL_FLOW,S-ABC,vnat,medium_seed2026,skype,ssh,0,126,0.0
FULL_FLOW,S-ABC,vnat,medium_seed2026,skype,vimeo,0,126,0.0
FULL_FLOW,S-ABC,vnat,medium_seed2026,skype,zoiper,0,126,0.0
FULL_FLOW,S-ABC,vnat,medium_seed2026,ssh,netflix,0,1356,0.0
FULL_FLOW,S-ABC,vnat,medium_seed2026,ssh,rdp,0,1356,0.0
FULL_FLOW,S-ABC,vnat,medium_seed2026,ssh,rsync,0,1356,0.0
FULL_FLOW,S-ABC,vnat,medium_seed2026,ssh,skype,0,1356,0.0
FULL_FLOW,S-ABC,vnat,medium_seed2026,ssh,ssh,1356,1356,1.0
FULL_FLOW,S-ABC,vnat,medium_seed2026,ssh,vimeo,0,1356,0.0
FULL_FLOW,S-ABC,vnat,medium_seed2026,ssh,zoiper,0,1356,0.0
FULL_FLOW,S-ABC,vnat,medium_seed2026,vimeo,netflix,2,121,0.01652892561983471
FULL_FLOW,S-ABC,vnat,medium_seed2026,vimeo,rdp,0,121,0.0
FULL_FLOW,S-ABC,vnat,medium_seed2026,vimeo,rsync,0,121,0.0
FULL_FLOW,S-ABC,vnat,medium_seed2026,vimeo,skype,0,121,0.0
FULL_FLOW,S-ABC,vnat,medium_seed2026,vimeo,ssh,1,121,0.008264462809917356
FULL_FLOW,S-ABC,vnat,medium_seed2026,vimeo,vimeo,118,121,0.9752066115702479
FULL_FLOW,S-ABC,vnat,medium_seed2026,vimeo,zoiper,0,121,0.0
FULL_FLOW,S-ABC,vnat,medium_seed2026,zoiper,netflix,0,93,0.0
FULL_FLOW,S-ABC,vnat,medium_seed2026,zoiper,rdp,0,93,0.0
FULL_FLOW,S-ABC,vnat,medium_seed2026,zoiper,rsync,1,93,0.010752688172043012
FULL_FLOW,S-ABC,vnat,medium_seed2026,zoiper,skype,0,93,0.0
FULL_FLOW,S-ABC,vnat,medium_seed2026,zoiper,ssh,0,93,0.0
FULL_FLOW,S-ABC,vnat,medium_seed2026,zoiper,vimeo,0,93,0.0
FULL_FLOW,S-ABC,vnat,medium_seed2026,zoiper,zoiper,92,93,0.989247311827957
FULL_FLOW,S-ABC,ustc,A-2,Gmail,Gmail,690,863,0.7995365005793743
FULL_FLOW,S-ABC,ustc,A-2,Gmail,FTP,41,863,0.047508690614136734
FULL_FLOW,S-ABC,ustc,A-2,Gmail,Nsis-ay,0,863,0.0
FULL_FLOW,S-ABC,ustc,A-2,Gmail,Facetime,0,863,0.0
FULL_FLOW,S-ABC,ustc,A-2,Gmail,Weibo,0,863,0.0
FULL_FLOW,S-ABC,ustc,A-2,Gmail,Cridex,0,863,0.0
FULL_FLOW,S-ABC,ustc,A-2,Gmail,Zeus,0,863,0.0
FULL_FLOW,S-ABC,ustc,A-2,Gmail,SMB,2,863,0.002317497103128621
FULL_FLOW,S-ABC,ustc,A-2,Gmail,BitTorrent,4,863,0.004634994206257242
FULL_FLOW,S-ABC,ustc,A-2,Gmail,WorldOfWarcraft,1,863,0.0011587485515643105
FULL_FLOW,S-ABC,ustc,A-2,Gmail,Shifu,0,863,0.0
FULL_FLOW,S-ABC,ustc,A-2,Gmail,Outlook,59,863,0.06836616454229433
FULL_FLOW,S-ABC,ustc,A-2,Gmail,Virut,0,863,0.0
FULL_FLOW,S-ABC,ustc,A-2,Gmail,MySQL,60,863,0.06952491309385864
FULL_FLOW,S-ABC,ustc,A-2,Gmail,Skype,6,863,0.006952491309385863
FULL_FLOW,S-ABC,ustc,A-2,Gmail,Miuref,0,863,0.0
FULL_FLOW,S-ABC,ustc,A-2,Gmail,Neris,0,863,0.0
FULL_FLOW,S-ABC,ustc,A-2,FTP,Gmail,7,10103,0.0006928635058893398
FULL_FLOW,S-ABC,ustc,A-2,FTP,FTP,9890,10103,0.9789171533207958
FULL_FLOW,S-ABC,ustc,A-2,FTP,Nsis-ay,0,10103,0.0
FULL_FLOW,S-ABC,ustc,A-2,FTP,Facetime,0,10103,0.0
FULL_FLOW,S-ABC,ustc,A-2,FTP,Weibo,0,10103,0.0
FULL_FLOW,S-ABC,ustc,A-2,FTP,Cridex,0,10103,0.0
FULL_FLOW,S-ABC,ustc,A-2,FTP,Zeus,0,10103,0.0
FULL_FLOW,S-ABC,ustc,A-2,FTP,SMB,0,10103,0.0
FULL_FLOW,S-ABC,ustc,A-2,FTP,BitTorrent,0,10103,0.0
FULL_FLOW,S-ABC,ustc,A-2,FTP,WorldOfWarcraft,0,10103,0.0
FULL_FLOW,S-ABC,ustc,A-2,FTP,Shifu,0,10103,0.0
FULL_FLOW,S-ABC,ustc,A-2,FTP,Outlook,0,10103,0.0
FULL_FLOW,S-ABC,ustc,A-2,FTP,Virut,0,10103,0.0
FULL_FLOW,S-ABC,ustc,A-2,FTP,MySQL,205,10103,0.020291002672473524
FULL_FLOW,S-ABC,ustc,A-2,FTP,Skype,1,10103,9.898050084133426e-05
FULL_FLOW,S-ABC,ustc,A-2,FTP,Miuref,0,10103,0.0
FULL_FLOW,S-ABC,ustc,A-2,FTP,Neris,0,10103,0.0
FULL_FLOW,S-ABC,ustc,A-2,Nsis-ay,Gmail,0,607,0.0
FULL_FLOW,S-ABC,ustc,A-2,Nsis-ay,FTP,0,607,0.0
FULL_FLOW,S-ABC,ustc,A-2,Nsis-ay,Nsis-ay,602,607,0.9917627677100495
FULL_FLOW,S-ABC,ustc,A-2,Nsis-ay,Facetime,0,607,0.0
FULL_FLOW,S-ABC,ustc,A-2,Nsis-ay,Weibo,0,607,0.0
FULL_FLOW,S-ABC,ustc,A-2,Nsis-ay,Cridex,0,607,0.0
FULL_FLOW,S-ABC,ustc,A-2,Nsis-ay,Zeus,0,607,0.0
FULL_FLOW,S-ABC,ustc,A-2,Nsis-ay,SMB,0,607,0.0
FULL_FLOW,S-ABC,ustc,A-2,Nsis-ay,BitTorrent,0,607,0.0
FULL_FLOW,S-ABC,ustc,A-2,Nsis-ay,WorldOfWarcraft,0,607,0.0
FULL_FLOW,S-ABC,ustc,A-2,Nsis-ay,Shifu,0,607,0.0
FULL_FLOW,S-ABC,ustc,A-2,Nsis-ay,Outlook,0,607,0.0
FULL_FLOW,S-ABC,ustc,A-2,Nsis-ay,Virut,1,607,0.0016474464579901153
FULL_FLOW,S-ABC,ustc,A-2,Nsis-ay,MySQL,0,607,0.0
FULL_FLOW,S-ABC,ustc,A-2,Nsis-ay,Skype,0,607,0.0
FULL_FLOW,S-ABC,ustc,A-2,Nsis-ay,Miuref,0,607,0.0
FULL_FLOW,S-ABC,ustc,A-2,Nsis-ay,Neris,4,607,0.006589785831960461
FULL_FLOW,S-ABC,ustc,A-2,Facetime,Gmail,0,600,0.0
FULL_FLOW,S-ABC,ustc,A-2,Facetime,FTP,0,600,0.0
FULL_FLOW,S-ABC,ustc,A-2,Facetime,Nsis-ay,0,600,0.0
FULL_FLOW,S-ABC,ustc,A-2,Facetime,Facetime,600,600,1.0
FULL_FLOW,S-ABC,ustc,A-2,Facetime,Weibo,0,600,0.0
FULL_FLOW,S-ABC,ustc,A-2,Facetime,Cridex,0,600,0.0
FULL_FLOW,S-ABC,ustc,A-2,Facetime,Zeus,0,600,0.0
FULL_FLOW,S-ABC,ustc,A-2,Facetime,SMB,0,600,0.0
FULL_FLOW,S-ABC,ustc,A-2,Facetime,BitTorrent,0,600,0.0
FULL_FLOW,S-ABC,ustc,A-2,Facetime,WorldOfWarcraft,0,600,0.0
FULL_FLOW,S-ABC,ustc,A-2,Facetime,Shifu,0,600,0.0
FULL_FLOW,S-ABC,ustc,A-2,Facetime,Outlook,0,600,0.0
FULL_FLOW,S-ABC,ustc,A-2,Facetime,Virut,0,600,0.0
FULL_FLOW,S-ABC,ustc,A-2,Facetime,MySQL,0,600,0.0
FULL_FLOW,S-ABC,ustc,A-2,Facetime,Skype,0,600,0.0
FULL_FLOW,S-ABC,ustc,A-2,Facetime,Miuref,0,600,0.0
FULL_FLOW,S-ABC,ustc,A-2,Facetime,Neris,0,600,0.0
FULL_FLOW,S-ABC,ustc,A-2,Weibo,Gmail,0,3995,0.0
FULL_FLOW,S-ABC,ustc,A-2,Weibo,FTP,0,3995,0.0
FULL_FLOW,S-ABC,ustc,A-2,Weibo,Nsis-ay,0,3995,0.0
FULL_FLOW,S-ABC,ustc,A-2,Weibo,Facetime,0,3995,0.0
FULL_FLOW,S-ABC,ustc,A-2,Weibo,Weibo,3281,3995,0.8212765957446808
FULL_FLOW,S-ABC,ustc,A-2,Weibo,Cridex,0,3995,0.0
FULL_FLOW,S-ABC,ustc,A-2,Weibo,Zeus,0,3995,0.0
FULL_FLOW,S-ABC,ustc,A-2,Weibo,SMB,706,3995,0.176720901126408
FULL_FLOW,S-ABC,ustc,A-2,Weibo,BitTorrent,0,3995,0.0
FULL_FLOW,S-ABC,ustc,A-2,Weibo,WorldOfWarcraft,0,3995,0.0
FULL_FLOW,S-ABC,ustc,A-2,Weibo,Shifu,0,3995,0.0
FULL_FLOW,S-ABC,ustc,A-2,Weibo,Outlook,0,3995,0.0
FULL_FLOW,S-ABC,ustc,A-2,Weibo,Virut,0,3995,0.0
FULL_FLOW,S-ABC,ustc,A-2,Weibo,MySQL,0,3995,0.0
FULL_FLOW,S-ABC,ustc,A-2,Weibo,Skype,8,3995,0.002002503128911139
FULL_FLOW,S-ABC,ustc,A-2,Weibo,Miuref,0,3995,0.0
FULL_FLOW,S-ABC,ustc,A-2,Weibo,Neris,0,3995,0.0
FULL_FLOW,S-ABC,ustc,A-2,Cridex,Gmail,0,1638,0.0
FULL_FLOW,S-ABC,ustc,A-2,Cridex,FTP,0,1638,0.0
FULL_FLOW,S-ABC,ustc,A-2,Cridex,Nsis-ay,0,1638,0.0
FULL_FLOW,S-ABC,ustc,A-2,Cridex,Facetime,0,1638,0.0
FULL_FLOW,S-ABC,ustc,A-2,Cridex,Weibo,0,1638,0.0
FULL_FLOW,S-ABC,ustc,A-2,Cridex,Cridex,1638,1638,1.0
FULL_FLOW,S-ABC,ustc,A-2,Cridex,Zeus,0,1638,0.0
FULL_FLOW,S-ABC,ustc,A-2,Cridex,SMB,0,1638,0.0
FULL_FLOW,S-ABC,ustc,A-2,Cridex,BitTorrent,0,1638,0.0
FULL_FLOW,S-ABC,ustc,A-2,Cridex,WorldOfWarcraft,0,1638,0.0
FULL_FLOW,S-ABC,ustc,A-2,Cridex,Shifu,0,1638,0.0
FULL_FLOW,S-ABC,ustc,A-2,Cridex,Outlook,0,1638,0.0
FULL_FLOW,S-ABC,ustc,A-2,Cridex,Virut,0,1638,0.0
FULL_FLOW,S-ABC,ustc,A-2,Cridex,MySQL,0,1638,0.0
FULL_FLOW,S-ABC,ustc,A-2,Cridex,Skype,0,1638,0.0
FULL_FLOW,S-ABC,ustc,A-2,Cridex,Miuref,0,1638,0.0
FULL_FLOW,S-ABC,ustc,A-2,Cridex,Neris,0,1638,0.0
FULL_FLOW,S-ABC,ustc,A-2,Zeus,Gmail,0,1097,0.0
FULL_FLOW,S-ABC,ustc,A-2,Zeus,FTP,0,1097,0.0
FULL_FLOW,S-ABC,ustc,A-2,Zeus,Nsis-ay,0,1097,0.0
FULL_FLOW,S-ABC,ustc,A-2,Zeus,Facetime,0,1097,0.0
FULL_FLOW,S-ABC,ustc,A-2,Zeus,Weibo,0,1097,0.0
FULL_FLOW,S-ABC,ustc,A-2,Zeus,Cridex,0,1097,0.0
FULL_FLOW,S-ABC,ustc,A-2,Zeus,Zeus,1095,1097,0.9981768459434822
FULL_FLOW,S-ABC,ustc,A-2,Zeus,SMB,0,1097,0.0
FULL_FLOW,S-ABC,ustc,A-2,Zeus,BitTorrent,0,1097,0.0
FULL_FLOW,S-ABC,ustc,A-2,Zeus,WorldOfWarcraft,0,1097,0.0
FULL_FLOW,S-ABC,ustc,A-2,Zeus,Shifu,0,1097,0.0
FULL_FLOW,S-ABC,ustc,A-2,Zeus,Outlook,0,1097,0.0
FULL_FLOW,S-ABC,ustc,A-2,Zeus,Virut,0,1097,0.0
FULL_FLOW,S-ABC,ustc,A-2,Zeus,MySQL,0,1097,0.0
FULL_FLOW,S-ABC,ustc,A-2,Zeus,Skype,0,1097,0.0
FULL_FLOW,S-ABC,ustc,A-2,Zeus,Miuref,0,1097,0.0
FULL_FLOW,S-ABC,ustc,A-2,Zeus,Neris,2,1097,0.0018231540565177757
FULL_FLOW,S-ABC,ustc,A-2,SMB,Gmail,5,3893,0.0012843565373747753
FULL_FLOW,S-ABC,ustc,A-2,SMB,FTP,1,3893,0.00025687130747495504
FULL_FLOW,S-ABC,ustc,A-2,SMB,Nsis-ay,0,3893,0.0
FULL_FLOW,S-ABC,ustc,A-2,SMB,Facetime,0,3893,0.0
FULL_FLOW,S-ABC,ustc,A-2,SMB,Weibo,1191,3893,0.3059337272026715
FULL_FLOW,S-ABC,ustc,A-2,SMB,Cridex,0,3893,0.0
FULL_FLOW,S-ABC,ustc,A-2,SMB,Zeus,0,3893,0.0
FULL_FLOW,S-ABC,ustc,A-2,SMB,SMB,2682,3893,0.6889288466478294
FULL_FLOW,S-ABC,ustc,A-2,SMB,BitTorrent,0,3893,0.0
FULL_FLOW,S-ABC,ustc,A-2,SMB,WorldOfWarcraft,0,3893,0.0
FULL_FLOW,S-ABC,ustc,A-2,SMB,Shifu,0,3893,0.0
FULL_FLOW,S-ABC,ustc,A-2,SMB,Outlook,0,3893,0.0
FULL_FLOW,S-ABC,ustc,A-2,SMB,Virut,0,3893,0.0
FULL_FLOW,S-ABC,ustc,A-2,SMB,MySQL,11,3893,0.0028255843822245054
FULL_FLOW,S-ABC,ustc,A-2,SMB,Skype,3,3893,0.0007706139224248652
FULL_FLOW,S-ABC,ustc,A-2,SMB,Miuref,0,3893,0.0
FULL_FLOW,S-ABC,ustc,A-2,SMB,Neris,0,3893,0.0
FULL_FLOW,S-ABC,ustc,A-2,BitTorrent,Gmail,1,752,0.0013297872340425532
FULL_FLOW,S-ABC,ustc,A-2,BitTorrent,FTP,0,752,0.0
FULL_FLOW,S-ABC,ustc,A-2,BitTorrent,Nsis-ay,0,752,0.0
FULL_FLOW,S-ABC,ustc,A-2,BitTorrent,Facetime,0,752,0.0
FULL_FLOW,S-ABC,ustc,A-2,BitTorrent,Weibo,0,752,0.0
FULL_FLOW,S-ABC,ustc,A-2,BitTorrent,Cridex,0,752,0.0
FULL_FLOW,S-ABC,ustc,A-2,BitTorrent,Zeus,0,752,0.0
FULL_FLOW,S-ABC,ustc,A-2,BitTorrent,SMB,0,752,0.0
FULL_FLOW,S-ABC,ustc,A-2,BitTorrent,BitTorrent,628,752,0.8351063829787234
FULL_FLOW,S-ABC,ustc,A-2,BitTorrent,WorldOfWarcraft,0,752,0.0
FULL_FLOW,S-ABC,ustc,A-2,BitTorrent,Shifu,0,752,0.0
FULL_FLOW,S-ABC,ustc,A-2,BitTorrent,Outlook,120,752,0.1595744680851064
FULL_FLOW,S-ABC,ustc,A-2,BitTorrent,Virut,0,752,0.0
FULL_FLOW,S-ABC,ustc,A-2,BitTorrent,MySQL,0,752,0.0
FULL_FLOW,S-ABC,ustc,A-2,BitTorrent,Skype,3,752,0.003989361702127659
FULL_FLOW,S-ABC,ustc,A-2,BitTorrent,Miuref,0,752,0.0
FULL_FLOW,S-ABC,ustc,A-2,BitTorrent,Neris,0,752,0.0
FULL_FLOW,S-ABC,ustc,A-2,WorldOfWarcraft,Gmail,1,789,0.0012674271229404308
FULL_FLOW,S-ABC,ustc,A-2,WorldOfWarcraft,FTP,0,789,0.0
FULL_FLOW,S-ABC,ustc,A-2,WorldOfWarcraft,Nsis-ay,0,789,0.0
FULL_FLOW,S-ABC,ustc,A-2,WorldOfWarcraft,Facetime,0,789,0.0
FULL_FLOW,S-ABC,ustc,A-2,WorldOfWarcraft,Weibo,0,789,0.0
FULL_FLOW,S-ABC,ustc,A-2,WorldOfWarcraft,Cridex,0,789,0.0
FULL_FLOW,S-ABC,ustc,A-2,WorldOfWarcraft,Zeus,0,789,0.0
FULL_FLOW,S-ABC,ustc,A-2,WorldOfWarcraft,SMB,0,789,0.0
FULL_FLOW,S-ABC,ustc,A-2,WorldOfWarcraft,BitTorrent,0,789,0.0
FULL_FLOW,S-ABC,ustc,A-2,WorldOfWarcraft,WorldOfWarcraft,786,789,0.9961977186311787
FULL_FLOW,S-ABC,ustc,A-2,WorldOfWarcraft,Shifu,0,789,0.0
FULL_FLOW,S-ABC,ustc,A-2,WorldOfWarcraft,Outlook,0,789,0.0
FULL_FLOW,S-ABC,ustc,A-2,WorldOfWarcraft,Virut,0,789,0.0
FULL_FLOW,S-ABC,ustc,A-2,WorldOfWarcraft,MySQL,2,789,0.0025348542458808617
FULL_FLOW,S-ABC,ustc,A-2,WorldOfWarcraft,Skype,0,789,0.0
FULL_FLOW,S-ABC,ustc,A-2,WorldOfWarcraft,Miuref,0,789,0.0
FULL_FLOW,S-ABC,ustc,A-2,WorldOfWarcraft,Neris,0,789,0.0
FULL_FLOW,S-ABC,ustc,A-2,Shifu,Gmail,0,963,0.0
FULL_FLOW,S-ABC,ustc,A-2,Shifu,FTP,0,963,0.0
FULL_FLOW,S-ABC,ustc,A-2,Shifu,Nsis-ay,0,963,0.0
FULL_FLOW,S-ABC,ustc,A-2,Shifu,Facetime,0,963,0.0
FULL_FLOW,S-ABC,ustc,A-2,Shifu,Weibo,0,963,0.0
FULL_FLOW,S-ABC,ustc,A-2,Shifu,Cridex,0,963,0.0
FULL_FLOW,S-ABC,ustc,A-2,Shifu,Zeus,0,963,0.0
FULL_FLOW,S-ABC,ustc,A-2,Shifu,SMB,1,963,0.0010384215991692627
FULL_FLOW,S-ABC,ustc,A-2,Shifu,BitTorrent,0,963,0.0
FULL_FLOW,S-ABC,ustc,A-2,Shifu,WorldOfWarcraft,0,963,0.0
FULL_FLOW,S-ABC,ustc,A-2,Shifu,Shifu,958,963,0.9948078920041536
FULL_FLOW,S-ABC,ustc,A-2,Shifu,Outlook,0,963,0.0
FULL_FLOW,S-ABC,ustc,A-2,Shifu,Virut,0,963,0.0
FULL_FLOW,S-ABC,ustc,A-2,Shifu,MySQL,0,963,0.0
FULL_FLOW,S-ABC,ustc,A-2,Shifu,Skype,0,963,0.0
FULL_FLOW,S-ABC,ustc,A-2,Shifu,Miuref,3,963,0.003115264797507788
FULL_FLOW,S-ABC,ustc,A-2,Shifu,Neris,1,963,0.0010384215991692627
FULL_FLOW,S-ABC,ustc,A-2,Outlook,Gmail,3,753,0.00398406374501992
FULL_FLOW,S-ABC,ustc,A-2,Outlook,FTP,0,753,0.0
FULL_FLOW,S-ABC,ustc,A-2,Outlook,Nsis-ay,0,753,0.0
FULL_FLOW,S-ABC,ustc,A-2,Outlook,Facetime,0,753,0.0
FULL_FLOW,S-ABC,ustc,A-2,Outlook,Weibo,0,753,0.0
FULL_FLOW,S-ABC,ustc,A-2,Outlook,Cridex,0,753,0.0
FULL_FLOW,S-ABC,ustc,A-2,Outlook,Zeus,0,753,0.0
FULL_FLOW,S-ABC,ustc,A-2,Outlook,SMB,1,753,0.0013280212483399733
FULL_FLOW,S-ABC,ustc,A-2,Outlook,BitTorrent,32,753,0.04249667994687915
FULL_FLOW,S-ABC,ustc,A-2,Outlook,WorldOfWarcraft,0,753,0.0
FULL_FLOW,S-ABC,ustc,A-2,Outlook,Shifu,0,753,0.0
FULL_FLOW,S-ABC,ustc,A-2,Outlook,Outlook,713,753,0.9468791500664011
FULL_FLOW,S-ABC,ustc,A-2,Outlook,Virut,0,753,0.0
FULL_FLOW,S-ABC,ustc,A-2,Outlook,MySQL,0,753,0.0
FULL_FLOW,S-ABC,ustc,A-2,Outlook,Skype,4,753,0.005312084993359893
FULL_FLOW,S-ABC,ustc,A-2,Outlook,Miuref,0,753,0.0
FULL_FLOW,S-ABC,ustc,A-2,Outlook,Neris,0,753,0.0
FULL_FLOW,S-ABC,ustc,A-2,Virut,Gmail,0,3310,0.0
FULL_FLOW,S-ABC,ustc,A-2,Virut,FTP,0,3310,0.0
FULL_FLOW,S-ABC,ustc,A-2,Virut,Nsis-ay,0,3310,0.0
FULL_FLOW,S-ABC,ustc,A-2,Virut,Facetime,0,3310,0.0
FULL_FLOW,S-ABC,ustc,A-2,Virut,Weibo,0,3310,0.0
FULL_FLOW,S-ABC,ustc,A-2,Virut,Cridex,0,3310,0.0
FULL_FLOW,S-ABC,ustc,A-2,Virut,Zeus,0,3310,0.0
FULL_FLOW,S-ABC,ustc,A-2,Virut,SMB,0,3310,0.0
FULL_FLOW,S-ABC,ustc,A-2,Virut,BitTorrent,0,3310,0.0
FULL_FLOW,S-ABC,ustc,A-2,Virut,WorldOfWarcraft,0,3310,0.0
FULL_FLOW,S-ABC,ustc,A-2,Virut,Shifu,0,3310,0.0
FULL_FLOW,S-ABC,ustc,A-2,Virut,Outlook,0,3310,0.0
FULL_FLOW,S-ABC,ustc,A-2,Virut,Virut,2802,3310,0.8465256797583082
FULL_FLOW,S-ABC,ustc,A-2,Virut,MySQL,0,3310,0.0
FULL_FLOW,S-ABC,ustc,A-2,Virut,Skype,0,3310,0.0
FULL_FLOW,S-ABC,ustc,A-2,Virut,Miuref,0,3310,0.0
FULL_FLOW,S-ABC,ustc,A-2,Virut,Neris,508,3310,0.15347432024169183
FULL_FLOW,S-ABC,ustc,A-2,MySQL,Gmail,11,8609,0.00127773260541294
FULL_FLOW,S-ABC,ustc,A-2,MySQL,FTP,181,8609,0.021024509234522013
FULL_FLOW,S-ABC,ustc,A-2,MySQL,Nsis-ay,1,8609,0.00011615750958299454
FULL_FLOW,S-ABC,ustc,A-2,MySQL,Facetime,0,8609,0.0
FULL_FLOW,S-ABC,ustc,A-2,MySQL,Weibo,0,8609,0.0
FULL_FLOW,S-ABC,ustc,A-2,MySQL,Cridex,0,8609,0.0
FULL_FLOW,S-ABC,ustc,A-2,MySQL,Zeus,0,8609,0.0
FULL_FLOW,S-ABC,ustc,A-2,MySQL,SMB,3,8609,0.0003484725287489836
FULL_FLOW,S-ABC,ustc,A-2,MySQL,BitTorrent,0,8609,0.0
FULL_FLOW,S-ABC,ustc,A-2,MySQL,WorldOfWarcraft,0,8609,0.0
FULL_FLOW,S-ABC,ustc,A-2,MySQL,Shifu,0,8609,0.0
FULL_FLOW,S-ABC,ustc,A-2,MySQL,Outlook,0,8609,0.0
FULL_FLOW,S-ABC,ustc,A-2,MySQL,Virut,0,8609,0.0
FULL_FLOW,S-ABC,ustc,A-2,MySQL,MySQL,8407,8609,0.9765361830642351
FULL_FLOW,S-ABC,ustc,A-2,MySQL,Skype,6,8609,0.0006969450574979672
FULL_FLOW,S-ABC,ustc,A-2,MySQL,Miuref,0,8609,0.0
FULL_FLOW,S-ABC,ustc,A-2,MySQL,Neris,0,8609,0.0
FULL_FLOW,S-ABC,ustc,A-2,Skype,Gmail,0,632,0.0
FULL_FLOW,S-ABC,ustc,A-2,Skype,FTP,0,632,0.0
FULL_FLOW,S-ABC,ustc,A-2,Skype,Nsis-ay,0,632,0.0
FULL_FLOW,S-ABC,ustc,A-2,Skype,Facetime,0,632,0.0
FULL_FLOW,S-ABC,ustc,A-2,Skype,Weibo,0,632,0.0
FULL_FLOW,S-ABC,ustc,A-2,Skype,Cridex,0,632,0.0
FULL_FLOW,S-ABC,ustc,A-2,Skype,Zeus,0,632,0.0
FULL_FLOW,S-ABC,ustc,A-2,Skype,SMB,0,632,0.0
FULL_FLOW,S-ABC,ustc,A-2,Skype,BitTorrent,0,632,0.0
FULL_FLOW,S-ABC,ustc,A-2,Skype,WorldOfWarcraft,0,632,0.0
FULL_FLOW,S-ABC,ustc,A-2,Skype,Shifu,0,632,0.0
FULL_FLOW,S-ABC,ustc,A-2,Skype,Outlook,0,632,0.0
FULL_FLOW,S-ABC,ustc,A-2,Skype,Virut,0,632,0.0
FULL_FLOW,S-ABC,ustc,A-2,Skype,MySQL,0,632,0.0
FULL_FLOW,S-ABC,ustc,A-2,Skype,Skype,632,632,1.0
FULL_FLOW,S-ABC,ustc,A-2,Skype,Miuref,0,632,0.0
FULL_FLOW,S-ABC,ustc,A-2,Skype,Neris,0,632,0.0
FULL_FLOW,S-ABC,ustc,A-2,Miuref,Gmail,0,1348,0.0
FULL_FLOW,S-ABC,ustc,A-2,Miuref,FTP,0,1348,0.0
FULL_FLOW,S-ABC,ustc,A-2,Miuref,Nsis-ay,0,1348,0.0
FULL_FLOW,S-ABC,ustc,A-2,Miuref,Facetime,0,1348,0.0
FULL_FLOW,S-ABC,ustc,A-2,Miuref,Weibo,0,1348,0.0
FULL_FLOW,S-ABC,ustc,A-2,Miuref,Cridex,0,1348,0.0
FULL_FLOW,S-ABC,ustc,A-2,Miuref,Zeus,0,1348,0.0
FULL_FLOW,S-ABC,ustc,A-2,Miuref,SMB,0,1348,0.0
FULL_FLOW,S-ABC,ustc,A-2,Miuref,BitTorrent,0,1348,0.0
FULL_FLOW,S-ABC,ustc,A-2,Miuref,WorldOfWarcraft,0,1348,0.0
FULL_FLOW,S-ABC,ustc,A-2,Miuref,Shifu,0,1348,0.0
FULL_FLOW,S-ABC,ustc,A-2,Miuref,Outlook,0,1348,0.0
FULL_FLOW,S-ABC,ustc,A-2,Miuref,Virut,0,1348,0.0
FULL_FLOW,S-ABC,ustc,A-2,Miuref,MySQL,0,1348,0.0
FULL_FLOW,S-ABC,ustc,A-2,Miuref,Skype,0,1348,0.0
FULL_FLOW,S-ABC,ustc,A-2,Miuref,Miuref,1348,1348,1.0
FULL_FLOW,S-ABC,ustc,A-2,Miuref,Neris,0,1348,0.0
FULL_FLOW,S-ABC,ustc,A-2,Neris,Gmail,0,3379,0.0
FULL_FLOW,S-ABC,ustc,A-2,Neris,FTP,0,3379,0.0
FULL_FLOW,S-ABC,ustc,A-2,Neris,Nsis-ay,3,3379,0.0008878366380585972
FULL_FLOW,S-ABC,ustc,A-2,Neris,Facetime,0,3379,0.0
FULL_FLOW,S-ABC,ustc,A-2,Neris,Weibo,0,3379,0.0
FULL_FLOW,S-ABC,ustc,A-2,Neris,Cridex,0,3379,0.0
FULL_FLOW,S-ABC,ustc,A-2,Neris,Zeus,1,3379,0.0002959455460195324
FULL_FLOW,S-ABC,ustc,A-2,Neris,SMB,0,3379,0.0
FULL_FLOW,S-ABC,ustc,A-2,Neris,BitTorrent,0,3379,0.0
FULL_FLOW,S-ABC,ustc,A-2,Neris,WorldOfWarcraft,0,3379,0.0
FULL_FLOW,S-ABC,ustc,A-2,Neris,Shifu,1,3379,0.0002959455460195324
FULL_FLOW,S-ABC,ustc,A-2,Neris,Outlook,0,3379,0.0
FULL_FLOW,S-ABC,ustc,A-2,Neris,Virut,170,3379,0.05031074282332051
FULL_FLOW,S-ABC,ustc,A-2,Neris,MySQL,0,3379,0.0
FULL_FLOW,S-ABC,ustc,A-2,Neris,Skype,0,3379,0.0
FULL_FLOW,S-ABC,ustc,A-2,Neris,Miuref,0,3379,0.0
FULL_FLOW,S-ABC,ustc,A-2,Neris,Neris,3204,3379,0.9482095294465819
FULL_FLOW,S-ABCD,iscx_vpn,medium_seed2022,AIM,AIM,10,53,0.18867924528301888
FULL_FLOW,S-ABCD,iscx_vpn,medium_seed2022,AIM,BitTorrent,1,53,0.018867924528301886
FULL_FLOW,S-ABCD,iscx_vpn,medium_seed2022,AIM,Email,6,53,0.11320754716981132
FULL_FLOW,S-ABCD,iscx_vpn,medium_seed2022,AIM,FTPS,1,53,0.018867924528301886
FULL_FLOW,S-ABCD,iscx_vpn,medium_seed2022,AIM,Facebook,18,53,0.33962264150943394
FULL_FLOW,S-ABCD,iscx_vpn,medium_seed2022,AIM,Gmail,3,53,0.05660377358490566
FULL_FLOW,S-ABCD,iscx_vpn,medium_seed2022,AIM,ICQ,6,53,0.11320754716981132
FULL_FLOW,S-ABCD,iscx_vpn,medium_seed2022,AIM,Netflix,0,53,0.0
FULL_FLOW,S-ABCD,iscx_vpn,medium_seed2022,AIM,SCP,2,53,0.03773584905660377
FULL_FLOW,S-ABCD,iscx_vpn,medium_seed2022,AIM,SFTP,1,53,0.018867924528301886
FULL_FLOW,S-ABCD,iscx_vpn,medium_seed2022,AIM,Spotify,0,53,0.0
FULL_FLOW,S-ABCD,iscx_vpn,medium_seed2022,AIM,Vimeo,0,53,0.0
FULL_FLOW,S-ABCD,iscx_vpn,medium_seed2022,AIM,VoIPBuster,5,53,0.09433962264150944
FULL_FLOW,S-ABCD,iscx_vpn,medium_seed2022,BitTorrent,AIM,0,100,0.0
FULL_FLOW,S-ABCD,iscx_vpn,medium_seed2022,BitTorrent,BitTorrent,97,100,0.97
FULL_FLOW,S-ABCD,iscx_vpn,medium_seed2022,BitTorrent,Email,1,100,0.01
FULL_FLOW,S-ABCD,iscx_vpn,medium_seed2022,BitTorrent,FTPS,2,100,0.02
FULL_FLOW,S-ABCD,iscx_vpn,medium_seed2022,BitTorrent,Facebook,0,100,0.0
FULL_FLOW,S-ABCD,iscx_vpn,medium_seed2022,BitTorrent,Gmail,0,100,0.0
FULL_FLOW,S-ABCD,iscx_vpn,medium_seed2022,BitTorrent,ICQ,0,100,0.0
FULL_FLOW,S-ABCD,iscx_vpn,medium_seed2022,BitTorrent,Netflix,0,100,0.0
FULL_FLOW,S-ABCD,iscx_vpn,medium_seed2022,BitTorrent,SCP,0,100,0.0
FULL_FLOW,S-ABCD,iscx_vpn,medium_seed2022,BitTorrent,SFTP,0,100,0.0
FULL_FLOW,S-ABCD,iscx_vpn,medium_seed2022,BitTorrent,Spotify,0,100,0.0
FULL_FLOW,S-ABCD,iscx_vpn,medium_seed2022,BitTorrent,Vimeo,0,100,0.0
FULL_FLOW,S-ABCD,iscx_vpn,medium_seed2022,BitTorrent,VoIPBuster,0,100,0.0
FULL_FLOW,S-ABCD,iscx_vpn,medium_seed2022,Email,AIM,2,200,0.01
FULL_FLOW,S-ABCD,iscx_vpn,medium_seed2022,Email,BitTorrent,8,200,0.04
FULL_FLOW,S-ABCD,iscx_vpn,medium_seed2022,Email,Email,78,200,0.39
FULL_FLOW,S-ABCD,iscx_vpn,medium_seed2022,Email,FTPS,8,200,0.04
FULL_FLOW,S-ABCD,iscx_vpn,medium_seed2022,Email,Facebook,72,200,0.36
FULL_FLOW,S-ABCD,iscx_vpn,medium_seed2022,Email,Gmail,2,200,0.01
FULL_FLOW,S-ABCD,iscx_vpn,medium_seed2022,Email,ICQ,3,200,0.015
FULL_FLOW,S-ABCD,iscx_vpn,medium_seed2022,Email,Netflix,3,200,0.015
FULL_FLOW,S-ABCD,iscx_vpn,medium_seed2022,Email,SCP,3,200,0.015
FULL_FLOW,S-ABCD,iscx_vpn,medium_seed2022,Email,SFTP,0,200,0.0
FULL_FLOW,S-ABCD,iscx_vpn,medium_seed2022,Email,Spotify,1,200,0.005
FULL_FLOW,S-ABCD,iscx_vpn,medium_seed2022,Email,Vimeo,1,200,0.005
FULL_FLOW,S-ABCD,iscx_vpn,medium_seed2022,Email,VoIPBuster,19,200,0.095
FULL_FLOW,S-ABCD,iscx_vpn,medium_seed2022,FTPS,AIM,1,200,0.005
FULL_FLOW,S-ABCD,iscx_vpn,medium_seed2022,FTPS,BitTorrent,22,200,0.11
FULL_FLOW,S-ABCD,iscx_vpn,medium_seed2022,FTPS,Email,3,200,0.015
FULL_FLOW,S-ABCD,iscx_vpn,medium_seed2022,FTPS,FTPS,147,200,0.735
FULL_FLOW,S-ABCD,iscx_vpn,medium_seed2022,FTPS,Facebook,2,200,0.01
FULL_FLOW,S-ABCD,iscx_vpn,medium_seed2022,FTPS,Gmail,1,200,0.005
FULL_FLOW,S-ABCD,iscx_vpn,medium_seed2022,FTPS,ICQ,0,200,0.0
FULL_FLOW,S-ABCD,iscx_vpn,medium_seed2022,FTPS,Netflix,0,200,0.0
FULL_FLOW,S-ABCD,iscx_vpn,medium_seed2022,FTPS,SCP,3,200,0.015
FULL_FLOW,S-ABCD,iscx_vpn,medium_seed2022,FTPS,SFTP,1,200,0.005
FULL_FLOW,S-ABCD,iscx_vpn,medium_seed2022,FTPS,Spotify,1,200,0.005
FULL_FLOW,S-ABCD,iscx_vpn,medium_seed2022,FTPS,Vimeo,0,200,0.0
FULL_FLOW,S-ABCD,iscx_vpn,medium_seed2022,FTPS,VoIPBuster,19,200,0.095
FULL_FLOW,S-ABCD,iscx_vpn,medium_seed2022,Facebook,AIM,2,200,0.01
FULL_FLOW,S-ABCD,iscx_vpn,medium_seed2022,Facebook,BitTorrent,0,200,0.0
FULL_FLOW,S-ABCD,iscx_vpn,medium_seed2022,Facebook,Email,12,200,0.06
FULL_FLOW,S-ABCD,iscx_vpn,medium_seed2022,Facebook,FTPS,0,200,0.0
FULL_FLOW,S-ABCD,iscx_vpn,medium_seed2022,Facebook,Facebook,138,200,0.69
FULL_FLOW,S-ABCD,iscx_vpn,medium_seed2022,Facebook,Gmail,2,200,0.01
FULL_FLOW,S-ABCD,iscx_vpn,medium_seed2022,Facebook,ICQ,3,200,0.015
FULL_FLOW,S-ABCD,iscx_vpn,medium_seed2022,Facebook,Netflix,0,200,0.0
FULL_FLOW,S-ABCD,iscx_vpn,medium_seed2022,Facebook,SCP,6,200,0.03
FULL_FLOW,S-ABCD,iscx_vpn,medium_seed2022,Facebook,SFTP,0,200,0.0
FULL_FLOW,S-ABCD,iscx_vpn,medium_seed2022,Facebook,Spotify,2,200,0.01
FULL_FLOW,S-ABCD,iscx_vpn,medium_seed2022,Facebook,Vimeo,1,200,0.005
FULL_FLOW,S-ABCD,iscx_vpn,medium_seed2022,Facebook,VoIPBuster,34,200,0.17
FULL_FLOW,S-ABCD,iscx_vpn,medium_seed2022,Gmail,AIM,1,54,0.018518518518518517
FULL_FLOW,S-ABCD,iscx_vpn,medium_seed2022,Gmail,BitTorrent,0,54,0.0
FULL_FLOW,S-ABCD,iscx_vpn,medium_seed2022,Gmail,Email,0,54,0.0
FULL_FLOW,S-ABCD,iscx_vpn,medium_seed2022,Gmail,FTPS,4,54,0.07407407407407407
FULL_FLOW,S-ABCD,iscx_vpn,medium_seed2022,Gmail,Facebook,5,54,0.09259259259259259
FULL_FLOW,S-ABCD,iscx_vpn,medium_seed2022,Gmail,Gmail,34,54,0.6296296296296297
FULL_FLOW,S-ABCD,iscx_vpn,medium_seed2022,Gmail,ICQ,3,54,0.05555555555555555
FULL_FLOW,S-ABCD,iscx_vpn,medium_seed2022,Gmail,Netflix,0,54,0.0
FULL_FLOW,S-ABCD,iscx_vpn,medium_seed2022,Gmail,SCP,1,54,0.018518518518518517
FULL_FLOW,S-ABCD,iscx_vpn,medium_seed2022,Gmail,SFTP,0,54,0.0
FULL_FLOW,S-ABCD,iscx_vpn,medium_seed2022,Gmail,Spotify,2,54,0.037037037037037035
FULL_FLOW,S-ABCD,iscx_vpn,medium_seed2022,Gmail,Vimeo,0,54,0.0
FULL_FLOW,S-ABCD,iscx_vpn,medium_seed2022,Gmail,VoIPBuster,4,54,0.07407407407407407
FULL_FLOW,S-ABCD,iscx_vpn,medium_seed2022,ICQ,AIM,8,53,0.1509433962264151
FULL_FLOW,S-ABCD,iscx_vpn,medium_seed2022,ICQ,BitTorrent,0,53,0.0
FULL_FLOW,S-ABCD,iscx_vpn,medium_seed2022,ICQ,Email,3,53,0.05660377358490566
FULL_FLOW,S-ABCD,iscx_vpn,medium_seed2022,ICQ,FTPS,1,53,0.018867924528301886
FULL_FLOW,S-ABCD,iscx_vpn,medium_seed2022,ICQ,Facebook,23,53,0.4339622641509434
FULL_FLOW,S-ABCD,iscx_vpn,medium_seed2022,ICQ,Gmail,1,53,0.018867924528301886
FULL_FLOW,S-ABCD,iscx_vpn,medium_seed2022,ICQ,ICQ,10,53,0.18867924528301888
FULL_FLOW,S-ABCD,iscx_vpn,medium_seed2022,ICQ,Netflix,0,53,0.0
FULL_FLOW,S-ABCD,iscx_vpn,medium_seed2022,ICQ,SCP,2,53,0.03773584905660377
FULL_FLOW,S-ABCD,iscx_vpn,medium_seed2022,ICQ,SFTP,0,53,0.0
FULL_FLOW,S-ABCD,iscx_vpn,medium_seed2022,ICQ,Spotify,1,53,0.018867924528301886
FULL_FLOW,S-ABCD,iscx_vpn,medium_seed2022,ICQ,Vimeo,0,53,0.0
FULL_FLOW,S-ABCD,iscx_vpn,medium_seed2022,ICQ,VoIPBuster,4,53,0.07547169811320754
FULL_FLOW,S-ABCD,iscx_vpn,medium_seed2022,Netflix,AIM,0,118,0.0
FULL_FLOW,S-ABCD,iscx_vpn,medium_seed2022,Netflix,BitTorrent,29,118,0.2457627118644068
FULL_FLOW,S-ABCD,iscx_vpn,medium_seed2022,Netflix,Email,1,118,0.00847457627118644
FULL_FLOW,S-ABCD,iscx_vpn,medium_seed2022,Netflix,FTPS,1,118,0.00847457627118644
FULL_FLOW,S-ABCD,iscx_vpn,medium_seed2022,Netflix,Facebook,0,118,0.0
FULL_FLOW,S-ABCD,iscx_vpn,medium_seed2022,Netflix,Gmail,0,118,0.0
FULL_FLOW,S-ABCD,iscx_vpn,medium_seed2022,Netflix,ICQ,0,118,0.0
FULL_FLOW,S-ABCD,iscx_vpn,medium_seed2022,Netflix,Netflix,63,118,0.5338983050847458
FULL_FLOW,S-ABCD,iscx_vpn,medium_seed2022,Netflix,SCP,4,118,0.03389830508474576
FULL_FLOW,S-ABCD,iscx_vpn,medium_seed2022,Netflix,SFTP,0,118,0.0
FULL_FLOW,S-ABCD,iscx_vpn,medium_seed2022,Netflix,Spotify,11,118,0.09322033898305085
FULL_FLOW,S-ABCD,iscx_vpn,medium_seed2022,Netflix,Vimeo,9,118,0.07627118644067797
FULL_FLOW,S-ABCD,iscx_vpn,medium_seed2022,Netflix,VoIPBuster,0,118,0.0
FULL_FLOW,S-ABCD,iscx_vpn,medium_seed2022,SCP,AIM,1,200,0.005
FULL_FLOW,S-ABCD,iscx_vpn,medium_seed2022,SCP,BitTorrent,0,200,0.0
FULL_FLOW,S-ABCD,iscx_vpn,medium_seed2022,SCP,Email,12,200,0.06
FULL_FLOW,S-ABCD,iscx_vpn,medium_seed2022,SCP,FTPS,10,200,0.05
FULL_FLOW,S-ABCD,iscx_vpn,medium_seed2022,SCP,Facebook,67,200,0.335
FULL_FLOW,S-ABCD,iscx_vpn,medium_seed2022,SCP,Gmail,0,200,0.0
FULL_FLOW,S-ABCD,iscx_vpn,medium_seed2022,SCP,ICQ,1,200,0.005
FULL_FLOW,S-ABCD,iscx_vpn,medium_seed2022,SCP,Netflix,33,200,0.165
FULL_FLOW,S-ABCD,iscx_vpn,medium_seed2022,SCP,SCP,53,200,0.265
FULL_FLOW,S-ABCD,iscx_vpn,medium_seed2022,SCP,SFTP,0,200,0.0
FULL_FLOW,S-ABCD,iscx_vpn,medium_seed2022,SCP,Spotify,1,200,0.005
FULL_FLOW,S-ABCD,iscx_vpn,medium_seed2022,SCP,Vimeo,1,200,0.005
FULL_FLOW,S-ABCD,iscx_vpn,medium_seed2022,SCP,VoIPBuster,21,200,0.105
FULL_FLOW,S-ABCD,iscx_vpn,medium_seed2022,SFTP,AIM,0,31,0.0
FULL_FLOW,S-ABCD,iscx_vpn,medium_seed2022,SFTP,BitTorrent,3,31,0.0967741935483871
FULL_FLOW,S-ABCD,iscx_vpn,medium_seed2022,SFTP,Email,2,31,0.06451612903225806
FULL_FLOW,S-ABCD,iscx_vpn,medium_seed2022,SFTP,FTPS,6,31,0.1935483870967742
FULL_FLOW,S-ABCD,iscx_vpn,medium_seed2022,SFTP,Facebook,0,31,0.0
FULL_FLOW,S-ABCD,iscx_vpn,medium_seed2022,SFTP,Gmail,0,31,0.0
FULL_FLOW,S-ABCD,iscx_vpn,medium_seed2022,SFTP,ICQ,0,31,0.0
FULL_FLOW,S-ABCD,iscx_vpn,medium_seed2022,SFTP,Netflix,1,31,0.03225806451612903
FULL_FLOW,S-ABCD,iscx_vpn,medium_seed2022,SFTP,SCP,2,31,0.06451612903225806
FULL_FLOW,S-ABCD,iscx_vpn,medium_seed2022,SFTP,SFTP,12,31,0.3870967741935484
FULL_FLOW,S-ABCD,iscx_vpn,medium_seed2022,SFTP,Spotify,4,31,0.12903225806451613
FULL_FLOW,S-ABCD,iscx_vpn,medium_seed2022,SFTP,Vimeo,0,31,0.0
FULL_FLOW,S-ABCD,iscx_vpn,medium_seed2022,SFTP,VoIPBuster,1,31,0.03225806451612903
FULL_FLOW,S-ABCD,iscx_vpn,medium_seed2022,Spotify,AIM,0,79,0.0
FULL_FLOW,S-ABCD,iscx_vpn,medium_seed2022,Spotify,BitTorrent,12,79,0.1518987341772152
FULL_FLOW,S-ABCD,iscx_vpn,medium_seed2022,Spotify,Email,0,79,0.0
FULL_FLOW,S-ABCD,iscx_vpn,medium_seed2022,Spotify,FTPS,2,79,0.02531645569620253
FULL_FLOW,S-ABCD,iscx_vpn,medium_seed2022,Spotify,Facebook,0,79,0.0
FULL_FLOW,S-ABCD,iscx_vpn,medium_seed2022,Spotify,Gmail,2,79,0.02531645569620253
FULL_FLOW,S-ABCD,iscx_vpn,medium_seed2022,Spotify,ICQ,0,79,0.0
FULL_FLOW,S-ABCD,iscx_vpn,medium_seed2022,Spotify,Netflix,19,79,0.24050632911392406
FULL_FLOW,S-ABCD,iscx_vpn,medium_seed2022,Spotify,SCP,1,79,0.012658227848101266
FULL_FLOW,S-ABCD,iscx_vpn,medium_seed2022,Spotify,SFTP,0,79,0.0
FULL_FLOW,S-ABCD,iscx_vpn,medium_seed2022,Spotify,Spotify,34,79,0.43037974683544306
FULL_FLOW,S-ABCD,iscx_vpn,medium_seed2022,Spotify,Vimeo,8,79,0.10126582278481013
FULL_FLOW,S-ABCD,iscx_vpn,medium_seed2022,Spotify,VoIPBuster,1,79,0.012658227848101266
FULL_FLOW,S-ABCD,iscx_vpn,medium_seed2022,Vimeo,AIM,1,123,0.008130081300813009
FULL_FLOW,S-ABCD,iscx_vpn,medium_seed2022,Vimeo,BitTorrent,10,123,0.08130081300813008
FULL_FLOW,S-ABCD,iscx_vpn,medium_seed2022,Vimeo,Email,0,123,0.0
FULL_FLOW,S-ABCD,iscx_vpn,medium_seed2022,Vimeo,FTPS,3,123,0.024390243902439025
FULL_FLOW,S-ABCD,iscx_vpn,medium_seed2022,Vimeo,Facebook,0,123,0.0
FULL_FLOW,S-ABCD,iscx_vpn,medium_seed2022,Vimeo,Gmail,1,123,0.008130081300813009
FULL_FLOW,S-ABCD,iscx_vpn,medium_seed2022,Vimeo,ICQ,0,123,0.0
FULL_FLOW,S-ABCD,iscx_vpn,medium_seed2022,Vimeo,Netflix,34,123,0.2764227642276423
FULL_FLOW,S-ABCD,iscx_vpn,medium_seed2022,Vimeo,SCP,8,123,0.06504065040650407
FULL_FLOW,S-ABCD,iscx_vpn,medium_seed2022,Vimeo,SFTP,0,123,0.0
FULL_FLOW,S-ABCD,iscx_vpn,medium_seed2022,Vimeo,Spotify,13,123,0.10569105691056911
FULL_FLOW,S-ABCD,iscx_vpn,medium_seed2022,Vimeo,Vimeo,53,123,0.43089430894308944
FULL_FLOW,S-ABCD,iscx_vpn,medium_seed2022,Vimeo,VoIPBuster,0,123,0.0
FULL_FLOW,S-ABCD,iscx_vpn,medium_seed2022,VoIPBuster,AIM,3,200,0.015
FULL_FLOW,S-ABCD,iscx_vpn,medium_seed2022,VoIPBuster,BitTorrent,0,200,0.0
FULL_FLOW,S-ABCD,iscx_vpn,medium_seed2022,VoIPBuster,Email,6,200,0.03
FULL_FLOW,S-ABCD,iscx_vpn,medium_seed2022,VoIPBuster,FTPS,40,200,0.2
FULL_FLOW,S-ABCD,iscx_vpn,medium_seed2022,VoIPBuster,Facebook,39,200,0.195
FULL_FLOW,S-ABCD,iscx_vpn,medium_seed2022,VoIPBuster,Gmail,1,200,0.005
FULL_FLOW,S-ABCD,iscx_vpn,medium_seed2022,VoIPBuster,ICQ,4,200,0.02
FULL_FLOW,S-ABCD,iscx_vpn,medium_seed2022,VoIPBuster,Netflix,2,200,0.01
FULL_FLOW,S-ABCD,iscx_vpn,medium_seed2022,VoIPBuster,SCP,12,200,0.06
FULL_FLOW,S-ABCD,iscx_vpn,medium_seed2022,VoIPBuster,SFTP,1,200,0.005
FULL_FLOW,S-ABCD,iscx_vpn,medium_seed2022,VoIPBuster,Spotify,0,200,0.0
FULL_FLOW,S-ABCD,iscx_vpn,medium_seed2022,VoIPBuster,Vimeo,0,200,0.0
FULL_FLOW,S-ABCD,iscx_vpn,medium_seed2022,VoIPBuster,VoIPBuster,92,200,0.46
FULL_FLOW,S-ABCD,iscx_tor,medium_seed2022,Browsing,Browsing,95,200,0.475
FULL_FLOW,S-ABCD,iscx_tor,medium_seed2022,Browsing,Email,2,200,0.01
FULL_FLOW,S-ABCD,iscx_tor,medium_seed2022,Browsing,FTP,89,200,0.445
FULL_FLOW,S-ABCD,iscx_tor,medium_seed2022,Browsing,Facebook,2,200,0.01
FULL_FLOW,S-ABCD,iscx_tor,medium_seed2022,Browsing,Hangouts,0,200,0.0
FULL_FLOW,S-ABCD,iscx_tor,medium_seed2022,Browsing,Spotify,0,200,0.0
FULL_FLOW,S-ABCD,iscx_tor,medium_seed2022,Browsing,Vimeo,4,200,0.02
FULL_FLOW,S-ABCD,iscx_tor,medium_seed2022,Browsing,YouTube,8,200,0.04
FULL_FLOW,S-ABCD,iscx_tor,medium_seed2022,Email,Browsing,1,54,0.018518518518518517
FULL_FLOW,S-ABCD,iscx_tor,medium_seed2022,Email,Email,31,54,0.5740740740740741
FULL_FLOW,S-ABCD,iscx_tor,medium_seed2022,Email,FTP,19,54,0.35185185185185186
FULL_FLOW,S-ABCD,iscx_tor,medium_seed2022,Email,Facebook,1,54,0.018518518518518517
FULL_FLOW,S-ABCD,iscx_tor,medium_seed2022,Email,Hangouts,0,54,0.0
FULL_FLOW,S-ABCD,iscx_tor,medium_seed2022,Email,Spotify,0,54,0.0
FULL_FLOW,S-ABCD,iscx_tor,medium_seed2022,Email,Vimeo,1,54,0.018518518518518517
FULL_FLOW,S-ABCD,iscx_tor,medium_seed2022,Email,YouTube,1,54,0.018518518518518517
FULL_FLOW,S-ABCD,iscx_tor,medium_seed2022,FTP,Browsing,1,200,0.005
FULL_FLOW,S-ABCD,iscx_tor,medium_seed2022,FTP,Email,0,200,0.0
FULL_FLOW,S-ABCD,iscx_tor,medium_seed2022,FTP,FTP,196,200,0.98
FULL_FLOW,S-ABCD,iscx_tor,medium_seed2022,FTP,Facebook,1,200,0.005
FULL_FLOW,S-ABCD,iscx_tor,medium_seed2022,FTP,Hangouts,0,200,0.0
FULL_FLOW,S-ABCD,iscx_tor,medium_seed2022,FTP,Spotify,1,200,0.005
FULL_FLOW,S-ABCD,iscx_tor,medium_seed2022,FTP,Vimeo,0,200,0.0
FULL_FLOW,S-ABCD,iscx_tor,medium_seed2022,FTP,YouTube,1,200,0.005
FULL_FLOW,S-ABCD,iscx_tor,medium_seed2022,Facebook,Browsing,4,85,0.047058823529411764
FULL_FLOW,S-ABCD,iscx_tor,medium_seed2022,Facebook,Email,1,85,0.011764705882352941
FULL_FLOW,S-ABCD,iscx_tor,medium_seed2022,Facebook,FTP,35,85,0.4117647058823529
FULL_FLOW,S-ABCD,iscx_tor,medium_seed2022,Facebook,Facebook,30,85,0.35294117647058826
FULL_FLOW,S-ABCD,iscx_tor,medium_seed2022,Facebook,Hangouts,5,85,0.058823529411764705
FULL_FLOW,S-ABCD,iscx_tor,medium_seed2022,Facebook,Spotify,0,85,0.0
FULL_FLOW,S-ABCD,iscx_tor,medium_seed2022,Facebook,Vimeo,5,85,0.058823529411764705
FULL_FLOW,S-ABCD,iscx_tor,medium_seed2022,Facebook,YouTube,5,85,0.058823529411764705
FULL_FLOW,S-ABCD,iscx_tor,medium_seed2022,Hangouts,Browsing,3,69,0.043478260869565216
FULL_FLOW,S-ABCD,iscx_tor,medium_seed2022,Hangouts,Email,0,69,0.0
FULL_FLOW,S-ABCD,iscx_tor,medium_seed2022,Hangouts,FTP,26,69,0.37681159420289856
FULL_FLOW,S-ABCD,iscx_tor,medium_seed2022,Hangouts,Facebook,3,69,0.043478260869565216
FULL_FLOW,S-ABCD,iscx_tor,medium_seed2022,Hangouts,Hangouts,19,69,0.2753623188405797
FULL_FLOW,S-ABCD,iscx_tor,medium_seed2022,Hangouts,Spotify,1,69,0.014492753623188406
FULL_FLOW,S-ABCD,iscx_tor,medium_seed2022,Hangouts,Vimeo,14,69,0.2028985507246377
FULL_FLOW,S-ABCD,iscx_tor,medium_seed2022,Hangouts,YouTube,3,69,0.043478260869565216
FULL_FLOW,S-ABCD,iscx_tor,medium_seed2022,Spotify,Browsing,0,147,0.0
FULL_FLOW,S-ABCD,iscx_tor,medium_seed2022,Spotify,Email,0,147,0.0
FULL_FLOW,S-ABCD,iscx_tor,medium_seed2022,Spotify,FTP,72,147,0.4897959183673469
FULL_FLOW,S-ABCD,iscx_tor,medium_seed2022,Spotify,Facebook,6,147,0.04081632653061224
FULL_FLOW,S-ABCD,iscx_tor,medium_seed2022,Spotify,Hangouts,0,147,0.0
FULL_FLOW,S-ABCD,iscx_tor,medium_seed2022,Spotify,Spotify,64,147,0.43537414965986393
FULL_FLOW,S-ABCD,iscx_tor,medium_seed2022,Spotify,Vimeo,0,147,0.0
FULL_FLOW,S-ABCD,iscx_tor,medium_seed2022,Spotify,YouTube,5,147,0.034013605442176874
FULL_FLOW,S-ABCD,iscx_tor,medium_seed2022,Vimeo,Browsing,4,152,0.02631578947368421
FULL_FLOW,S-ABCD,iscx_tor,medium_seed2022,Vimeo,Email,0,152,0.0
FULL_FLOW,S-ABCD,iscx_tor,medium_seed2022,Vimeo,FTP,56,152,0.3684210526315789
FULL_FLOW,S-ABCD,iscx_tor,medium_seed2022,Vimeo,Facebook,1,152,0.006578947368421052
FULL_FLOW,S-ABCD,iscx_tor,medium_seed2022,Vimeo,Hangouts,2,152,0.013157894736842105
FULL_FLOW,S-ABCD,iscx_tor,medium_seed2022,Vimeo,Spotify,7,152,0.046052631578947366
FULL_FLOW,S-ABCD,iscx_tor,medium_seed2022,Vimeo,Vimeo,60,152,0.39473684210526316
FULL_FLOW,S-ABCD,iscx_tor,medium_seed2022,Vimeo,YouTube,22,152,0.14473684210526316
FULL_FLOW,S-ABCD,iscx_tor,medium_seed2022,YouTube,Browsing,9,200,0.045
FULL_FLOW,S-ABCD,iscx_tor,medium_seed2022,YouTube,Email,2,200,0.01
FULL_FLOW,S-ABCD,iscx_tor,medium_seed2022,YouTube,FTP,73,200,0.365
FULL_FLOW,S-ABCD,iscx_tor,medium_seed2022,YouTube,Facebook,1,200,0.005
FULL_FLOW,S-ABCD,iscx_tor,medium_seed2022,YouTube,Hangouts,2,200,0.01
FULL_FLOW,S-ABCD,iscx_tor,medium_seed2022,YouTube,Spotify,1,200,0.005
FULL_FLOW,S-ABCD,iscx_tor,medium_seed2022,YouTube,Vimeo,16,200,0.08
FULL_FLOW,S-ABCD,iscx_tor,medium_seed2022,YouTube,YouTube,96,200,0.48
FULL_FLOW,S-ABCD,vnat,medium_seed2025,netflix,netflix,17,20,0.85
FULL_FLOW,S-ABCD,vnat,medium_seed2025,netflix,rdp,0,20,0.0
FULL_FLOW,S-ABCD,vnat,medium_seed2025,netflix,rsync,0,20,0.0
FULL_FLOW,S-ABCD,vnat,medium_seed2025,netflix,scp,0,20,0.0
FULL_FLOW,S-ABCD,vnat,medium_seed2025,netflix,skype,0,20,0.0
FULL_FLOW,S-ABCD,vnat,medium_seed2025,netflix,ssh,0,20,0.0
FULL_FLOW,S-ABCD,vnat,medium_seed2025,netflix,youtube,3,20,0.15
FULL_FLOW,S-ABCD,vnat,medium_seed2025,rdp,netflix,0,4,0.0
FULL_FLOW,S-ABCD,vnat,medium_seed2025,rdp,rdp,2,4,0.5
FULL_FLOW,S-ABCD,vnat,medium_seed2025,rdp,rsync,0,4,0.0
FULL_FLOW,S-ABCD,vnat,medium_seed2025,rdp,scp,0,4,0.0
FULL_FLOW,S-ABCD,vnat,medium_seed2025,rdp,skype,0,4,0.0
FULL_FLOW,S-ABCD,vnat,medium_seed2025,rdp,ssh,2,4,0.5
FULL_FLOW,S-ABCD,vnat,medium_seed2025,rdp,youtube,0,4,0.0
FULL_FLOW,S-ABCD,vnat,medium_seed2025,rsync,netflix,0,191,0.0
FULL_FLOW,S-ABCD,vnat,medium_seed2025,rsync,rdp,0,191,0.0
FULL_FLOW,S-ABCD,vnat,medium_seed2025,rsync,rsync,64,191,0.33507853403141363
FULL_FLOW,S-ABCD,vnat,medium_seed2025,rsync,scp,127,191,0.6649214659685864
FULL_FLOW,S-ABCD,vnat,medium_seed2025,rsync,skype,0,191,0.0
FULL_FLOW,S-ABCD,vnat,medium_seed2025,rsync,ssh,0,191,0.0
FULL_FLOW,S-ABCD,vnat,medium_seed2025,rsync,youtube,0,191,0.0
FULL_FLOW,S-ABCD,vnat,medium_seed2025,scp,netflix,0,229,0.0
FULL_FLOW,S-ABCD,vnat,medium_seed2025,scp,rdp,0,229,0.0
FULL_FLOW,S-ABCD,vnat,medium_seed2025,scp,rsync,56,229,0.2445414847161572
FULL_FLOW,S-ABCD,vnat,medium_seed2025,scp,scp,172,229,0.7510917030567685
FULL_FLOW,S-ABCD,vnat,medium_seed2025,scp,skype,0,229,0.0
FULL_FLOW,S-ABCD,vnat,medium_seed2025,scp,ssh,1,229,0.004366812227074236
FULL_FLOW,S-ABCD,vnat,medium_seed2025,scp,youtube,0,229,0.0
FULL_FLOW,S-ABCD,vnat,medium_seed2025,skype,netflix,0,126,0.0
FULL_FLOW,S-ABCD,vnat,medium_seed2025,skype,rdp,0,126,0.0
FULL_FLOW,S-ABCD,vnat,medium_seed2025,skype,rsync,0,126,0.0
FULL_FLOW,S-ABCD,vnat,medium_seed2025,skype,scp,0,126,0.0
FULL_FLOW,S-ABCD,vnat,medium_seed2025,skype,skype,126,126,1.0
FULL_FLOW,S-ABCD,vnat,medium_seed2025,skype,ssh,0,126,0.0
FULL_FLOW,S-ABCD,vnat,medium_seed2025,skype,youtube,0,126,0.0
FULL_FLOW,S-ABCD,vnat,medium_seed2025,ssh,netflix,0,1356,0.0
FULL_FLOW,S-ABCD,vnat,medium_seed2025,ssh,rdp,0,1356,0.0
FULL_FLOW,S-ABCD,vnat,medium_seed2025,ssh,rsync,0,1356,0.0
FULL_FLOW,S-ABCD,vnat,medium_seed2025,ssh,scp,0,1356,0.0
FULL_FLOW,S-ABCD,vnat,medium_seed2025,ssh,skype,1,1356,0.0007374631268436578
FULL_FLOW,S-ABCD,vnat,medium_seed2025,ssh,ssh,1354,1356,0.9985250737463127
FULL_FLOW,S-ABCD,vnat,medium_seed2025,ssh,youtube,1,1356,0.0007374631268436578
FULL_FLOW,S-ABCD,vnat,medium_seed2025,youtube,netflix,2,34,0.058823529411764705
FULL_FLOW,S-ABCD,vnat,medium_seed2025,youtube,rdp,0,34,0.0
FULL_FLOW,S-ABCD,vnat,medium_seed2025,youtube,rsync,0,34,0.0
FULL_FLOW,S-ABCD,vnat,medium_seed2025,youtube,scp,0,34,0.0
FULL_FLOW,S-ABCD,vnat,medium_seed2025,youtube,skype,0,34,0.0
FULL_FLOW,S-ABCD,vnat,medium_seed2025,youtube,ssh,1,34,0.029411764705882353
FULL_FLOW,S-ABCD,vnat,medium_seed2025,youtube,youtube,31,34,0.9117647058823529
FULL_FLOW,S-ABCD,vnat,medium_seed2026,netflix,netflix,12,20,0.6
FULL_FLOW,S-ABCD,vnat,medium_seed2026,netflix,rdp,0,20,0.0
FULL_FLOW,S-ABCD,vnat,medium_seed2026,netflix,rsync,0,20,0.0
FULL_FLOW,S-ABCD,vnat,medium_seed2026,netflix,skype,0,20,0.0
FULL_FLOW,S-ABCD,vnat,medium_seed2026,netflix,ssh,0,20,0.0
FULL_FLOW,S-ABCD,vnat,medium_seed2026,netflix,vimeo,8,20,0.4
FULL_FLOW,S-ABCD,vnat,medium_seed2026,netflix,zoiper,0,20,0.0
FULL_FLOW,S-ABCD,vnat,medium_seed2026,rdp,netflix,0,4,0.0
FULL_FLOW,S-ABCD,vnat,medium_seed2026,rdp,rdp,1,4,0.25
FULL_FLOW,S-ABCD,vnat,medium_seed2026,rdp,rsync,0,4,0.0
FULL_FLOW,S-ABCD,vnat,medium_seed2026,rdp,skype,0,4,0.0
FULL_FLOW,S-ABCD,vnat,medium_seed2026,rdp,ssh,3,4,0.75
FULL_FLOW,S-ABCD,vnat,medium_seed2026,rdp,vimeo,0,4,0.0
FULL_FLOW,S-ABCD,vnat,medium_seed2026,rdp,zoiper,0,4,0.0
FULL_FLOW,S-ABCD,vnat,medium_seed2026,rsync,netflix,0,191,0.0
FULL_FLOW,S-ABCD,vnat,medium_seed2026,rsync,rdp,0,191,0.0
FULL_FLOW,S-ABCD,vnat,medium_seed2026,rsync,rsync,191,191,1.0
FULL_FLOW,S-ABCD,vnat,medium_seed2026,rsync,skype,0,191,0.0
FULL_FLOW,S-ABCD,vnat,medium_seed2026,rsync,ssh,0,191,0.0
FULL_FLOW,S-ABCD,vnat,medium_seed2026,rsync,vimeo,0,191,0.0
FULL_FLOW,S-ABCD,vnat,medium_seed2026,rsync,zoiper,0,191,0.0
FULL_FLOW,S-ABCD,vnat,medium_seed2026,skype,netflix,0,126,0.0
FULL_FLOW,S-ABCD,vnat,medium_seed2026,skype,rdp,0,126,0.0
FULL_FLOW,S-ABCD,vnat,medium_seed2026,skype,rsync,0,126,0.0
FULL_FLOW,S-ABCD,vnat,medium_seed2026,skype,skype,126,126,1.0
FULL_FLOW,S-ABCD,vnat,medium_seed2026,skype,ssh,0,126,0.0
FULL_FLOW,S-ABCD,vnat,medium_seed2026,skype,vimeo,0,126,0.0
FULL_FLOW,S-ABCD,vnat,medium_seed2026,skype,zoiper,0,126,0.0
FULL_FLOW,S-ABCD,vnat,medium_seed2026,ssh,netflix,0,1356,0.0
FULL_FLOW,S-ABCD,vnat,medium_seed2026,ssh,rdp,1,1356,0.0007374631268436578
FULL_FLOW,S-ABCD,vnat,medium_seed2026,ssh,rsync,0,1356,0.0
FULL_FLOW,S-ABCD,vnat,medium_seed2026,ssh,skype,0,1356,0.0
FULL_FLOW,S-ABCD,vnat,medium_seed2026,ssh,ssh,1355,1356,0.9992625368731564
FULL_FLOW,S-ABCD,vnat,medium_seed2026,ssh,vimeo,0,1356,0.0
FULL_FLOW,S-ABCD,vnat,medium_seed2026,ssh,zoiper,0,1356,0.0
FULL_FLOW,S-ABCD,vnat,medium_seed2026,vimeo,netflix,3,121,0.024793388429752067
FULL_FLOW,S-ABCD,vnat,medium_seed2026,vimeo,rdp,0,121,0.0
FULL_FLOW,S-ABCD,vnat,medium_seed2026,vimeo,rsync,0,121,0.0
FULL_FLOW,S-ABCD,vnat,medium_seed2026,vimeo,skype,0,121,0.0
FULL_FLOW,S-ABCD,vnat,medium_seed2026,vimeo,ssh,1,121,0.008264462809917356
FULL_FLOW,S-ABCD,vnat,medium_seed2026,vimeo,vimeo,117,121,0.9669421487603306
FULL_FLOW,S-ABCD,vnat,medium_seed2026,vimeo,zoiper,0,121,0.0
FULL_FLOW,S-ABCD,vnat,medium_seed2026,zoiper,netflix,0,93,0.0
FULL_FLOW,S-ABCD,vnat,medium_seed2026,zoiper,rdp,0,93,0.0
FULL_FLOW,S-ABCD,vnat,medium_seed2026,zoiper,rsync,1,93,0.010752688172043012
FULL_FLOW,S-ABCD,vnat,medium_seed2026,zoiper,skype,0,93,0.0
FULL_FLOW,S-ABCD,vnat,medium_seed2026,zoiper,ssh,0,93,0.0
FULL_FLOW,S-ABCD,vnat,medium_seed2026,zoiper,vimeo,0,93,0.0
FULL_FLOW,S-ABCD,vnat,medium_seed2026,zoiper,zoiper,92,93,0.989247311827957
FULL_FLOW,S-ABCD,ustc,A-2,Gmail,Gmail,692,863,0.8018539976825029
FULL_FLOW,S-ABCD,ustc,A-2,Gmail,FTP,26,863,0.030127462340672075
FULL_FLOW,S-ABCD,ustc,A-2,Gmail,Nsis-ay,0,863,0.0
FULL_FLOW,S-ABCD,ustc,A-2,Gmail,Facetime,0,863,0.0
FULL_FLOW,S-ABCD,ustc,A-2,Gmail,Weibo,0,863,0.0
FULL_FLOW,S-ABCD,ustc,A-2,Gmail,Cridex,0,863,0.0
FULL_FLOW,S-ABCD,ustc,A-2,Gmail,Zeus,0,863,0.0
FULL_FLOW,S-ABCD,ustc,A-2,Gmail,SMB,3,863,0.0034762456546929316
FULL_FLOW,S-ABCD,ustc,A-2,Gmail,BitTorrent,5,863,0.005793742757821553
FULL_FLOW,S-ABCD,ustc,A-2,Gmail,WorldOfWarcraft,1,863,0.0011587485515643105
FULL_FLOW,S-ABCD,ustc,A-2,Gmail,Shifu,0,863,0.0
FULL_FLOW,S-ABCD,ustc,A-2,Gmail,Outlook,58,863,0.06720741599073002
FULL_FLOW,S-ABCD,ustc,A-2,Gmail,Virut,0,863,0.0
FULL_FLOW,S-ABCD,ustc,A-2,Gmail,MySQL,72,863,0.08342989571263036
FULL_FLOW,S-ABCD,ustc,A-2,Gmail,Skype,6,863,0.006952491309385863
FULL_FLOW,S-ABCD,ustc,A-2,Gmail,Miuref,0,863,0.0
FULL_FLOW,S-ABCD,ustc,A-2,Gmail,Neris,0,863,0.0
FULL_FLOW,S-ABCD,ustc,A-2,FTP,Gmail,7,10103,0.0006928635058893398
FULL_FLOW,S-ABCD,ustc,A-2,FTP,FTP,9811,10103,0.9710976937543304
FULL_FLOW,S-ABCD,ustc,A-2,FTP,Nsis-ay,1,10103,9.898050084133426e-05
FULL_FLOW,S-ABCD,ustc,A-2,FTP,Facetime,0,10103,0.0
FULL_FLOW,S-ABCD,ustc,A-2,FTP,Weibo,0,10103,0.0
FULL_FLOW,S-ABCD,ustc,A-2,FTP,Cridex,0,10103,0.0
FULL_FLOW,S-ABCD,ustc,A-2,FTP,Zeus,0,10103,0.0
FULL_FLOW,S-ABCD,ustc,A-2,FTP,SMB,2,10103,0.00019796100168266851
FULL_FLOW,S-ABCD,ustc,A-2,FTP,BitTorrent,0,10103,0.0
FULL_FLOW,S-ABCD,ustc,A-2,FTP,WorldOfWarcraft,0,10103,0.0
FULL_FLOW,S-ABCD,ustc,A-2,FTP,Shifu,0,10103,0.0
FULL_FLOW,S-ABCD,ustc,A-2,FTP,Outlook,0,10103,0.0
FULL_FLOW,S-ABCD,ustc,A-2,FTP,Virut,0,10103,0.0
FULL_FLOW,S-ABCD,ustc,A-2,FTP,MySQL,281,10103,0.027813520736414927
FULL_FLOW,S-ABCD,ustc,A-2,FTP,Skype,1,10103,9.898050084133426e-05
FULL_FLOW,S-ABCD,ustc,A-2,FTP,Miuref,0,10103,0.0
FULL_FLOW,S-ABCD,ustc,A-2,FTP,Neris,0,10103,0.0
FULL_FLOW,S-ABCD,ustc,A-2,Nsis-ay,Gmail,0,607,0.0
FULL_FLOW,S-ABCD,ustc,A-2,Nsis-ay,FTP,0,607,0.0
FULL_FLOW,S-ABCD,ustc,A-2,Nsis-ay,Nsis-ay,600,607,0.9884678747940692
FULL_FLOW,S-ABCD,ustc,A-2,Nsis-ay,Facetime,1,607,0.0016474464579901153
FULL_FLOW,S-ABCD,ustc,A-2,Nsis-ay,Weibo,0,607,0.0
FULL_FLOW,S-ABCD,ustc,A-2,Nsis-ay,Cridex,0,607,0.0
FULL_FLOW,S-ABCD,ustc,A-2,Nsis-ay,Zeus,0,607,0.0
FULL_FLOW,S-ABCD,ustc,A-2,Nsis-ay,SMB,0,607,0.0
FULL_FLOW,S-ABCD,ustc,A-2,Nsis-ay,BitTorrent,0,607,0.0
FULL_FLOW,S-ABCD,ustc,A-2,Nsis-ay,WorldOfWarcraft,0,607,0.0
FULL_FLOW,S-ABCD,ustc,A-2,Nsis-ay,Shifu,1,607,0.0016474464579901153
FULL_FLOW,S-ABCD,ustc,A-2,Nsis-ay,Outlook,0,607,0.0
FULL_FLOW,S-ABCD,ustc,A-2,Nsis-ay,Virut,4,607,0.006589785831960461
FULL_FLOW,S-ABCD,ustc,A-2,Nsis-ay,MySQL,0,607,0.0
FULL_FLOW,S-ABCD,ustc,A-2,Nsis-ay,Skype,0,607,0.0
FULL_FLOW,S-ABCD,ustc,A-2,Nsis-ay,Miuref,0,607,0.0
FULL_FLOW,S-ABCD,ustc,A-2,Nsis-ay,Neris,1,607,0.0016474464579901153
FULL_FLOW,S-ABCD,ustc,A-2,Facetime,Gmail,0,600,0.0
FULL_FLOW,S-ABCD,ustc,A-2,Facetime,FTP,0,600,0.0
FULL_FLOW,S-ABCD,ustc,A-2,Facetime,Nsis-ay,0,600,0.0
FULL_FLOW,S-ABCD,ustc,A-2,Facetime,Facetime,600,600,1.0
FULL_FLOW,S-ABCD,ustc,A-2,Facetime,Weibo,0,600,0.0
FULL_FLOW,S-ABCD,ustc,A-2,Facetime,Cridex,0,600,0.0
FULL_FLOW,S-ABCD,ustc,A-2,Facetime,Zeus,0,600,0.0
FULL_FLOW,S-ABCD,ustc,A-2,Facetime,SMB,0,600,0.0
FULL_FLOW,S-ABCD,ustc,A-2,Facetime,BitTorrent,0,600,0.0
FULL_FLOW,S-ABCD,ustc,A-2,Facetime,WorldOfWarcraft,0,600,0.0
FULL_FLOW,S-ABCD,ustc,A-2,Facetime,Shifu,0,600,0.0
FULL_FLOW,S-ABCD,ustc,A-2,Facetime,Outlook,0,600,0.0
FULL_FLOW,S-ABCD,ustc,A-2,Facetime,Virut,0,600,0.0
FULL_FLOW,S-ABCD,ustc,A-2,Facetime,MySQL,0,600,0.0
FULL_FLOW,S-ABCD,ustc,A-2,Facetime,Skype,0,600,0.0
FULL_FLOW,S-ABCD,ustc,A-2,Facetime,Miuref,0,600,0.0
FULL_FLOW,S-ABCD,ustc,A-2,Facetime,Neris,0,600,0.0
FULL_FLOW,S-ABCD,ustc,A-2,Weibo,Gmail,0,3995,0.0
FULL_FLOW,S-ABCD,ustc,A-2,Weibo,FTP,0,3995,0.0
FULL_FLOW,S-ABCD,ustc,A-2,Weibo,Nsis-ay,0,3995,0.0
FULL_FLOW,S-ABCD,ustc,A-2,Weibo,Facetime,0,3995,0.0
FULL_FLOW,S-ABCD,ustc,A-2,Weibo,Weibo,3382,3995,0.846558197747184
FULL_FLOW,S-ABCD,ustc,A-2,Weibo,Cridex,0,3995,0.0
FULL_FLOW,S-ABCD,ustc,A-2,Weibo,Zeus,0,3995,0.0
FULL_FLOW,S-ABCD,ustc,A-2,Weibo,SMB,605,3995,0.15143929912390489
FULL_FLOW,S-ABCD,ustc,A-2,Weibo,BitTorrent,0,3995,0.0
FULL_FLOW,S-ABCD,ustc,A-2,Weibo,WorldOfWarcraft,0,3995,0.0
FULL_FLOW,S-ABCD,ustc,A-2,Weibo,Shifu,0,3995,0.0
FULL_FLOW,S-ABCD,ustc,A-2,Weibo,Outlook,0,3995,0.0
FULL_FLOW,S-ABCD,ustc,A-2,Weibo,Virut,0,3995,0.0
FULL_FLOW,S-ABCD,ustc,A-2,Weibo,MySQL,0,3995,0.0
FULL_FLOW,S-ABCD,ustc,A-2,Weibo,Skype,8,3995,0.002002503128911139
FULL_FLOW,S-ABCD,ustc,A-2,Weibo,Miuref,0,3995,0.0
FULL_FLOW,S-ABCD,ustc,A-2,Weibo,Neris,0,3995,0.0
FULL_FLOW,S-ABCD,ustc,A-2,Cridex,Gmail,0,1638,0.0
FULL_FLOW,S-ABCD,ustc,A-2,Cridex,FTP,0,1638,0.0
FULL_FLOW,S-ABCD,ustc,A-2,Cridex,Nsis-ay,0,1638,0.0
FULL_FLOW,S-ABCD,ustc,A-2,Cridex,Facetime,0,1638,0.0
FULL_FLOW,S-ABCD,ustc,A-2,Cridex,Weibo,0,1638,0.0
FULL_FLOW,S-ABCD,ustc,A-2,Cridex,Cridex,1638,1638,1.0
FULL_FLOW,S-ABCD,ustc,A-2,Cridex,Zeus,0,1638,0.0
FULL_FLOW,S-ABCD,ustc,A-2,Cridex,SMB,0,1638,0.0
FULL_FLOW,S-ABCD,ustc,A-2,Cridex,BitTorrent,0,1638,0.0
FULL_FLOW,S-ABCD,ustc,A-2,Cridex,WorldOfWarcraft,0,1638,0.0
FULL_FLOW,S-ABCD,ustc,A-2,Cridex,Shifu,0,1638,0.0
FULL_FLOW,S-ABCD,ustc,A-2,Cridex,Outlook,0,1638,0.0
FULL_FLOW,S-ABCD,ustc,A-2,Cridex,Virut,0,1638,0.0
FULL_FLOW,S-ABCD,ustc,A-2,Cridex,MySQL,0,1638,0.0
FULL_FLOW,S-ABCD,ustc,A-2,Cridex,Skype,0,1638,0.0
FULL_FLOW,S-ABCD,ustc,A-2,Cridex,Miuref,0,1638,0.0
FULL_FLOW,S-ABCD,ustc,A-2,Cridex,Neris,0,1638,0.0
FULL_FLOW,S-ABCD,ustc,A-2,Zeus,Gmail,0,1097,0.0
FULL_FLOW,S-ABCD,ustc,A-2,Zeus,FTP,0,1097,0.0
FULL_FLOW,S-ABCD,ustc,A-2,Zeus,Nsis-ay,0,1097,0.0
FULL_FLOW,S-ABCD,ustc,A-2,Zeus,Facetime,0,1097,0.0
FULL_FLOW,S-ABCD,ustc,A-2,Zeus,Weibo,0,1097,0.0
FULL_FLOW,S-ABCD,ustc,A-2,Zeus,Cridex,0,1097,0.0
FULL_FLOW,S-ABCD,ustc,A-2,Zeus,Zeus,1096,1097,0.9990884229717412
FULL_FLOW,S-ABCD,ustc,A-2,Zeus,SMB,0,1097,0.0
FULL_FLOW,S-ABCD,ustc,A-2,Zeus,BitTorrent,0,1097,0.0
FULL_FLOW,S-ABCD,ustc,A-2,Zeus,WorldOfWarcraft,0,1097,0.0
FULL_FLOW,S-ABCD,ustc,A-2,Zeus,Shifu,0,1097,0.0
FULL_FLOW,S-ABCD,ustc,A-2,Zeus,Outlook,0,1097,0.0
FULL_FLOW,S-ABCD,ustc,A-2,Zeus,Virut,1,1097,0.0009115770282588879
FULL_FLOW,S-ABCD,ustc,A-2,Zeus,MySQL,0,1097,0.0
FULL_FLOW,S-ABCD,ustc,A-2,Zeus,Skype,0,1097,0.0
FULL_FLOW,S-ABCD,ustc,A-2,Zeus,Miuref,0,1097,0.0
FULL_FLOW,S-ABCD,ustc,A-2,Zeus,Neris,0,1097,0.0
FULL_FLOW,S-ABCD,ustc,A-2,SMB,Gmail,4,3893,0.0010274852298998202
FULL_FLOW,S-ABCD,ustc,A-2,SMB,FTP,1,3893,0.00025687130747495504
FULL_FLOW,S-ABCD,ustc,A-2,SMB,Nsis-ay,0,3893,0.0
FULL_FLOW,S-ABCD,ustc,A-2,SMB,Facetime,0,3893,0.0
FULL_FLOW,S-ABCD,ustc,A-2,SMB,Weibo,841,3893,0.21602876958643719
FULL_FLOW,S-ABCD,ustc,A-2,SMB,Cridex,0,3893,0.0
FULL_FLOW,S-ABCD,ustc,A-2,SMB,Zeus,0,3893,0.0
FULL_FLOW,S-ABCD,ustc,A-2,SMB,SMB,3028,3893,0.7778063190341639
FULL_FLOW,S-ABCD,ustc,A-2,SMB,BitTorrent,0,3893,0.0
FULL_FLOW,S-ABCD,ustc,A-2,SMB,WorldOfWarcraft,0,3893,0.0
FULL_FLOW,S-ABCD,ustc,A-2,SMB,Shifu,0,3893,0.0
FULL_FLOW,S-ABCD,ustc,A-2,SMB,Outlook,0,3893,0.0
FULL_FLOW,S-ABCD,ustc,A-2,SMB,Virut,0,3893,0.0
FULL_FLOW,S-ABCD,ustc,A-2,SMB,MySQL,16,3893,0.004109940919599281
FULL_FLOW,S-ABCD,ustc,A-2,SMB,Skype,3,3893,0.0007706139224248652
FULL_FLOW,S-ABCD,ustc,A-2,SMB,Miuref,0,3893,0.0
FULL_FLOW,S-ABCD,ustc,A-2,SMB,Neris,0,3893,0.0
FULL_FLOW,S-ABCD,ustc,A-2,BitTorrent,Gmail,0,752,0.0
FULL_FLOW,S-ABCD,ustc,A-2,BitTorrent,FTP,0,752,0.0
FULL_FLOW,S-ABCD,ustc,A-2,BitTorrent,Nsis-ay,0,752,0.0
FULL_FLOW,S-ABCD,ustc,A-2,BitTorrent,Facetime,0,752,0.0
FULL_FLOW,S-ABCD,ustc,A-2,BitTorrent,Weibo,0,752,0.0
FULL_FLOW,S-ABCD,ustc,A-2,BitTorrent,Cridex,0,752,0.0
FULL_FLOW,S-ABCD,ustc,A-2,BitTorrent,Zeus,0,752,0.0
FULL_FLOW,S-ABCD,ustc,A-2,BitTorrent,SMB,1,752,0.0013297872340425532
FULL_FLOW,S-ABCD,ustc,A-2,BitTorrent,BitTorrent,632,752,0.8404255319148937
FULL_FLOW,S-ABCD,ustc,A-2,BitTorrent,WorldOfWarcraft,0,752,0.0
FULL_FLOW,S-ABCD,ustc,A-2,BitTorrent,Shifu,0,752,0.0
FULL_FLOW,S-ABCD,ustc,A-2,BitTorrent,Outlook,116,752,0.15425531914893617
FULL_FLOW,S-ABCD,ustc,A-2,BitTorrent,Virut,0,752,0.0
FULL_FLOW,S-ABCD,ustc,A-2,BitTorrent,MySQL,0,752,0.0
FULL_FLOW,S-ABCD,ustc,A-2,BitTorrent,Skype,3,752,0.003989361702127659
FULL_FLOW,S-ABCD,ustc,A-2,BitTorrent,Miuref,0,752,0.0
FULL_FLOW,S-ABCD,ustc,A-2,BitTorrent,Neris,0,752,0.0
FULL_FLOW,S-ABCD,ustc,A-2,WorldOfWarcraft,Gmail,1,789,0.0012674271229404308
FULL_FLOW,S-ABCD,ustc,A-2,WorldOfWarcraft,FTP,0,789,0.0
FULL_FLOW,S-ABCD,ustc,A-2,WorldOfWarcraft,Nsis-ay,0,789,0.0
FULL_FLOW,S-ABCD,ustc,A-2,WorldOfWarcraft,Facetime,0,789,0.0
FULL_FLOW,S-ABCD,ustc,A-2,WorldOfWarcraft,Weibo,0,789,0.0
FULL_FLOW,S-ABCD,ustc,A-2,WorldOfWarcraft,Cridex,0,789,0.0
FULL_FLOW,S-ABCD,ustc,A-2,WorldOfWarcraft,Zeus,0,789,0.0
FULL_FLOW,S-ABCD,ustc,A-2,WorldOfWarcraft,SMB,0,789,0.0
FULL_FLOW,S-ABCD,ustc,A-2,WorldOfWarcraft,BitTorrent,0,789,0.0
FULL_FLOW,S-ABCD,ustc,A-2,WorldOfWarcraft,WorldOfWarcraft,786,789,0.9961977186311787
FULL_FLOW,S-ABCD,ustc,A-2,WorldOfWarcraft,Shifu,0,789,0.0
FULL_FLOW,S-ABCD,ustc,A-2,WorldOfWarcraft,Outlook,0,789,0.0
FULL_FLOW,S-ABCD,ustc,A-2,WorldOfWarcraft,Virut,0,789,0.0
FULL_FLOW,S-ABCD,ustc,A-2,WorldOfWarcraft,MySQL,2,789,0.0025348542458808617
FULL_FLOW,S-ABCD,ustc,A-2,WorldOfWarcraft,Skype,0,789,0.0
FULL_FLOW,S-ABCD,ustc,A-2,WorldOfWarcraft,Miuref,0,789,0.0
FULL_FLOW,S-ABCD,ustc,A-2,WorldOfWarcraft,Neris,0,789,0.0
FULL_FLOW,S-ABCD,ustc,A-2,Shifu,Gmail,0,963,0.0
FULL_FLOW,S-ABCD,ustc,A-2,Shifu,FTP,0,963,0.0
FULL_FLOW,S-ABCD,ustc,A-2,Shifu,Nsis-ay,0,963,0.0
FULL_FLOW,S-ABCD,ustc,A-2,Shifu,Facetime,0,963,0.0
FULL_FLOW,S-ABCD,ustc,A-2,Shifu,Weibo,0,963,0.0
FULL_FLOW,S-ABCD,ustc,A-2,Shifu,Cridex,0,963,0.0
FULL_FLOW,S-ABCD,ustc,A-2,Shifu,Zeus,0,963,0.0
FULL_FLOW,S-ABCD,ustc,A-2,Shifu,SMB,0,963,0.0
FULL_FLOW,S-ABCD,ustc,A-2,Shifu,BitTorrent,0,963,0.0
FULL_FLOW,S-ABCD,ustc,A-2,Shifu,WorldOfWarcraft,0,963,0.0
FULL_FLOW,S-ABCD,ustc,A-2,Shifu,Shifu,957,963,0.9937694704049844
FULL_FLOW,S-ABCD,ustc,A-2,Shifu,Outlook,0,963,0.0
FULL_FLOW,S-ABCD,ustc,A-2,Shifu,Virut,0,963,0.0
FULL_FLOW,S-ABCD,ustc,A-2,Shifu,MySQL,0,963,0.0
FULL_FLOW,S-ABCD,ustc,A-2,Shifu,Skype,0,963,0.0
FULL_FLOW,S-ABCD,ustc,A-2,Shifu,Miuref,3,963,0.003115264797507788
FULL_FLOW,S-ABCD,ustc,A-2,Shifu,Neris,3,963,0.003115264797507788
FULL_FLOW,S-ABCD,ustc,A-2,Outlook,Gmail,4,753,0.005312084993359893
FULL_FLOW,S-ABCD,ustc,A-2,Outlook,FTP,0,753,0.0
FULL_FLOW,S-ABCD,ustc,A-2,Outlook,Nsis-ay,0,753,0.0
FULL_FLOW,S-ABCD,ustc,A-2,Outlook,Facetime,0,753,0.0
FULL_FLOW,S-ABCD,ustc,A-2,Outlook,Weibo,0,753,0.0
FULL_FLOW,S-ABCD,ustc,A-2,Outlook,Cridex,0,753,0.0
FULL_FLOW,S-ABCD,ustc,A-2,Outlook,Zeus,0,753,0.0
FULL_FLOW,S-ABCD,ustc,A-2,Outlook,SMB,3,753,0.00398406374501992
FULL_FLOW,S-ABCD,ustc,A-2,Outlook,BitTorrent,20,753,0.02656042496679947
FULL_FLOW,S-ABCD,ustc,A-2,Outlook,WorldOfWarcraft,0,753,0.0
FULL_FLOW,S-ABCD,ustc,A-2,Outlook,Shifu,0,753,0.0
FULL_FLOW,S-ABCD,ustc,A-2,Outlook,Outlook,722,753,0.9588313413014609
FULL_FLOW,S-ABCD,ustc,A-2,Outlook,Virut,0,753,0.0
FULL_FLOW,S-ABCD,ustc,A-2,Outlook,MySQL,0,753,0.0
FULL_FLOW,S-ABCD,ustc,A-2,Outlook,Skype,4,753,0.005312084993359893
FULL_FLOW,S-ABCD,ustc,A-2,Outlook,Miuref,0,753,0.0
FULL_FLOW,S-ABCD,ustc,A-2,Outlook,Neris,0,753,0.0
FULL_FLOW,S-ABCD,ustc,A-2,Virut,Gmail,0,3310,0.0
FULL_FLOW,S-ABCD,ustc,A-2,Virut,FTP,0,3310,0.0
FULL_FLOW,S-ABCD,ustc,A-2,Virut,Nsis-ay,2,3310,0.0006042296072507553
FULL_FLOW,S-ABCD,ustc,A-2,Virut,Facetime,0,3310,0.0
FULL_FLOW,S-ABCD,ustc,A-2,Virut,Weibo,0,3310,0.0
FULL_FLOW,S-ABCD,ustc,A-2,Virut,Cridex,0,3310,0.0
FULL_FLOW,S-ABCD,ustc,A-2,Virut,Zeus,0,3310,0.0
FULL_FLOW,S-ABCD,ustc,A-2,Virut,SMB,0,3310,0.0
FULL_FLOW,S-ABCD,ustc,A-2,Virut,BitTorrent,0,3310,0.0
FULL_FLOW,S-ABCD,ustc,A-2,Virut,WorldOfWarcraft,0,3310,0.0
FULL_FLOW,S-ABCD,ustc,A-2,Virut,Shifu,0,3310,0.0
FULL_FLOW,S-ABCD,ustc,A-2,Virut,Outlook,0,3310,0.0
FULL_FLOW,S-ABCD,ustc,A-2,Virut,Virut,3082,3310,0.9311178247734139
FULL_FLOW,S-ABCD,ustc,A-2,Virut,MySQL,0,3310,0.0
FULL_FLOW,S-ABCD,ustc,A-2,Virut,Skype,0,3310,0.0
FULL_FLOW,S-ABCD,ustc,A-2,Virut,Miuref,0,3310,0.0
FULL_FLOW,S-ABCD,ustc,A-2,Virut,Neris,226,3310,0.06827794561933535
FULL_FLOW,S-ABCD,ustc,A-2,MySQL,Gmail,6,8609,0.0006969450574979672
FULL_FLOW,S-ABCD,ustc,A-2,MySQL,FTP,75,8609,0.008711813218724591
FULL_FLOW,S-ABCD,ustc,A-2,MySQL,Nsis-ay,1,8609,0.00011615750958299454
FULL_FLOW,S-ABCD,ustc,A-2,MySQL,Facetime,0,8609,0.0
FULL_FLOW,S-ABCD,ustc,A-2,MySQL,Weibo,0,8609,0.0
FULL_FLOW,S-ABCD,ustc,A-2,MySQL,Cridex,0,8609,0.0
FULL_FLOW,S-ABCD,ustc,A-2,MySQL,Zeus,0,8609,0.0
FULL_FLOW,S-ABCD,ustc,A-2,MySQL,SMB,2,8609,0.00023231501916598908
FULL_FLOW,S-ABCD,ustc,A-2,MySQL,BitTorrent,0,8609,0.0
FULL_FLOW,S-ABCD,ustc,A-2,MySQL,WorldOfWarcraft,0,8609,0.0
FULL_FLOW,S-ABCD,ustc,A-2,MySQL,Shifu,0,8609,0.0
FULL_FLOW,S-ABCD,ustc,A-2,MySQL,Outlook,0,8609,0.0
FULL_FLOW,S-ABCD,ustc,A-2,MySQL,Virut,0,8609,0.0
FULL_FLOW,S-ABCD,ustc,A-2,MySQL,MySQL,8519,8609,0.9895458241375304
FULL_FLOW,S-ABCD,ustc,A-2,MySQL,Skype,6,8609,0.0006969450574979672
FULL_FLOW,S-ABCD,ustc,A-2,MySQL,Miuref,0,8609,0.0
FULL_FLOW,S-ABCD,ustc,A-2,MySQL,Neris,0,8609,0.0
FULL_FLOW,S-ABCD,ustc,A-2,Skype,Gmail,0,632,0.0
FULL_FLOW,S-ABCD,ustc,A-2,Skype,FTP,0,632,0.0
FULL_FLOW,S-ABCD,ustc,A-2,Skype,Nsis-ay,0,632,0.0
FULL_FLOW,S-ABCD,ustc,A-2,Skype,Facetime,0,632,0.0
FULL_FLOW,S-ABCD,ustc,A-2,Skype,Weibo,0,632,0.0
FULL_FLOW,S-ABCD,ustc,A-2,Skype,Cridex,0,632,0.0
FULL_FLOW,S-ABCD,ustc,A-2,Skype,Zeus,0,632,0.0
FULL_FLOW,S-ABCD,ustc,A-2,Skype,SMB,0,632,0.0
FULL_FLOW,S-ABCD,ustc,A-2,Skype,BitTorrent,0,632,0.0
FULL_FLOW,S-ABCD,ustc,A-2,Skype,WorldOfWarcraft,0,632,0.0
FULL_FLOW,S-ABCD,ustc,A-2,Skype,Shifu,0,632,0.0
FULL_FLOW,S-ABCD,ustc,A-2,Skype,Outlook,0,632,0.0
FULL_FLOW,S-ABCD,ustc,A-2,Skype,Virut,0,632,0.0
FULL_FLOW,S-ABCD,ustc,A-2,Skype,MySQL,0,632,0.0
FULL_FLOW,S-ABCD,ustc,A-2,Skype,Skype,632,632,1.0
FULL_FLOW,S-ABCD,ustc,A-2,Skype,Miuref,0,632,0.0
FULL_FLOW,S-ABCD,ustc,A-2,Skype,Neris,0,632,0.0
FULL_FLOW,S-ABCD,ustc,A-2,Miuref,Gmail,0,1348,0.0
FULL_FLOW,S-ABCD,ustc,A-2,Miuref,FTP,0,1348,0.0
FULL_FLOW,S-ABCD,ustc,A-2,Miuref,Nsis-ay,0,1348,0.0
FULL_FLOW,S-ABCD,ustc,A-2,Miuref,Facetime,0,1348,0.0
FULL_FLOW,S-ABCD,ustc,A-2,Miuref,Weibo,0,1348,0.0
FULL_FLOW,S-ABCD,ustc,A-2,Miuref,Cridex,0,1348,0.0
FULL_FLOW,S-ABCD,ustc,A-2,Miuref,Zeus,0,1348,0.0
FULL_FLOW,S-ABCD,ustc,A-2,Miuref,SMB,0,1348,0.0
FULL_FLOW,S-ABCD,ustc,A-2,Miuref,BitTorrent,0,1348,0.0
FULL_FLOW,S-ABCD,ustc,A-2,Miuref,WorldOfWarcraft,0,1348,0.0
FULL_FLOW,S-ABCD,ustc,A-2,Miuref,Shifu,0,1348,0.0
FULL_FLOW,S-ABCD,ustc,A-2,Miuref,Outlook,0,1348,0.0
FULL_FLOW,S-ABCD,ustc,A-2,Miuref,Virut,0,1348,0.0
FULL_FLOW,S-ABCD,ustc,A-2,Miuref,MySQL,0,1348,0.0
FULL_FLOW,S-ABCD,ustc,A-2,Miuref,Skype,0,1348,0.0
FULL_FLOW,S-ABCD,ustc,A-2,Miuref,Miuref,1348,1348,1.0
FULL_FLOW,S-ABCD,ustc,A-2,Miuref,Neris,0,1348,0.0
FULL_FLOW,S-ABCD,ustc,A-2,Neris,Gmail,0,3379,0.0
FULL_FLOW,S-ABCD,ustc,A-2,Neris,FTP,0,3379,0.0
FULL_FLOW,S-ABCD,ustc,A-2,Neris,Nsis-ay,1,3379,0.0002959455460195324
FULL_FLOW,S-ABCD,ustc,A-2,Neris,Facetime,0,3379,0.0
FULL_FLOW,S-ABCD,ustc,A-2,Neris,Weibo,0,3379,0.0
FULL_FLOW,S-ABCD,ustc,A-2,Neris,Cridex,0,3379,0.0
FULL_FLOW,S-ABCD,ustc,A-2,Neris,Zeus,0,3379,0.0
FULL_FLOW,S-ABCD,ustc,A-2,Neris,SMB,0,3379,0.0
FULL_FLOW,S-ABCD,ustc,A-2,Neris,BitTorrent,0,3379,0.0
FULL_FLOW,S-ABCD,ustc,A-2,Neris,WorldOfWarcraft,0,3379,0.0
FULL_FLOW,S-ABCD,ustc,A-2,Neris,Shifu,6,3379,0.0017756732761171944
FULL_FLOW,S-ABCD,ustc,A-2,Neris,Outlook,0,3379,0.0
FULL_FLOW,S-ABCD,ustc,A-2,Neris,Virut,235,3379,0.06954720331459012
FULL_FLOW,S-ABCD,ustc,A-2,Neris,MySQL,0,3379,0.0
FULL_FLOW,S-ABCD,ustc,A-2,Neris,Skype,0,3379,0.0
FULL_FLOW,S-ABCD,ustc,A-2,Neris,Miuref,0,3379,0.0
FULL_FLOW,S-ABCD,ustc,A-2,Neris,Neris,3137,3379,0.9283811778632731
FULL_FLOW,S-Burst,iscx_vpn,medium_seed2022,AIM,AIM,10,53,0.18867924528301888
FULL_FLOW,S-Burst,iscx_vpn,medium_seed2022,AIM,BitTorrent,1,53,0.018867924528301886
FULL_FLOW,S-Burst,iscx_vpn,medium_seed2022,AIM,Email,3,53,0.05660377358490566
FULL_FLOW,S-Burst,iscx_vpn,medium_seed2022,AIM,FTPS,2,53,0.03773584905660377
FULL_FLOW,S-Burst,iscx_vpn,medium_seed2022,AIM,Facebook,20,53,0.37735849056603776
FULL_FLOW,S-Burst,iscx_vpn,medium_seed2022,AIM,Gmail,3,53,0.05660377358490566
FULL_FLOW,S-Burst,iscx_vpn,medium_seed2022,AIM,ICQ,7,53,0.1320754716981132
FULL_FLOW,S-Burst,iscx_vpn,medium_seed2022,AIM,Netflix,0,53,0.0
FULL_FLOW,S-Burst,iscx_vpn,medium_seed2022,AIM,SCP,2,53,0.03773584905660377
FULL_FLOW,S-Burst,iscx_vpn,medium_seed2022,AIM,SFTP,1,53,0.018867924528301886
FULL_FLOW,S-Burst,iscx_vpn,medium_seed2022,AIM,Spotify,0,53,0.0
FULL_FLOW,S-Burst,iscx_vpn,medium_seed2022,AIM,Vimeo,0,53,0.0
FULL_FLOW,S-Burst,iscx_vpn,medium_seed2022,AIM,VoIPBuster,4,53,0.07547169811320754
FULL_FLOW,S-Burst,iscx_vpn,medium_seed2022,BitTorrent,AIM,0,100,0.0
FULL_FLOW,S-Burst,iscx_vpn,medium_seed2022,BitTorrent,BitTorrent,97,100,0.97
FULL_FLOW,S-Burst,iscx_vpn,medium_seed2022,BitTorrent,Email,1,100,0.01
FULL_FLOW,S-Burst,iscx_vpn,medium_seed2022,BitTorrent,FTPS,2,100,0.02
FULL_FLOW,S-Burst,iscx_vpn,medium_seed2022,BitTorrent,Facebook,0,100,0.0
FULL_FLOW,S-Burst,iscx_vpn,medium_seed2022,BitTorrent,Gmail,0,100,0.0
FULL_FLOW,S-Burst,iscx_vpn,medium_seed2022,BitTorrent,ICQ,0,100,0.0
FULL_FLOW,S-Burst,iscx_vpn,medium_seed2022,BitTorrent,Netflix,0,100,0.0
FULL_FLOW,S-Burst,iscx_vpn,medium_seed2022,BitTorrent,SCP,0,100,0.0
FULL_FLOW,S-Burst,iscx_vpn,medium_seed2022,BitTorrent,SFTP,0,100,0.0
FULL_FLOW,S-Burst,iscx_vpn,medium_seed2022,BitTorrent,Spotify,0,100,0.0
FULL_FLOW,S-Burst,iscx_vpn,medium_seed2022,BitTorrent,Vimeo,0,100,0.0
FULL_FLOW,S-Burst,iscx_vpn,medium_seed2022,BitTorrent,VoIPBuster,0,100,0.0
FULL_FLOW,S-Burst,iscx_vpn,medium_seed2022,Email,AIM,4,200,0.02
FULL_FLOW,S-Burst,iscx_vpn,medium_seed2022,Email,BitTorrent,8,200,0.04
FULL_FLOW,S-Burst,iscx_vpn,medium_seed2022,Email,Email,79,200,0.395
FULL_FLOW,S-Burst,iscx_vpn,medium_seed2022,Email,FTPS,8,200,0.04
FULL_FLOW,S-Burst,iscx_vpn,medium_seed2022,Email,Facebook,69,200,0.345
FULL_FLOW,S-Burst,iscx_vpn,medium_seed2022,Email,Gmail,1,200,0.005
FULL_FLOW,S-Burst,iscx_vpn,medium_seed2022,Email,ICQ,3,200,0.015
FULL_FLOW,S-Burst,iscx_vpn,medium_seed2022,Email,Netflix,3,200,0.015
FULL_FLOW,S-Burst,iscx_vpn,medium_seed2022,Email,SCP,3,200,0.015
FULL_FLOW,S-Burst,iscx_vpn,medium_seed2022,Email,SFTP,0,200,0.0
FULL_FLOW,S-Burst,iscx_vpn,medium_seed2022,Email,Spotify,1,200,0.005
FULL_FLOW,S-Burst,iscx_vpn,medium_seed2022,Email,Vimeo,1,200,0.005
FULL_FLOW,S-Burst,iscx_vpn,medium_seed2022,Email,VoIPBuster,20,200,0.1
FULL_FLOW,S-Burst,iscx_vpn,medium_seed2022,FTPS,AIM,1,200,0.005
FULL_FLOW,S-Burst,iscx_vpn,medium_seed2022,FTPS,BitTorrent,22,200,0.11
FULL_FLOW,S-Burst,iscx_vpn,medium_seed2022,FTPS,Email,3,200,0.015
FULL_FLOW,S-Burst,iscx_vpn,medium_seed2022,FTPS,FTPS,148,200,0.74
FULL_FLOW,S-Burst,iscx_vpn,medium_seed2022,FTPS,Facebook,2,200,0.01
FULL_FLOW,S-Burst,iscx_vpn,medium_seed2022,FTPS,Gmail,1,200,0.005
FULL_FLOW,S-Burst,iscx_vpn,medium_seed2022,FTPS,ICQ,0,200,0.0
FULL_FLOW,S-Burst,iscx_vpn,medium_seed2022,FTPS,Netflix,0,200,0.0
FULL_FLOW,S-Burst,iscx_vpn,medium_seed2022,FTPS,SCP,3,200,0.015
FULL_FLOW,S-Burst,iscx_vpn,medium_seed2022,FTPS,SFTP,0,200,0.0
FULL_FLOW,S-Burst,iscx_vpn,medium_seed2022,FTPS,Spotify,1,200,0.005
FULL_FLOW,S-Burst,iscx_vpn,medium_seed2022,FTPS,Vimeo,0,200,0.0
FULL_FLOW,S-Burst,iscx_vpn,medium_seed2022,FTPS,VoIPBuster,19,200,0.095
FULL_FLOW,S-Burst,iscx_vpn,medium_seed2022,Facebook,AIM,6,200,0.03
FULL_FLOW,S-Burst,iscx_vpn,medium_seed2022,Facebook,BitTorrent,0,200,0.0
FULL_FLOW,S-Burst,iscx_vpn,medium_seed2022,Facebook,Email,12,200,0.06
FULL_FLOW,S-Burst,iscx_vpn,medium_seed2022,Facebook,FTPS,0,200,0.0
FULL_FLOW,S-Burst,iscx_vpn,medium_seed2022,Facebook,Facebook,137,200,0.685
FULL_FLOW,S-Burst,iscx_vpn,medium_seed2022,Facebook,Gmail,2,200,0.01
FULL_FLOW,S-Burst,iscx_vpn,medium_seed2022,Facebook,ICQ,2,200,0.01
FULL_FLOW,S-Burst,iscx_vpn,medium_seed2022,Facebook,Netflix,0,200,0.0
FULL_FLOW,S-Burst,iscx_vpn,medium_seed2022,Facebook,SCP,7,200,0.035
FULL_FLOW,S-Burst,iscx_vpn,medium_seed2022,Facebook,SFTP,0,200,0.0
FULL_FLOW,S-Burst,iscx_vpn,medium_seed2022,Facebook,Spotify,2,200,0.01
FULL_FLOW,S-Burst,iscx_vpn,medium_seed2022,Facebook,Vimeo,1,200,0.005
FULL_FLOW,S-Burst,iscx_vpn,medium_seed2022,Facebook,VoIPBuster,31,200,0.155
FULL_FLOW,S-Burst,iscx_vpn,medium_seed2022,Gmail,AIM,1,54,0.018518518518518517
FULL_FLOW,S-Burst,iscx_vpn,medium_seed2022,Gmail,BitTorrent,0,54,0.0
FULL_FLOW,S-Burst,iscx_vpn,medium_seed2022,Gmail,Email,1,54,0.018518518518518517
FULL_FLOW,S-Burst,iscx_vpn,medium_seed2022,Gmail,FTPS,5,54,0.09259259259259259
FULL_FLOW,S-Burst,iscx_vpn,medium_seed2022,Gmail,Facebook,5,54,0.09259259259259259
FULL_FLOW,S-Burst,iscx_vpn,medium_seed2022,Gmail,Gmail,36,54,0.6666666666666666
FULL_FLOW,S-Burst,iscx_vpn,medium_seed2022,Gmail,ICQ,1,54,0.018518518518518517
FULL_FLOW,S-Burst,iscx_vpn,medium_seed2022,Gmail,Netflix,0,54,0.0
FULL_FLOW,S-Burst,iscx_vpn,medium_seed2022,Gmail,SCP,1,54,0.018518518518518517
FULL_FLOW,S-Burst,iscx_vpn,medium_seed2022,Gmail,SFTP,0,54,0.0
FULL_FLOW,S-Burst,iscx_vpn,medium_seed2022,Gmail,Spotify,3,54,0.05555555555555555
FULL_FLOW,S-Burst,iscx_vpn,medium_seed2022,Gmail,Vimeo,0,54,0.0
FULL_FLOW,S-Burst,iscx_vpn,medium_seed2022,Gmail,VoIPBuster,1,54,0.018518518518518517
FULL_FLOW,S-Burst,iscx_vpn,medium_seed2022,ICQ,AIM,8,53,0.1509433962264151
FULL_FLOW,S-Burst,iscx_vpn,medium_seed2022,ICQ,BitTorrent,0,53,0.0
FULL_FLOW,S-Burst,iscx_vpn,medium_seed2022,ICQ,Email,3,53,0.05660377358490566
FULL_FLOW,S-Burst,iscx_vpn,medium_seed2022,ICQ,FTPS,2,53,0.03773584905660377
FULL_FLOW,S-Burst,iscx_vpn,medium_seed2022,ICQ,Facebook,23,53,0.4339622641509434
FULL_FLOW,S-Burst,iscx_vpn,medium_seed2022,ICQ,Gmail,1,53,0.018867924528301886
FULL_FLOW,S-Burst,iscx_vpn,medium_seed2022,ICQ,ICQ,10,53,0.18867924528301888
FULL_FLOW,S-Burst,iscx_vpn,medium_seed2022,ICQ,Netflix,0,53,0.0
FULL_FLOW,S-Burst,iscx_vpn,medium_seed2022,ICQ,SCP,2,53,0.03773584905660377
FULL_FLOW,S-Burst,iscx_vpn,medium_seed2022,ICQ,SFTP,0,53,0.0
FULL_FLOW,S-Burst,iscx_vpn,medium_seed2022,ICQ,Spotify,0,53,0.0
FULL_FLOW,S-Burst,iscx_vpn,medium_seed2022,ICQ,Vimeo,0,53,0.0
FULL_FLOW,S-Burst,iscx_vpn,medium_seed2022,ICQ,VoIPBuster,4,53,0.07547169811320754
FULL_FLOW,S-Burst,iscx_vpn,medium_seed2022,Netflix,AIM,0,118,0.0
FULL_FLOW,S-Burst,iscx_vpn,medium_seed2022,Netflix,BitTorrent,29,118,0.2457627118644068
FULL_FLOW,S-Burst,iscx_vpn,medium_seed2022,Netflix,Email,1,118,0.00847457627118644
FULL_FLOW,S-Burst,iscx_vpn,medium_seed2022,Netflix,FTPS,2,118,0.01694915254237288
FULL_FLOW,S-Burst,iscx_vpn,medium_seed2022,Netflix,Facebook,0,118,0.0
FULL_FLOW,S-Burst,iscx_vpn,medium_seed2022,Netflix,Gmail,0,118,0.0
FULL_FLOW,S-Burst,iscx_vpn,medium_seed2022,Netflix,ICQ,1,118,0.00847457627118644
FULL_FLOW,S-Burst,iscx_vpn,medium_seed2022,Netflix,Netflix,62,118,0.5254237288135594
FULL_FLOW,S-Burst,iscx_vpn,medium_seed2022,Netflix,SCP,3,118,0.025423728813559324
FULL_FLOW,S-Burst,iscx_vpn,medium_seed2022,Netflix,SFTP,0,118,0.0
FULL_FLOW,S-Burst,iscx_vpn,medium_seed2022,Netflix,Spotify,11,118,0.09322033898305085
FULL_FLOW,S-Burst,iscx_vpn,medium_seed2022,Netflix,Vimeo,9,118,0.07627118644067797
FULL_FLOW,S-Burst,iscx_vpn,medium_seed2022,Netflix,VoIPBuster,0,118,0.0
FULL_FLOW,S-Burst,iscx_vpn,medium_seed2022,SCP,AIM,2,200,0.01
FULL_FLOW,S-Burst,iscx_vpn,medium_seed2022,SCP,BitTorrent,0,200,0.0
FULL_FLOW,S-Burst,iscx_vpn,medium_seed2022,SCP,Email,12,200,0.06
FULL_FLOW,S-Burst,iscx_vpn,medium_seed2022,SCP,FTPS,9,200,0.045
FULL_FLOW,S-Burst,iscx_vpn,medium_seed2022,SCP,Facebook,67,200,0.335
FULL_FLOW,S-Burst,iscx_vpn,medium_seed2022,SCP,Gmail,0,200,0.0
FULL_FLOW,S-Burst,iscx_vpn,medium_seed2022,SCP,ICQ,1,200,0.005
FULL_FLOW,S-Burst,iscx_vpn,medium_seed2022,SCP,Netflix,32,200,0.16
FULL_FLOW,S-Burst,iscx_vpn,medium_seed2022,SCP,SCP,55,200,0.275
FULL_FLOW,S-Burst,iscx_vpn,medium_seed2022,SCP,SFTP,0,200,0.0
FULL_FLOW,S-Burst,iscx_vpn,medium_seed2022,SCP,Spotify,1,200,0.005
FULL_FLOW,S-Burst,iscx_vpn,medium_seed2022,SCP,Vimeo,0,200,0.0
FULL_FLOW,S-Burst,iscx_vpn,medium_seed2022,SCP,VoIPBuster,21,200,0.105
FULL_FLOW,S-Burst,iscx_vpn,medium_seed2022,SFTP,AIM,0,31,0.0
FULL_FLOW,S-Burst,iscx_vpn,medium_seed2022,SFTP,BitTorrent,3,31,0.0967741935483871
FULL_FLOW,S-Burst,iscx_vpn,medium_seed2022,SFTP,Email,1,31,0.03225806451612903
FULL_FLOW,S-Burst,iscx_vpn,medium_seed2022,SFTP,FTPS,6,31,0.1935483870967742
FULL_FLOW,S-Burst,iscx_vpn,medium_seed2022,SFTP,Facebook,0,31,0.0
FULL_FLOW,S-Burst,iscx_vpn,medium_seed2022,SFTP,Gmail,0,31,0.0
FULL_FLOW,S-Burst,iscx_vpn,medium_seed2022,SFTP,ICQ,0,31,0.0
FULL_FLOW,S-Burst,iscx_vpn,medium_seed2022,SFTP,Netflix,1,31,0.03225806451612903
FULL_FLOW,S-Burst,iscx_vpn,medium_seed2022,SFTP,SCP,2,31,0.06451612903225806
FULL_FLOW,S-Burst,iscx_vpn,medium_seed2022,SFTP,SFTP,13,31,0.41935483870967744
FULL_FLOW,S-Burst,iscx_vpn,medium_seed2022,SFTP,Spotify,4,31,0.12903225806451613
FULL_FLOW,S-Burst,iscx_vpn,medium_seed2022,SFTP,Vimeo,0,31,0.0
FULL_FLOW,S-Burst,iscx_vpn,medium_seed2022,SFTP,VoIPBuster,1,31,0.03225806451612903
FULL_FLOW,S-Burst,iscx_vpn,medium_seed2022,Spotify,AIM,0,79,0.0
FULL_FLOW,S-Burst,iscx_vpn,medium_seed2022,Spotify,BitTorrent,12,79,0.1518987341772152
FULL_FLOW,S-Burst,iscx_vpn,medium_seed2022,Spotify,Email,0,79,0.0
FULL_FLOW,S-Burst,iscx_vpn,medium_seed2022,Spotify,FTPS,2,79,0.02531645569620253
FULL_FLOW,S-Burst,iscx_vpn,medium_seed2022,Spotify,Facebook,0,79,0.0
FULL_FLOW,S-Burst,iscx_vpn,medium_seed2022,Spotify,Gmail,2,79,0.02531645569620253
FULL_FLOW,S-Burst,iscx_vpn,medium_seed2022,Spotify,ICQ,0,79,0.0
FULL_FLOW,S-Burst,iscx_vpn,medium_seed2022,Spotify,Netflix,19,79,0.24050632911392406
FULL_FLOW,S-Burst,iscx_vpn,medium_seed2022,Spotify,SCP,1,79,0.012658227848101266
FULL_FLOW,S-Burst,iscx_vpn,medium_seed2022,Spotify,SFTP,0,79,0.0
FULL_FLOW,S-Burst,iscx_vpn,medium_seed2022,Spotify,Spotify,35,79,0.4430379746835443
FULL_FLOW,S-Burst,iscx_vpn,medium_seed2022,Spotify,Vimeo,7,79,0.08860759493670886
FULL_FLOW,S-Burst,iscx_vpn,medium_seed2022,Spotify,VoIPBuster,1,79,0.012658227848101266
FULL_FLOW,S-Burst,iscx_vpn,medium_seed2022,Vimeo,AIM,0,123,0.0
FULL_FLOW,S-Burst,iscx_vpn,medium_seed2022,Vimeo,BitTorrent,10,123,0.08130081300813008
FULL_FLOW,S-Burst,iscx_vpn,medium_seed2022,Vimeo,Email,0,123,0.0
FULL_FLOW,S-Burst,iscx_vpn,medium_seed2022,Vimeo,FTPS,2,123,0.016260162601626018
FULL_FLOW,S-Burst,iscx_vpn,medium_seed2022,Vimeo,Facebook,0,123,0.0
FULL_FLOW,S-Burst,iscx_vpn,medium_seed2022,Vimeo,Gmail,0,123,0.0
FULL_FLOW,S-Burst,iscx_vpn,medium_seed2022,Vimeo,ICQ,0,123,0.0
FULL_FLOW,S-Burst,iscx_vpn,medium_seed2022,Vimeo,Netflix,34,123,0.2764227642276423
FULL_FLOW,S-Burst,iscx_vpn,medium_seed2022,Vimeo,SCP,8,123,0.06504065040650407
FULL_FLOW,S-Burst,iscx_vpn,medium_seed2022,Vimeo,SFTP,0,123,0.0
FULL_FLOW,S-Burst,iscx_vpn,medium_seed2022,Vimeo,Spotify,13,123,0.10569105691056911
FULL_FLOW,S-Burst,iscx_vpn,medium_seed2022,Vimeo,Vimeo,56,123,0.45528455284552843
FULL_FLOW,S-Burst,iscx_vpn,medium_seed2022,Vimeo,VoIPBuster,0,123,0.0
FULL_FLOW,S-Burst,iscx_vpn,medium_seed2022,VoIPBuster,AIM,2,200,0.01
FULL_FLOW,S-Burst,iscx_vpn,medium_seed2022,VoIPBuster,BitTorrent,0,200,0.0
FULL_FLOW,S-Burst,iscx_vpn,medium_seed2022,VoIPBuster,Email,7,200,0.035
FULL_FLOW,S-Burst,iscx_vpn,medium_seed2022,VoIPBuster,FTPS,35,200,0.175
FULL_FLOW,S-Burst,iscx_vpn,medium_seed2022,VoIPBuster,Facebook,41,200,0.205
FULL_FLOW,S-Burst,iscx_vpn,medium_seed2022,VoIPBuster,Gmail,1,200,0.005
FULL_FLOW,S-Burst,iscx_vpn,medium_seed2022,VoIPBuster,ICQ,5,200,0.025
FULL_FLOW,S-Burst,iscx_vpn,medium_seed2022,VoIPBuster,Netflix,2,200,0.01
FULL_FLOW,S-Burst,iscx_vpn,medium_seed2022,VoIPBuster,SCP,12,200,0.06
FULL_FLOW,S-Burst,iscx_vpn,medium_seed2022,VoIPBuster,SFTP,1,200,0.005
FULL_FLOW,S-Burst,iscx_vpn,medium_seed2022,VoIPBuster,Spotify,1,200,0.005
FULL_FLOW,S-Burst,iscx_vpn,medium_seed2022,VoIPBuster,Vimeo,0,200,0.0
FULL_FLOW,S-Burst,iscx_vpn,medium_seed2022,VoIPBuster,VoIPBuster,93,200,0.465
FULL_FLOW,S-Burst,iscx_tor,medium_seed2022,Browsing,Browsing,94,200,0.47
FULL_FLOW,S-Burst,iscx_tor,medium_seed2022,Browsing,Email,2,200,0.01
FULL_FLOW,S-Burst,iscx_tor,medium_seed2022,Browsing,FTP,90,200,0.45
FULL_FLOW,S-Burst,iscx_tor,medium_seed2022,Browsing,Facebook,3,200,0.015
FULL_FLOW,S-Burst,iscx_tor,medium_seed2022,Browsing,Hangouts,0,200,0.0
FULL_FLOW,S-Burst,iscx_tor,medium_seed2022,Browsing,Spotify,0,200,0.0
FULL_FLOW,S-Burst,iscx_tor,medium_seed2022,Browsing,Vimeo,4,200,0.02
FULL_FLOW,S-Burst,iscx_tor,medium_seed2022,Browsing,YouTube,7,200,0.035
FULL_FLOW,S-Burst,iscx_tor,medium_seed2022,Email,Browsing,1,54,0.018518518518518517
FULL_FLOW,S-Burst,iscx_tor,medium_seed2022,Email,Email,32,54,0.5925925925925926
FULL_FLOW,S-Burst,iscx_tor,medium_seed2022,Email,FTP,19,54,0.35185185185185186
FULL_FLOW,S-Burst,iscx_tor,medium_seed2022,Email,Facebook,1,54,0.018518518518518517
FULL_FLOW,S-Burst,iscx_tor,medium_seed2022,Email,Hangouts,0,54,0.0
FULL_FLOW,S-Burst,iscx_tor,medium_seed2022,Email,Spotify,0,54,0.0
FULL_FLOW,S-Burst,iscx_tor,medium_seed2022,Email,Vimeo,0,54,0.0
FULL_FLOW,S-Burst,iscx_tor,medium_seed2022,Email,YouTube,1,54,0.018518518518518517
FULL_FLOW,S-Burst,iscx_tor,medium_seed2022,FTP,Browsing,1,200,0.005
FULL_FLOW,S-Burst,iscx_tor,medium_seed2022,FTP,Email,0,200,0.0
FULL_FLOW,S-Burst,iscx_tor,medium_seed2022,FTP,FTP,196,200,0.98
FULL_FLOW,S-Burst,iscx_tor,medium_seed2022,FTP,Facebook,1,200,0.005
FULL_FLOW,S-Burst,iscx_tor,medium_seed2022,FTP,Hangouts,1,200,0.005
FULL_FLOW,S-Burst,iscx_tor,medium_seed2022,FTP,Spotify,1,200,0.005
FULL_FLOW,S-Burst,iscx_tor,medium_seed2022,FTP,Vimeo,0,200,0.0
FULL_FLOW,S-Burst,iscx_tor,medium_seed2022,FTP,YouTube,0,200,0.0
FULL_FLOW,S-Burst,iscx_tor,medium_seed2022,Facebook,Browsing,2,85,0.023529411764705882
FULL_FLOW,S-Burst,iscx_tor,medium_seed2022,Facebook,Email,1,85,0.011764705882352941
FULL_FLOW,S-Burst,iscx_tor,medium_seed2022,Facebook,FTP,35,85,0.4117647058823529
FULL_FLOW,S-Burst,iscx_tor,medium_seed2022,Facebook,Facebook,32,85,0.3764705882352941
FULL_FLOW,S-Burst,iscx_tor,medium_seed2022,Facebook,Hangouts,4,85,0.047058823529411764
FULL_FLOW,S-Burst,iscx_tor,medium_seed2022,Facebook,Spotify,0,85,0.0
FULL_FLOW,S-Burst,iscx_tor,medium_seed2022,Facebook,Vimeo,6,85,0.07058823529411765
FULL_FLOW,S-Burst,iscx_tor,medium_seed2022,Facebook,YouTube,5,85,0.058823529411764705
FULL_FLOW,S-Burst,iscx_tor,medium_seed2022,Hangouts,Browsing,2,69,0.028985507246376812
FULL_FLOW,S-Burst,iscx_tor,medium_seed2022,Hangouts,Email,0,69,0.0
FULL_FLOW,S-Burst,iscx_tor,medium_seed2022,Hangouts,FTP,26,69,0.37681159420289856
FULL_FLOW,S-Burst,iscx_tor,medium_seed2022,Hangouts,Facebook,4,69,0.057971014492753624
FULL_FLOW,S-Burst,iscx_tor,medium_seed2022,Hangouts,Hangouts,19,69,0.2753623188405797
FULL_FLOW,S-Burst,iscx_tor,medium_seed2022,Hangouts,Spotify,1,69,0.014492753623188406
FULL_FLOW,S-Burst,iscx_tor,medium_seed2022,Hangouts,Vimeo,13,69,0.18840579710144928
FULL_FLOW,S-Burst,iscx_tor,medium_seed2022,Hangouts,YouTube,4,69,0.057971014492753624
FULL_FLOW,S-Burst,iscx_tor,medium_seed2022,Spotify,Browsing,0,147,0.0
FULL_FLOW,S-Burst,iscx_tor,medium_seed2022,Spotify,Email,0,147,0.0
FULL_FLOW,S-Burst,iscx_tor,medium_seed2022,Spotify,FTP,72,147,0.4897959183673469
FULL_FLOW,S-Burst,iscx_tor,medium_seed2022,Spotify,Facebook,6,147,0.04081632653061224
FULL_FLOW,S-Burst,iscx_tor,medium_seed2022,Spotify,Hangouts,0,147,0.0
FULL_FLOW,S-Burst,iscx_tor,medium_seed2022,Spotify,Spotify,64,147,0.43537414965986393
FULL_FLOW,S-Burst,iscx_tor,medium_seed2022,Spotify,Vimeo,0,147,0.0
FULL_FLOW,S-Burst,iscx_tor,medium_seed2022,Spotify,YouTube,5,147,0.034013605442176874
FULL_FLOW,S-Burst,iscx_tor,medium_seed2022,Vimeo,Browsing,4,152,0.02631578947368421
FULL_FLOW,S-Burst,iscx_tor,medium_seed2022,Vimeo,Email,0,152,0.0
FULL_FLOW,S-Burst,iscx_tor,medium_seed2022,Vimeo,FTP,56,152,0.3684210526315789
FULL_FLOW,S-Burst,iscx_tor,medium_seed2022,Vimeo,Facebook,0,152,0.0
FULL_FLOW,S-Burst,iscx_tor,medium_seed2022,Vimeo,Hangouts,2,152,0.013157894736842105
FULL_FLOW,S-Burst,iscx_tor,medium_seed2022,Vimeo,Spotify,7,152,0.046052631578947366
FULL_FLOW,S-Burst,iscx_tor,medium_seed2022,Vimeo,Vimeo,63,152,0.4144736842105263
FULL_FLOW,S-Burst,iscx_tor,medium_seed2022,Vimeo,YouTube,20,152,0.13157894736842105
FULL_FLOW,S-Burst,iscx_tor,medium_seed2022,YouTube,Browsing,9,200,0.045
FULL_FLOW,S-Burst,iscx_tor,medium_seed2022,YouTube,Email,1,200,0.005
FULL_FLOW,S-Burst,iscx_tor,medium_seed2022,YouTube,FTP,73,200,0.365
FULL_FLOW,S-Burst,iscx_tor,medium_seed2022,YouTube,Facebook,0,200,0.0
FULL_FLOW,S-Burst,iscx_tor,medium_seed2022,YouTube,Hangouts,5,200,0.025
FULL_FLOW,S-Burst,iscx_tor,medium_seed2022,YouTube,Spotify,1,200,0.005
FULL_FLOW,S-Burst,iscx_tor,medium_seed2022,YouTube,Vimeo,15,200,0.075
FULL_FLOW,S-Burst,iscx_tor,medium_seed2022,YouTube,YouTube,96,200,0.48
FULL_FLOW,S-Burst,vnat,medium_seed2025,netflix,netflix,19,20,0.95
FULL_FLOW,S-Burst,vnat,medium_seed2025,netflix,rdp,0,20,0.0
FULL_FLOW,S-Burst,vnat,medium_seed2025,netflix,rsync,0,20,0.0
FULL_FLOW,S-Burst,vnat,medium_seed2025,netflix,scp,0,20,0.0
FULL_FLOW,S-Burst,vnat,medium_seed2025,netflix,skype,0,20,0.0
FULL_FLOW,S-Burst,vnat,medium_seed2025,netflix,ssh,0,20,0.0
FULL_FLOW,S-Burst,vnat,medium_seed2025,netflix,youtube,1,20,0.05
FULL_FLOW,S-Burst,vnat,medium_seed2025,rdp,netflix,0,4,0.0
FULL_FLOW,S-Burst,vnat,medium_seed2025,rdp,rdp,2,4,0.5
FULL_FLOW,S-Burst,vnat,medium_seed2025,rdp,rsync,1,4,0.25
FULL_FLOW,S-Burst,vnat,medium_seed2025,rdp,scp,0,4,0.0
FULL_FLOW,S-Burst,vnat,medium_seed2025,rdp,skype,0,4,0.0
FULL_FLOW,S-Burst,vnat,medium_seed2025,rdp,ssh,1,4,0.25
FULL_FLOW,S-Burst,vnat,medium_seed2025,rdp,youtube,0,4,0.0
FULL_FLOW,S-Burst,vnat,medium_seed2025,rsync,netflix,0,191,0.0
FULL_FLOW,S-Burst,vnat,medium_seed2025,rsync,rdp,0,191,0.0
FULL_FLOW,S-Burst,vnat,medium_seed2025,rsync,rsync,67,191,0.3507853403141361
FULL_FLOW,S-Burst,vnat,medium_seed2025,rsync,scp,124,191,0.6492146596858639
FULL_FLOW,S-Burst,vnat,medium_seed2025,rsync,skype,0,191,0.0
FULL_FLOW,S-Burst,vnat,medium_seed2025,rsync,ssh,0,191,0.0
FULL_FLOW,S-Burst,vnat,medium_seed2025,rsync,youtube,0,191,0.0
FULL_FLOW,S-Burst,vnat,medium_seed2025,scp,netflix,0,229,0.0
FULL_FLOW,S-Burst,vnat,medium_seed2025,scp,rdp,0,229,0.0
FULL_FLOW,S-Burst,vnat,medium_seed2025,scp,rsync,57,229,0.24890829694323144
FULL_FLOW,S-Burst,vnat,medium_seed2025,scp,scp,171,229,0.7467248908296943
FULL_FLOW,S-Burst,vnat,medium_seed2025,scp,skype,0,229,0.0
FULL_FLOW,S-Burst,vnat,medium_seed2025,scp,ssh,0,229,0.0
FULL_FLOW,S-Burst,vnat,medium_seed2025,scp,youtube,1,229,0.004366812227074236
FULL_FLOW,S-Burst,vnat,medium_seed2025,skype,netflix,0,126,0.0
FULL_FLOW,S-Burst,vnat,medium_seed2025,skype,rdp,0,126,0.0
FULL_FLOW,S-Burst,vnat,medium_seed2025,skype,rsync,0,126,0.0
FULL_FLOW,S-Burst,vnat,medium_seed2025,skype,scp,0,126,0.0
FULL_FLOW,S-Burst,vnat,medium_seed2025,skype,skype,126,126,1.0
FULL_FLOW,S-Burst,vnat,medium_seed2025,skype,ssh,0,126,0.0
FULL_FLOW,S-Burst,vnat,medium_seed2025,skype,youtube,0,126,0.0
FULL_FLOW,S-Burst,vnat,medium_seed2025,ssh,netflix,0,1356,0.0
FULL_FLOW,S-Burst,vnat,medium_seed2025,ssh,rdp,0,1356,0.0
FULL_FLOW,S-Burst,vnat,medium_seed2025,ssh,rsync,0,1356,0.0
FULL_FLOW,S-Burst,vnat,medium_seed2025,ssh,scp,0,1356,0.0
FULL_FLOW,S-Burst,vnat,medium_seed2025,ssh,skype,1,1356,0.0007374631268436578
FULL_FLOW,S-Burst,vnat,medium_seed2025,ssh,ssh,1355,1356,0.9992625368731564
FULL_FLOW,S-Burst,vnat,medium_seed2025,ssh,youtube,0,1356,0.0
FULL_FLOW,S-Burst,vnat,medium_seed2025,youtube,netflix,2,34,0.058823529411764705
FULL_FLOW,S-Burst,vnat,medium_seed2025,youtube,rdp,0,34,0.0
FULL_FLOW,S-Burst,vnat,medium_seed2025,youtube,rsync,0,34,0.0
FULL_FLOW,S-Burst,vnat,medium_seed2025,youtube,scp,0,34,0.0
FULL_FLOW,S-Burst,vnat,medium_seed2025,youtube,skype,0,34,0.0
FULL_FLOW,S-Burst,vnat,medium_seed2025,youtube,ssh,1,34,0.029411764705882353
FULL_FLOW,S-Burst,vnat,medium_seed2025,youtube,youtube,31,34,0.9117647058823529
FULL_FLOW,S-Burst,vnat,medium_seed2026,netflix,netflix,11,20,0.55
FULL_FLOW,S-Burst,vnat,medium_seed2026,netflix,rdp,0,20,0.0
FULL_FLOW,S-Burst,vnat,medium_seed2026,netflix,rsync,0,20,0.0
FULL_FLOW,S-Burst,vnat,medium_seed2026,netflix,skype,0,20,0.0
FULL_FLOW,S-Burst,vnat,medium_seed2026,netflix,ssh,0,20,0.0
FULL_FLOW,S-Burst,vnat,medium_seed2026,netflix,vimeo,9,20,0.45
FULL_FLOW,S-Burst,vnat,medium_seed2026,netflix,zoiper,0,20,0.0
FULL_FLOW,S-Burst,vnat,medium_seed2026,rdp,netflix,0,4,0.0
FULL_FLOW,S-Burst,vnat,medium_seed2026,rdp,rdp,1,4,0.25
FULL_FLOW,S-Burst,vnat,medium_seed2026,rdp,rsync,0,4,0.0
FULL_FLOW,S-Burst,vnat,medium_seed2026,rdp,skype,0,4,0.0
FULL_FLOW,S-Burst,vnat,medium_seed2026,rdp,ssh,3,4,0.75
FULL_FLOW,S-Burst,vnat,medium_seed2026,rdp,vimeo,0,4,0.0
FULL_FLOW,S-Burst,vnat,medium_seed2026,rdp,zoiper,0,4,0.0
FULL_FLOW,S-Burst,vnat,medium_seed2026,rsync,netflix,0,191,0.0
FULL_FLOW,S-Burst,vnat,medium_seed2026,rsync,rdp,0,191,0.0
FULL_FLOW,S-Burst,vnat,medium_seed2026,rsync,rsync,191,191,1.0
FULL_FLOW,S-Burst,vnat,medium_seed2026,rsync,skype,0,191,0.0
FULL_FLOW,S-Burst,vnat,medium_seed2026,rsync,ssh,0,191,0.0
FULL_FLOW,S-Burst,vnat,medium_seed2026,rsync,vimeo,0,191,0.0
FULL_FLOW,S-Burst,vnat,medium_seed2026,rsync,zoiper,0,191,0.0
FULL_FLOW,S-Burst,vnat,medium_seed2026,skype,netflix,0,126,0.0
FULL_FLOW,S-Burst,vnat,medium_seed2026,skype,rdp,0,126,0.0
FULL_FLOW,S-Burst,vnat,medium_seed2026,skype,rsync,0,126,0.0
FULL_FLOW,S-Burst,vnat,medium_seed2026,skype,skype,126,126,1.0
FULL_FLOW,S-Burst,vnat,medium_seed2026,skype,ssh,0,126,0.0
FULL_FLOW,S-Burst,vnat,medium_seed2026,skype,vimeo,0,126,0.0
FULL_FLOW,S-Burst,vnat,medium_seed2026,skype,zoiper,0,126,0.0
FULL_FLOW,S-Burst,vnat,medium_seed2026,ssh,netflix,0,1356,0.0
FULL_FLOW,S-Burst,vnat,medium_seed2026,ssh,rdp,1,1356,0.0007374631268436578
FULL_FLOW,S-Burst,vnat,medium_seed2026,ssh,rsync,0,1356,0.0
FULL_FLOW,S-Burst,vnat,medium_seed2026,ssh,skype,0,1356,0.0
FULL_FLOW,S-Burst,vnat,medium_seed2026,ssh,ssh,1355,1356,0.9992625368731564
FULL_FLOW,S-Burst,vnat,medium_seed2026,ssh,vimeo,0,1356,0.0
FULL_FLOW,S-Burst,vnat,medium_seed2026,ssh,zoiper,0,1356,0.0
FULL_FLOW,S-Burst,vnat,medium_seed2026,vimeo,netflix,4,121,0.03305785123966942
FULL_FLOW,S-Burst,vnat,medium_seed2026,vimeo,rdp,0,121,0.0
FULL_FLOW,S-Burst,vnat,medium_seed2026,vimeo,rsync,0,121,0.0
FULL_FLOW,S-Burst,vnat,medium_seed2026,vimeo,skype,0,121,0.0
FULL_FLOW,S-Burst,vnat,medium_seed2026,vimeo,ssh,0,121,0.0
FULL_FLOW,S-Burst,vnat,medium_seed2026,vimeo,vimeo,117,121,0.9669421487603306
FULL_FLOW,S-Burst,vnat,medium_seed2026,vimeo,zoiper,0,121,0.0
FULL_FLOW,S-Burst,vnat,medium_seed2026,zoiper,netflix,0,93,0.0
FULL_FLOW,S-Burst,vnat,medium_seed2026,zoiper,rdp,0,93,0.0
FULL_FLOW,S-Burst,vnat,medium_seed2026,zoiper,rsync,1,93,0.010752688172043012
FULL_FLOW,S-Burst,vnat,medium_seed2026,zoiper,skype,0,93,0.0
FULL_FLOW,S-Burst,vnat,medium_seed2026,zoiper,ssh,0,93,0.0
FULL_FLOW,S-Burst,vnat,medium_seed2026,zoiper,vimeo,0,93,0.0
FULL_FLOW,S-Burst,vnat,medium_seed2026,zoiper,zoiper,92,93,0.989247311827957
FULL_FLOW,S-Burst,ustc,A-2,Gmail,Gmail,694,863,0.8041714947856315
FULL_FLOW,S-Burst,ustc,A-2,Gmail,FTP,15,863,0.01738122827346466
FULL_FLOW,S-Burst,ustc,A-2,Gmail,Nsis-ay,0,863,0.0
FULL_FLOW,S-Burst,ustc,A-2,Gmail,Facetime,0,863,0.0
FULL_FLOW,S-Burst,ustc,A-2,Gmail,Weibo,0,863,0.0
FULL_FLOW,S-Burst,ustc,A-2,Gmail,Cridex,0,863,0.0
FULL_FLOW,S-Burst,ustc,A-2,Gmail,Zeus,0,863,0.0
FULL_FLOW,S-Burst,ustc,A-2,Gmail,SMB,4,863,0.004634994206257242
FULL_FLOW,S-Burst,ustc,A-2,Gmail,BitTorrent,4,863,0.004634994206257242
FULL_FLOW,S-Burst,ustc,A-2,Gmail,WorldOfWarcraft,1,863,0.0011587485515643105
FULL_FLOW,S-Burst,ustc,A-2,Gmail,Shifu,0,863,0.0
FULL_FLOW,S-Burst,ustc,A-2,Gmail,Outlook,59,863,0.06836616454229433
FULL_FLOW,S-Burst,ustc,A-2,Gmail,Virut,0,863,0.0
FULL_FLOW,S-Burst,ustc,A-2,Gmail,MySQL,80,863,0.09269988412514485
FULL_FLOW,S-Burst,ustc,A-2,Gmail,Skype,6,863,0.006952491309385863
FULL_FLOW,S-Burst,ustc,A-2,Gmail,Miuref,0,863,0.0
FULL_FLOW,S-Burst,ustc,A-2,Gmail,Neris,0,863,0.0
FULL_FLOW,S-Burst,ustc,A-2,FTP,Gmail,5,10103,0.0004949025042066713
FULL_FLOW,S-Burst,ustc,A-2,FTP,FTP,10013,10103,0.9910917549242799
FULL_FLOW,S-Burst,ustc,A-2,FTP,Nsis-ay,0,10103,0.0
FULL_FLOW,S-Burst,ustc,A-2,FTP,Facetime,0,10103,0.0
FULL_FLOW,S-Burst,ustc,A-2,FTP,Weibo,0,10103,0.0
FULL_FLOW,S-Burst,ustc,A-2,FTP,Cridex,0,10103,0.0
FULL_FLOW,S-Burst,ustc,A-2,FTP,Zeus,0,10103,0.0
FULL_FLOW,S-Burst,ustc,A-2,FTP,SMB,0,10103,0.0
FULL_FLOW,S-Burst,ustc,A-2,FTP,BitTorrent,0,10103,0.0
FULL_FLOW,S-Burst,ustc,A-2,FTP,WorldOfWarcraft,0,10103,0.0
FULL_FLOW,S-Burst,ustc,A-2,FTP,Shifu,0,10103,0.0
FULL_FLOW,S-Burst,ustc,A-2,FTP,Outlook,0,10103,0.0
FULL_FLOW,S-Burst,ustc,A-2,FTP,Virut,0,10103,0.0
FULL_FLOW,S-Burst,ustc,A-2,FTP,MySQL,84,10103,0.008314362070672078
FULL_FLOW,S-Burst,ustc,A-2,FTP,Skype,1,10103,9.898050084133426e-05
FULL_FLOW,S-Burst,ustc,A-2,FTP,Miuref,0,10103,0.0
FULL_FLOW,S-Burst,ustc,A-2,FTP,Neris,0,10103,0.0
FULL_FLOW,S-Burst,ustc,A-2,Nsis-ay,Gmail,0,607,0.0
FULL_FLOW,S-Burst,ustc,A-2,Nsis-ay,FTP,0,607,0.0
FULL_FLOW,S-Burst,ustc,A-2,Nsis-ay,Nsis-ay,605,607,0.9967051070840197
FULL_FLOW,S-Burst,ustc,A-2,Nsis-ay,Facetime,0,607,0.0
FULL_FLOW,S-Burst,ustc,A-2,Nsis-ay,Weibo,0,607,0.0
FULL_FLOW,S-Burst,ustc,A-2,Nsis-ay,Cridex,0,607,0.0
FULL_FLOW,S-Burst,ustc,A-2,Nsis-ay,Zeus,0,607,0.0
FULL_FLOW,S-Burst,ustc,A-2,Nsis-ay,SMB,0,607,0.0
FULL_FLOW,S-Burst,ustc,A-2,Nsis-ay,BitTorrent,0,607,0.0
FULL_FLOW,S-Burst,ustc,A-2,Nsis-ay,WorldOfWarcraft,0,607,0.0
FULL_FLOW,S-Burst,ustc,A-2,Nsis-ay,Shifu,0,607,0.0
FULL_FLOW,S-Burst,ustc,A-2,Nsis-ay,Outlook,0,607,0.0
FULL_FLOW,S-Burst,ustc,A-2,Nsis-ay,Virut,0,607,0.0
FULL_FLOW,S-Burst,ustc,A-2,Nsis-ay,MySQL,0,607,0.0
FULL_FLOW,S-Burst,ustc,A-2,Nsis-ay,Skype,0,607,0.0
FULL_FLOW,S-Burst,ustc,A-2,Nsis-ay,Miuref,0,607,0.0
FULL_FLOW,S-Burst,ustc,A-2,Nsis-ay,Neris,2,607,0.0032948929159802307
FULL_FLOW,S-Burst,ustc,A-2,Facetime,Gmail,0,600,0.0
FULL_FLOW,S-Burst,ustc,A-2,Facetime,FTP,0,600,0.0
FULL_FLOW,S-Burst,ustc,A-2,Facetime,Nsis-ay,0,600,0.0
FULL_FLOW,S-Burst,ustc,A-2,Facetime,Facetime,600,600,1.0
FULL_FLOW,S-Burst,ustc,A-2,Facetime,Weibo,0,600,0.0
FULL_FLOW,S-Burst,ustc,A-2,Facetime,Cridex,0,600,0.0
FULL_FLOW,S-Burst,ustc,A-2,Facetime,Zeus,0,600,0.0
FULL_FLOW,S-Burst,ustc,A-2,Facetime,SMB,0,600,0.0
FULL_FLOW,S-Burst,ustc,A-2,Facetime,BitTorrent,0,600,0.0
FULL_FLOW,S-Burst,ustc,A-2,Facetime,WorldOfWarcraft,0,600,0.0
FULL_FLOW,S-Burst,ustc,A-2,Facetime,Shifu,0,600,0.0
FULL_FLOW,S-Burst,ustc,A-2,Facetime,Outlook,0,600,0.0
FULL_FLOW,S-Burst,ustc,A-2,Facetime,Virut,0,600,0.0
FULL_FLOW,S-Burst,ustc,A-2,Facetime,MySQL,0,600,0.0
FULL_FLOW,S-Burst,ustc,A-2,Facetime,Skype,0,600,0.0
FULL_FLOW,S-Burst,ustc,A-2,Facetime,Miuref,0,600,0.0
FULL_FLOW,S-Burst,ustc,A-2,Facetime,Neris,0,600,0.0
FULL_FLOW,S-Burst,ustc,A-2,Weibo,Gmail,0,3995,0.0
FULL_FLOW,S-Burst,ustc,A-2,Weibo,FTP,0,3995,0.0
FULL_FLOW,S-Burst,ustc,A-2,Weibo,Nsis-ay,0,3995,0.0
FULL_FLOW,S-Burst,ustc,A-2,Weibo,Facetime,0,3995,0.0
FULL_FLOW,S-Burst,ustc,A-2,Weibo,Weibo,3454,3995,0.8645807259073842
FULL_FLOW,S-Burst,ustc,A-2,Weibo,Cridex,0,3995,0.0
FULL_FLOW,S-Burst,ustc,A-2,Weibo,Zeus,0,3995,0.0
FULL_FLOW,S-Burst,ustc,A-2,Weibo,SMB,533,3995,0.13341677096370463
FULL_FLOW,S-Burst,ustc,A-2,Weibo,BitTorrent,0,3995,0.0
FULL_FLOW,S-Burst,ustc,A-2,Weibo,WorldOfWarcraft,0,3995,0.0
FULL_FLOW,S-Burst,ustc,A-2,Weibo,Shifu,0,3995,0.0
FULL_FLOW,S-Burst,ustc,A-2,Weibo,Outlook,0,3995,0.0
FULL_FLOW,S-Burst,ustc,A-2,Weibo,Virut,0,3995,0.0
FULL_FLOW,S-Burst,ustc,A-2,Weibo,MySQL,0,3995,0.0
FULL_FLOW,S-Burst,ustc,A-2,Weibo,Skype,8,3995,0.002002503128911139
FULL_FLOW,S-Burst,ustc,A-2,Weibo,Miuref,0,3995,0.0
FULL_FLOW,S-Burst,ustc,A-2,Weibo,Neris,0,3995,0.0
FULL_FLOW,S-Burst,ustc,A-2,Cridex,Gmail,0,1638,0.0
FULL_FLOW,S-Burst,ustc,A-2,Cridex,FTP,0,1638,0.0
FULL_FLOW,S-Burst,ustc,A-2,Cridex,Nsis-ay,0,1638,0.0
FULL_FLOW,S-Burst,ustc,A-2,Cridex,Facetime,0,1638,0.0
FULL_FLOW,S-Burst,ustc,A-2,Cridex,Weibo,0,1638,0.0
FULL_FLOW,S-Burst,ustc,A-2,Cridex,Cridex,1638,1638,1.0
FULL_FLOW,S-Burst,ustc,A-2,Cridex,Zeus,0,1638,0.0
FULL_FLOW,S-Burst,ustc,A-2,Cridex,SMB,0,1638,0.0
FULL_FLOW,S-Burst,ustc,A-2,Cridex,BitTorrent,0,1638,0.0
FULL_FLOW,S-Burst,ustc,A-2,Cridex,WorldOfWarcraft,0,1638,0.0
FULL_FLOW,S-Burst,ustc,A-2,Cridex,Shifu,0,1638,0.0
FULL_FLOW,S-Burst,ustc,A-2,Cridex,Outlook,0,1638,0.0
FULL_FLOW,S-Burst,ustc,A-2,Cridex,Virut,0,1638,0.0
FULL_FLOW,S-Burst,ustc,A-2,Cridex,MySQL,0,1638,0.0
FULL_FLOW,S-Burst,ustc,A-2,Cridex,Skype,0,1638,0.0
FULL_FLOW,S-Burst,ustc,A-2,Cridex,Miuref,0,1638,0.0
FULL_FLOW,S-Burst,ustc,A-2,Cridex,Neris,0,1638,0.0
FULL_FLOW,S-Burst,ustc,A-2,Zeus,Gmail,0,1097,0.0
FULL_FLOW,S-Burst,ustc,A-2,Zeus,FTP,0,1097,0.0
FULL_FLOW,S-Burst,ustc,A-2,Zeus,Nsis-ay,0,1097,0.0
FULL_FLOW,S-Burst,ustc,A-2,Zeus,Facetime,0,1097,0.0
FULL_FLOW,S-Burst,ustc,A-2,Zeus,Weibo,0,1097,0.0
FULL_FLOW,S-Burst,ustc,A-2,Zeus,Cridex,0,1097,0.0
FULL_FLOW,S-Burst,ustc,A-2,Zeus,Zeus,1097,1097,1.0
FULL_FLOW,S-Burst,ustc,A-2,Zeus,SMB,0,1097,0.0
FULL_FLOW,S-Burst,ustc,A-2,Zeus,BitTorrent,0,1097,0.0
FULL_FLOW,S-Burst,ustc,A-2,Zeus,WorldOfWarcraft,0,1097,0.0
FULL_FLOW,S-Burst,ustc,A-2,Zeus,Shifu,0,1097,0.0
FULL_FLOW,S-Burst,ustc,A-2,Zeus,Outlook,0,1097,0.0
FULL_FLOW,S-Burst,ustc,A-2,Zeus,Virut,0,1097,0.0
FULL_FLOW,S-Burst,ustc,A-2,Zeus,MySQL,0,1097,0.0
FULL_FLOW,S-Burst,ustc,A-2,Zeus,Skype,0,1097,0.0
FULL_FLOW,S-Burst,ustc,A-2,Zeus,Miuref,0,1097,0.0
FULL_FLOW,S-Burst,ustc,A-2,Zeus,Neris,0,1097,0.0
FULL_FLOW,S-Burst,ustc,A-2,SMB,Gmail,4,3893,0.0010274852298998202
FULL_FLOW,S-Burst,ustc,A-2,SMB,FTP,0,3893,0.0
FULL_FLOW,S-Burst,ustc,A-2,SMB,Nsis-ay,0,3893,0.0
FULL_FLOW,S-Burst,ustc,A-2,SMB,Facetime,0,3893,0.0
FULL_FLOW,S-Burst,ustc,A-2,SMB,Weibo,680,3893,0.17467248908296942
FULL_FLOW,S-Burst,ustc,A-2,SMB,Cridex,0,3893,0.0
FULL_FLOW,S-Burst,ustc,A-2,SMB,Zeus,0,3893,0.0
FULL_FLOW,S-Burst,ustc,A-2,SMB,SMB,3198,3893,0.8214744413049062
FULL_FLOW,S-Burst,ustc,A-2,SMB,BitTorrent,0,3893,0.0
FULL_FLOW,S-Burst,ustc,A-2,SMB,WorldOfWarcraft,0,3893,0.0
FULL_FLOW,S-Burst,ustc,A-2,SMB,Shifu,0,3893,0.0
FULL_FLOW,S-Burst,ustc,A-2,SMB,Outlook,0,3893,0.0
FULL_FLOW,S-Burst,ustc,A-2,SMB,Virut,0,3893,0.0
FULL_FLOW,S-Burst,ustc,A-2,SMB,MySQL,8,3893,0.0020549704597996403
FULL_FLOW,S-Burst,ustc,A-2,SMB,Skype,3,3893,0.0007706139224248652
FULL_FLOW,S-Burst,ustc,A-2,SMB,Miuref,0,3893,0.0
FULL_FLOW,S-Burst,ustc,A-2,SMB,Neris,0,3893,0.0
FULL_FLOW,S-Burst,ustc,A-2,BitTorrent,Gmail,0,752,0.0
FULL_FLOW,S-Burst,ustc,A-2,BitTorrent,FTP,0,752,0.0
FULL_FLOW,S-Burst,ustc,A-2,BitTorrent,Nsis-ay,0,752,0.0
FULL_FLOW,S-Burst,ustc,A-2,BitTorrent,Facetime,0,752,0.0
FULL_FLOW,S-Burst,ustc,A-2,BitTorrent,Weibo,0,752,0.0
FULL_FLOW,S-Burst,ustc,A-2,BitTorrent,Cridex,0,752,0.0
FULL_FLOW,S-Burst,ustc,A-2,BitTorrent,Zeus,0,752,0.0
FULL_FLOW,S-Burst,ustc,A-2,BitTorrent,SMB,0,752,0.0
FULL_FLOW,S-Burst,ustc,A-2,BitTorrent,BitTorrent,655,752,0.8710106382978723
FULL_FLOW,S-Burst,ustc,A-2,BitTorrent,WorldOfWarcraft,0,752,0.0
FULL_FLOW,S-Burst,ustc,A-2,BitTorrent,Shifu,0,752,0.0
FULL_FLOW,S-Burst,ustc,A-2,BitTorrent,Outlook,94,752,0.125
FULL_FLOW,S-Burst,ustc,A-2,BitTorrent,Virut,0,752,0.0
FULL_FLOW,S-Burst,ustc,A-2,BitTorrent,MySQL,0,752,0.0
FULL_FLOW,S-Burst,ustc,A-2,BitTorrent,Skype,3,752,0.003989361702127659
FULL_FLOW,S-Burst,ustc,A-2,BitTorrent,Miuref,0,752,0.0
FULL_FLOW,S-Burst,ustc,A-2,BitTorrent,Neris,0,752,0.0
FULL_FLOW,S-Burst,ustc,A-2,WorldOfWarcraft,Gmail,1,789,0.0012674271229404308
FULL_FLOW,S-Burst,ustc,A-2,WorldOfWarcraft,FTP,0,789,0.0
FULL_FLOW,S-Burst,ustc,A-2,WorldOfWarcraft,Nsis-ay,0,789,0.0
FULL_FLOW,S-Burst,ustc,A-2,WorldOfWarcraft,Facetime,0,789,0.0
FULL_FLOW,S-Burst,ustc,A-2,WorldOfWarcraft,Weibo,0,789,0.0
FULL_FLOW,S-Burst,ustc,A-2,WorldOfWarcraft,Cridex,0,789,0.0
FULL_FLOW,S-Burst,ustc,A-2,WorldOfWarcraft,Zeus,0,789,0.0
FULL_FLOW,S-Burst,ustc,A-2,WorldOfWarcraft,SMB,0,789,0.0
FULL_FLOW,S-Burst,ustc,A-2,WorldOfWarcraft,BitTorrent,0,789,0.0
FULL_FLOW,S-Burst,ustc,A-2,WorldOfWarcraft,WorldOfWarcraft,786,789,0.9961977186311787
FULL_FLOW,S-Burst,ustc,A-2,WorldOfWarcraft,Shifu,0,789,0.0
FULL_FLOW,S-Burst,ustc,A-2,WorldOfWarcraft,Outlook,0,789,0.0
FULL_FLOW,S-Burst,ustc,A-2,WorldOfWarcraft,Virut,0,789,0.0
FULL_FLOW,S-Burst,ustc,A-2,WorldOfWarcraft,MySQL,2,789,0.0025348542458808617
FULL_FLOW,S-Burst,ustc,A-2,WorldOfWarcraft,Skype,0,789,0.0
FULL_FLOW,S-Burst,ustc,A-2,WorldOfWarcraft,Miuref,0,789,0.0
FULL_FLOW,S-Burst,ustc,A-2,WorldOfWarcraft,Neris,0,789,0.0
FULL_FLOW,S-Burst,ustc,A-2,Shifu,Gmail,0,963,0.0
FULL_FLOW,S-Burst,ustc,A-2,Shifu,FTP,0,963,0.0
FULL_FLOW,S-Burst,ustc,A-2,Shifu,Nsis-ay,0,963,0.0
FULL_FLOW,S-Burst,ustc,A-2,Shifu,Facetime,0,963,0.0
FULL_FLOW,S-Burst,ustc,A-2,Shifu,Weibo,0,963,0.0
FULL_FLOW,S-Burst,ustc,A-2,Shifu,Cridex,0,963,0.0
FULL_FLOW,S-Burst,ustc,A-2,Shifu,Zeus,0,963,0.0
FULL_FLOW,S-Burst,ustc,A-2,Shifu,SMB,0,963,0.0
FULL_FLOW,S-Burst,ustc,A-2,Shifu,BitTorrent,0,963,0.0
FULL_FLOW,S-Burst,ustc,A-2,Shifu,WorldOfWarcraft,0,963,0.0
FULL_FLOW,S-Burst,ustc,A-2,Shifu,Shifu,960,963,0.9968847352024922
FULL_FLOW,S-Burst,ustc,A-2,Shifu,Outlook,0,963,0.0
FULL_FLOW,S-Burst,ustc,A-2,Shifu,Virut,0,963,0.0
FULL_FLOW,S-Burst,ustc,A-2,Shifu,MySQL,0,963,0.0
FULL_FLOW,S-Burst,ustc,A-2,Shifu,Skype,0,963,0.0
FULL_FLOW,S-Burst,ustc,A-2,Shifu,Miuref,3,963,0.003115264797507788
FULL_FLOW,S-Burst,ustc,A-2,Shifu,Neris,0,963,0.0
FULL_FLOW,S-Burst,ustc,A-2,Outlook,Gmail,4,753,0.005312084993359893
FULL_FLOW,S-Burst,ustc,A-2,Outlook,FTP,0,753,0.0
FULL_FLOW,S-Burst,ustc,A-2,Outlook,Nsis-ay,0,753,0.0
FULL_FLOW,S-Burst,ustc,A-2,Outlook,Facetime,0,753,0.0
FULL_FLOW,S-Burst,ustc,A-2,Outlook,Weibo,0,753,0.0
FULL_FLOW,S-Burst,ustc,A-2,Outlook,Cridex,0,753,0.0
FULL_FLOW,S-Burst,ustc,A-2,Outlook,Zeus,0,753,0.0
FULL_FLOW,S-Burst,ustc,A-2,Outlook,SMB,1,753,0.0013280212483399733
FULL_FLOW,S-Burst,ustc,A-2,Outlook,BitTorrent,24,753,0.03187250996015936
FULL_FLOW,S-Burst,ustc,A-2,Outlook,WorldOfWarcraft,0,753,0.0
FULL_FLOW,S-Burst,ustc,A-2,Outlook,Shifu,0,753,0.0
FULL_FLOW,S-Burst,ustc,A-2,Outlook,Outlook,720,753,0.9561752988047809
FULL_FLOW,S-Burst,ustc,A-2,Outlook,Virut,0,753,0.0
FULL_FLOW,S-Burst,ustc,A-2,Outlook,MySQL,0,753,0.0
FULL_FLOW,S-Burst,ustc,A-2,Outlook,Skype,4,753,0.005312084993359893
FULL_FLOW,S-Burst,ustc,A-2,Outlook,Miuref,0,753,0.0
FULL_FLOW,S-Burst,ustc,A-2,Outlook,Neris,0,753,0.0
FULL_FLOW,S-Burst,ustc,A-2,Virut,Gmail,0,3310,0.0
FULL_FLOW,S-Burst,ustc,A-2,Virut,FTP,0,3310,0.0
FULL_FLOW,S-Burst,ustc,A-2,Virut,Nsis-ay,1,3310,0.00030211480362537764
FULL_FLOW,S-Burst,ustc,A-2,Virut,Facetime,0,3310,0.0
FULL_FLOW,S-Burst,ustc,A-2,Virut,Weibo,0,3310,0.0
FULL_FLOW,S-Burst,ustc,A-2,Virut,Cridex,0,3310,0.0
FULL_FLOW,S-Burst,ustc,A-2,Virut,Zeus,0,3310,0.0
FULL_FLOW,S-Burst,ustc,A-2,Virut,SMB,0,3310,0.0
FULL_FLOW,S-Burst,ustc,A-2,Virut,BitTorrent,0,3310,0.0
FULL_FLOW,S-Burst,ustc,A-2,Virut,WorldOfWarcraft,0,3310,0.0
FULL_FLOW,S-Burst,ustc,A-2,Virut,Shifu,0,3310,0.0
FULL_FLOW,S-Burst,ustc,A-2,Virut,Outlook,0,3310,0.0
FULL_FLOW,S-Burst,ustc,A-2,Virut,Virut,3079,3310,0.9302114803625378
FULL_FLOW,S-Burst,ustc,A-2,Virut,MySQL,0,3310,0.0
FULL_FLOW,S-Burst,ustc,A-2,Virut,Skype,0,3310,0.0
FULL_FLOW,S-Burst,ustc,A-2,Virut,Miuref,0,3310,0.0
FULL_FLOW,S-Burst,ustc,A-2,Virut,Neris,230,3310,0.06948640483383686
FULL_FLOW,S-Burst,ustc,A-2,MySQL,Gmail,18,8609,0.0020908351724939016
FULL_FLOW,S-Burst,ustc,A-2,MySQL,FTP,53,8609,0.006156348007898711
FULL_FLOW,S-Burst,ustc,A-2,MySQL,Nsis-ay,1,8609,0.00011615750958299454
FULL_FLOW,S-Burst,ustc,A-2,MySQL,Facetime,0,8609,0.0
FULL_FLOW,S-Burst,ustc,A-2,MySQL,Weibo,0,8609,0.0
FULL_FLOW,S-Burst,ustc,A-2,MySQL,Cridex,0,8609,0.0
FULL_FLOW,S-Burst,ustc,A-2,MySQL,Zeus,0,8609,0.0
FULL_FLOW,S-Burst,ustc,A-2,MySQL,SMB,2,8609,0.00023231501916598908
FULL_FLOW,S-Burst,ustc,A-2,MySQL,BitTorrent,0,8609,0.0
FULL_FLOW,S-Burst,ustc,A-2,MySQL,WorldOfWarcraft,0,8609,0.0
FULL_FLOW,S-Burst,ustc,A-2,MySQL,Shifu,0,8609,0.0
FULL_FLOW,S-Burst,ustc,A-2,MySQL,Outlook,0,8609,0.0
FULL_FLOW,S-Burst,ustc,A-2,MySQL,Virut,0,8609,0.0
FULL_FLOW,S-Burst,ustc,A-2,MySQL,MySQL,8529,8609,0.9907073992333605
FULL_FLOW,S-Burst,ustc,A-2,MySQL,Skype,6,8609,0.0006969450574979672
FULL_FLOW,S-Burst,ustc,A-2,MySQL,Miuref,0,8609,0.0
FULL_FLOW,S-Burst,ustc,A-2,MySQL,Neris,0,8609,0.0
FULL_FLOW,S-Burst,ustc,A-2,Skype,Gmail,0,632,0.0
FULL_FLOW,S-Burst,ustc,A-2,Skype,FTP,0,632,0.0
FULL_FLOW,S-Burst,ustc,A-2,Skype,Nsis-ay,0,632,0.0
FULL_FLOW,S-Burst,ustc,A-2,Skype,Facetime,0,632,0.0
FULL_FLOW,S-Burst,ustc,A-2,Skype,Weibo,0,632,0.0
FULL_FLOW,S-Burst,ustc,A-2,Skype,Cridex,0,632,0.0
FULL_FLOW,S-Burst,ustc,A-2,Skype,Zeus,0,632,0.0
FULL_FLOW,S-Burst,ustc,A-2,Skype,SMB,0,632,0.0
FULL_FLOW,S-Burst,ustc,A-2,Skype,BitTorrent,0,632,0.0
FULL_FLOW,S-Burst,ustc,A-2,Skype,WorldOfWarcraft,0,632,0.0
FULL_FLOW,S-Burst,ustc,A-2,Skype,Shifu,0,632,0.0
FULL_FLOW,S-Burst,ustc,A-2,Skype,Outlook,0,632,0.0
FULL_FLOW,S-Burst,ustc,A-2,Skype,Virut,0,632,0.0
FULL_FLOW,S-Burst,ustc,A-2,Skype,MySQL,0,632,0.0
FULL_FLOW,S-Burst,ustc,A-2,Skype,Skype,632,632,1.0
FULL_FLOW,S-Burst,ustc,A-2,Skype,Miuref,0,632,0.0
FULL_FLOW,S-Burst,ustc,A-2,Skype,Neris,0,632,0.0
FULL_FLOW,S-Burst,ustc,A-2,Miuref,Gmail,0,1348,0.0
FULL_FLOW,S-Burst,ustc,A-2,Miuref,FTP,0,1348,0.0
FULL_FLOW,S-Burst,ustc,A-2,Miuref,Nsis-ay,0,1348,0.0
FULL_FLOW,S-Burst,ustc,A-2,Miuref,Facetime,0,1348,0.0
FULL_FLOW,S-Burst,ustc,A-2,Miuref,Weibo,0,1348,0.0
FULL_FLOW,S-Burst,ustc,A-2,Miuref,Cridex,0,1348,0.0
FULL_FLOW,S-Burst,ustc,A-2,Miuref,Zeus,0,1348,0.0
FULL_FLOW,S-Burst,ustc,A-2,Miuref,SMB,0,1348,0.0
FULL_FLOW,S-Burst,ustc,A-2,Miuref,BitTorrent,0,1348,0.0
FULL_FLOW,S-Burst,ustc,A-2,Miuref,WorldOfWarcraft,0,1348,0.0
FULL_FLOW,S-Burst,ustc,A-2,Miuref,Shifu,0,1348,0.0
FULL_FLOW,S-Burst,ustc,A-2,Miuref,Outlook,0,1348,0.0
FULL_FLOW,S-Burst,ustc,A-2,Miuref,Virut,0,1348,0.0
FULL_FLOW,S-Burst,ustc,A-2,Miuref,MySQL,0,1348,0.0
FULL_FLOW,S-Burst,ustc,A-2,Miuref,Skype,0,1348,0.0
FULL_FLOW,S-Burst,ustc,A-2,Miuref,Miuref,1348,1348,1.0
FULL_FLOW,S-Burst,ustc,A-2,Miuref,Neris,0,1348,0.0
FULL_FLOW,S-Burst,ustc,A-2,Neris,Gmail,0,3379,0.0
FULL_FLOW,S-Burst,ustc,A-2,Neris,FTP,0,3379,0.0
FULL_FLOW,S-Burst,ustc,A-2,Neris,Nsis-ay,2,3379,0.0005918910920390648
FULL_FLOW,S-Burst,ustc,A-2,Neris,Facetime,0,3379,0.0
FULL_FLOW,S-Burst,ustc,A-2,Neris,Weibo,0,3379,0.0
FULL_FLOW,S-Burst,ustc,A-2,Neris,Cridex,0,3379,0.0
FULL_FLOW,S-Burst,ustc,A-2,Neris,Zeus,0,3379,0.0
FULL_FLOW,S-Burst,ustc,A-2,Neris,SMB,0,3379,0.0
FULL_FLOW,S-Burst,ustc,A-2,Neris,BitTorrent,0,3379,0.0
FULL_FLOW,S-Burst,ustc,A-2,Neris,WorldOfWarcraft,0,3379,0.0
FULL_FLOW,S-Burst,ustc,A-2,Neris,Shifu,0,3379,0.0
FULL_FLOW,S-Burst,ustc,A-2,Neris,Outlook,0,3379,0.0
FULL_FLOW,S-Burst,ustc,A-2,Neris,Virut,213,3379,0.0630364013021604
FULL_FLOW,S-Burst,ustc,A-2,Neris,MySQL,0,3379,0.0
FULL_FLOW,S-Burst,ustc,A-2,Neris,Skype,0,3379,0.0
FULL_FLOW,S-Burst,ustc,A-2,Neris,Miuref,0,3379,0.0
FULL_FLOW,S-Burst,ustc,A-2,Neris,Neris,3164,3379,0.9363717076058006
EARLY_16,S12,iscx_vpn,medium_seed2022,AIM,AIM,7,53,0.1320754716981132
EARLY_16,S12,iscx_vpn,medium_seed2022,AIM,BitTorrent,1,53,0.018867924528301886
EARLY_16,S12,iscx_vpn,medium_seed2022,AIM,Email,2,53,0.03773584905660377
EARLY_16,S12,iscx_vpn,medium_seed2022,AIM,FTPS,2,53,0.03773584905660377
EARLY_16,S12,iscx_vpn,medium_seed2022,AIM,Facebook,23,53,0.4339622641509434
EARLY_16,S12,iscx_vpn,medium_seed2022,AIM,Gmail,4,53,0.07547169811320754
EARLY_16,S12,iscx_vpn,medium_seed2022,AIM,ICQ,7,53,0.1320754716981132
EARLY_16,S12,iscx_vpn,medium_seed2022,AIM,Netflix,0,53,0.0
EARLY_16,S12,iscx_vpn,medium_seed2022,AIM,SCP,1,53,0.018867924528301886
EARLY_16,S12,iscx_vpn,medium_seed2022,AIM,SFTP,0,53,0.0
EARLY_16,S12,iscx_vpn,medium_seed2022,AIM,Spotify,0,53,0.0
EARLY_16,S12,iscx_vpn,medium_seed2022,AIM,Vimeo,1,53,0.018867924528301886
EARLY_16,S12,iscx_vpn,medium_seed2022,AIM,VoIPBuster,5,53,0.09433962264150944
EARLY_16,S12,iscx_vpn,medium_seed2022,BitTorrent,AIM,0,100,0.0
EARLY_16,S12,iscx_vpn,medium_seed2022,BitTorrent,BitTorrent,96,100,0.96
EARLY_16,S12,iscx_vpn,medium_seed2022,BitTorrent,Email,1,100,0.01
EARLY_16,S12,iscx_vpn,medium_seed2022,BitTorrent,FTPS,2,100,0.02
EARLY_16,S12,iscx_vpn,medium_seed2022,BitTorrent,Facebook,0,100,0.0
EARLY_16,S12,iscx_vpn,medium_seed2022,BitTorrent,Gmail,0,100,0.0
EARLY_16,S12,iscx_vpn,medium_seed2022,BitTorrent,ICQ,0,100,0.0
EARLY_16,S12,iscx_vpn,medium_seed2022,BitTorrent,Netflix,1,100,0.01
EARLY_16,S12,iscx_vpn,medium_seed2022,BitTorrent,SCP,0,100,0.0
EARLY_16,S12,iscx_vpn,medium_seed2022,BitTorrent,SFTP,0,100,0.0
EARLY_16,S12,iscx_vpn,medium_seed2022,BitTorrent,Spotify,0,100,0.0
EARLY_16,S12,iscx_vpn,medium_seed2022,BitTorrent,Vimeo,0,100,0.0
EARLY_16,S12,iscx_vpn,medium_seed2022,BitTorrent,VoIPBuster,0,100,0.0
EARLY_16,S12,iscx_vpn,medium_seed2022,Email,AIM,1,200,0.005
EARLY_16,S12,iscx_vpn,medium_seed2022,Email,BitTorrent,9,200,0.045
EARLY_16,S12,iscx_vpn,medium_seed2022,Email,Email,80,200,0.4
EARLY_16,S12,iscx_vpn,medium_seed2022,Email,FTPS,8,200,0.04
EARLY_16,S12,iscx_vpn,medium_seed2022,Email,Facebook,74,200,0.37
EARLY_16,S12,iscx_vpn,medium_seed2022,Email,Gmail,0,200,0.0
EARLY_16,S12,iscx_vpn,medium_seed2022,Email,ICQ,5,200,0.025
EARLY_16,S12,iscx_vpn,medium_seed2022,Email,Netflix,3,200,0.015
EARLY_16,S12,iscx_vpn,medium_seed2022,Email,SCP,2,200,0.01
EARLY_16,S12,iscx_vpn,medium_seed2022,Email,SFTP,0,200,0.0
EARLY_16,S12,iscx_vpn,medium_seed2022,Email,Spotify,3,200,0.015
EARLY_16,S12,iscx_vpn,medium_seed2022,Email,Vimeo,0,200,0.0
EARLY_16,S12,iscx_vpn,medium_seed2022,Email,VoIPBuster,15,200,0.075
EARLY_16,S12,iscx_vpn,medium_seed2022,FTPS,AIM,2,200,0.01
EARLY_16,S12,iscx_vpn,medium_seed2022,FTPS,BitTorrent,22,200,0.11
EARLY_16,S12,iscx_vpn,medium_seed2022,FTPS,Email,3,200,0.015
EARLY_16,S12,iscx_vpn,medium_seed2022,FTPS,FTPS,151,200,0.755
EARLY_16,S12,iscx_vpn,medium_seed2022,FTPS,Facebook,2,200,0.01
EARLY_16,S12,iscx_vpn,medium_seed2022,FTPS,Gmail,0,200,0.0
EARLY_16,S12,iscx_vpn,medium_seed2022,FTPS,ICQ,0,200,0.0
EARLY_16,S12,iscx_vpn,medium_seed2022,FTPS,Netflix,0,200,0.0
EARLY_16,S12,iscx_vpn,medium_seed2022,FTPS,SCP,3,200,0.015
EARLY_16,S12,iscx_vpn,medium_seed2022,FTPS,SFTP,1,200,0.005
EARLY_16,S12,iscx_vpn,medium_seed2022,FTPS,Spotify,1,200,0.005
EARLY_16,S12,iscx_vpn,medium_seed2022,FTPS,Vimeo,0,200,0.0
EARLY_16,S12,iscx_vpn,medium_seed2022,FTPS,VoIPBuster,15,200,0.075
EARLY_16,S12,iscx_vpn,medium_seed2022,Facebook,AIM,3,200,0.015
EARLY_16,S12,iscx_vpn,medium_seed2022,Facebook,BitTorrent,0,200,0.0
EARLY_16,S12,iscx_vpn,medium_seed2022,Facebook,Email,12,200,0.06
EARLY_16,S12,iscx_vpn,medium_seed2022,Facebook,FTPS,1,200,0.005
EARLY_16,S12,iscx_vpn,medium_seed2022,Facebook,Facebook,142,200,0.71
EARLY_16,S12,iscx_vpn,medium_seed2022,Facebook,Gmail,1,200,0.005
EARLY_16,S12,iscx_vpn,medium_seed2022,Facebook,ICQ,3,200,0.015
EARLY_16,S12,iscx_vpn,medium_seed2022,Facebook,Netflix,0,200,0.0
EARLY_16,S12,iscx_vpn,medium_seed2022,Facebook,SCP,2,200,0.01
EARLY_16,S12,iscx_vpn,medium_seed2022,Facebook,SFTP,2,200,0.01
EARLY_16,S12,iscx_vpn,medium_seed2022,Facebook,Spotify,2,200,0.01
EARLY_16,S12,iscx_vpn,medium_seed2022,Facebook,Vimeo,0,200,0.0
EARLY_16,S12,iscx_vpn,medium_seed2022,Facebook,VoIPBuster,32,200,0.16
EARLY_16,S12,iscx_vpn,medium_seed2022,Gmail,AIM,2,54,0.037037037037037035
EARLY_16,S12,iscx_vpn,medium_seed2022,Gmail,BitTorrent,0,54,0.0
EARLY_16,S12,iscx_vpn,medium_seed2022,Gmail,Email,1,54,0.018518518518518517
EARLY_16,S12,iscx_vpn,medium_seed2022,Gmail,FTPS,4,54,0.07407407407407407
EARLY_16,S12,iscx_vpn,medium_seed2022,Gmail,Facebook,5,54,0.09259259259259259
EARLY_16,S12,iscx_vpn,medium_seed2022,Gmail,Gmail,32,54,0.5925925925925926
EARLY_16,S12,iscx_vpn,medium_seed2022,Gmail,ICQ,1,54,0.018518518518518517
EARLY_16,S12,iscx_vpn,medium_seed2022,Gmail,Netflix,0,54,0.0
EARLY_16,S12,iscx_vpn,medium_seed2022,Gmail,SCP,2,54,0.037037037037037035
EARLY_16,S12,iscx_vpn,medium_seed2022,Gmail,SFTP,0,54,0.0
EARLY_16,S12,iscx_vpn,medium_seed2022,Gmail,Spotify,4,54,0.07407407407407407
EARLY_16,S12,iscx_vpn,medium_seed2022,Gmail,Vimeo,1,54,0.018518518518518517
EARLY_16,S12,iscx_vpn,medium_seed2022,Gmail,VoIPBuster,2,54,0.037037037037037035
EARLY_16,S12,iscx_vpn,medium_seed2022,ICQ,AIM,7,53,0.1320754716981132
EARLY_16,S12,iscx_vpn,medium_seed2022,ICQ,BitTorrent,0,53,0.0
EARLY_16,S12,iscx_vpn,medium_seed2022,ICQ,Email,2,53,0.03773584905660377
EARLY_16,S12,iscx_vpn,medium_seed2022,ICQ,FTPS,2,53,0.03773584905660377
EARLY_16,S12,iscx_vpn,medium_seed2022,ICQ,Facebook,24,53,0.4528301886792453
EARLY_16,S12,iscx_vpn,medium_seed2022,ICQ,Gmail,2,53,0.03773584905660377
EARLY_16,S12,iscx_vpn,medium_seed2022,ICQ,ICQ,8,53,0.1509433962264151
EARLY_16,S12,iscx_vpn,medium_seed2022,ICQ,Netflix,0,53,0.0
EARLY_16,S12,iscx_vpn,medium_seed2022,ICQ,SCP,2,53,0.03773584905660377
EARLY_16,S12,iscx_vpn,medium_seed2022,ICQ,SFTP,0,53,0.0
EARLY_16,S12,iscx_vpn,medium_seed2022,ICQ,Spotify,2,53,0.03773584905660377
EARLY_16,S12,iscx_vpn,medium_seed2022,ICQ,Vimeo,1,53,0.018867924528301886
EARLY_16,S12,iscx_vpn,medium_seed2022,ICQ,VoIPBuster,3,53,0.05660377358490566
EARLY_16,S12,iscx_vpn,medium_seed2022,Netflix,AIM,1,118,0.00847457627118644
EARLY_16,S12,iscx_vpn,medium_seed2022,Netflix,BitTorrent,29,118,0.2457627118644068
EARLY_16,S12,iscx_vpn,medium_seed2022,Netflix,Email,0,118,0.0
EARLY_16,S12,iscx_vpn,medium_seed2022,Netflix,FTPS,2,118,0.01694915254237288
EARLY_16,S12,iscx_vpn,medium_seed2022,Netflix,Facebook,0,118,0.0
EARLY_16,S12,iscx_vpn,medium_seed2022,Netflix,Gmail,0,118,0.0
EARLY_16,S12,iscx_vpn,medium_seed2022,Netflix,ICQ,0,118,0.0
EARLY_16,S12,iscx_vpn,medium_seed2022,Netflix,Netflix,56,118,0.4745762711864407
EARLY_16,S12,iscx_vpn,medium_seed2022,Netflix,SCP,2,118,0.01694915254237288
EARLY_16,S12,iscx_vpn,medium_seed2022,Netflix,SFTP,0,118,0.0
EARLY_16,S12,iscx_vpn,medium_seed2022,Netflix,Spotify,15,118,0.1271186440677966
EARLY_16,S12,iscx_vpn,medium_seed2022,Netflix,Vimeo,13,118,0.11016949152542373
EARLY_16,S12,iscx_vpn,medium_seed2022,Netflix,VoIPBuster,0,118,0.0
EARLY_16,S12,iscx_vpn,medium_seed2022,SCP,AIM,1,200,0.005
EARLY_16,S12,iscx_vpn,medium_seed2022,SCP,BitTorrent,0,200,0.0
EARLY_16,S12,iscx_vpn,medium_seed2022,SCP,Email,11,200,0.055
EARLY_16,S12,iscx_vpn,medium_seed2022,SCP,FTPS,10,200,0.05
EARLY_16,S12,iscx_vpn,medium_seed2022,SCP,Facebook,73,200,0.365
EARLY_16,S12,iscx_vpn,medium_seed2022,SCP,Gmail,0,200,0.0
EARLY_16,S12,iscx_vpn,medium_seed2022,SCP,ICQ,1,200,0.005
EARLY_16,S12,iscx_vpn,medium_seed2022,SCP,Netflix,34,200,0.17
EARLY_16,S12,iscx_vpn,medium_seed2022,SCP,SCP,48,200,0.24
EARLY_16,S12,iscx_vpn,medium_seed2022,SCP,SFTP,1,200,0.005
EARLY_16,S12,iscx_vpn,medium_seed2022,SCP,Spotify,2,200,0.01
EARLY_16,S12,iscx_vpn,medium_seed2022,SCP,Vimeo,1,200,0.005
EARLY_16,S12,iscx_vpn,medium_seed2022,SCP,VoIPBuster,18,200,0.09
EARLY_16,S12,iscx_vpn,medium_seed2022,SFTP,AIM,0,31,0.0
EARLY_16,S12,iscx_vpn,medium_seed2022,SFTP,BitTorrent,3,31,0.0967741935483871
EARLY_16,S12,iscx_vpn,medium_seed2022,SFTP,Email,3,31,0.0967741935483871
EARLY_16,S12,iscx_vpn,medium_seed2022,SFTP,FTPS,6,31,0.1935483870967742
EARLY_16,S12,iscx_vpn,medium_seed2022,SFTP,Facebook,0,31,0.0
EARLY_16,S12,iscx_vpn,medium_seed2022,SFTP,Gmail,0,31,0.0
EARLY_16,S12,iscx_vpn,medium_seed2022,SFTP,ICQ,0,31,0.0
EARLY_16,S12,iscx_vpn,medium_seed2022,SFTP,Netflix,1,31,0.03225806451612903
EARLY_16,S12,iscx_vpn,medium_seed2022,SFTP,SCP,1,31,0.03225806451612903
EARLY_16,S12,iscx_vpn,medium_seed2022,SFTP,SFTP,12,31,0.3870967741935484
EARLY_16,S12,iscx_vpn,medium_seed2022,SFTP,Spotify,4,31,0.12903225806451613
EARLY_16,S12,iscx_vpn,medium_seed2022,SFTP,Vimeo,0,31,0.0
EARLY_16,S12,iscx_vpn,medium_seed2022,SFTP,VoIPBuster,1,31,0.03225806451612903
EARLY_16,S12,iscx_vpn,medium_seed2022,Spotify,AIM,0,79,0.0
EARLY_16,S12,iscx_vpn,medium_seed2022,Spotify,BitTorrent,12,79,0.1518987341772152
EARLY_16,S12,iscx_vpn,medium_seed2022,Spotify,Email,0,79,0.0
EARLY_16,S12,iscx_vpn,medium_seed2022,Spotify,FTPS,2,79,0.02531645569620253
EARLY_16,S12,iscx_vpn,medium_seed2022,Spotify,Facebook,0,79,0.0
EARLY_16,S12,iscx_vpn,medium_seed2022,Spotify,Gmail,2,79,0.02531645569620253
EARLY_16,S12,iscx_vpn,medium_seed2022,Spotify,ICQ,0,79,0.0
EARLY_16,S12,iscx_vpn,medium_seed2022,Spotify,Netflix,20,79,0.25316455696202533
EARLY_16,S12,iscx_vpn,medium_seed2022,Spotify,SCP,3,79,0.0379746835443038
EARLY_16,S12,iscx_vpn,medium_seed2022,Spotify,SFTP,0,79,0.0
EARLY_16,S12,iscx_vpn,medium_seed2022,Spotify,Spotify,31,79,0.3924050632911392
EARLY_16,S12,iscx_vpn,medium_seed2022,Spotify,Vimeo,7,79,0.08860759493670886
EARLY_16,S12,iscx_vpn,medium_seed2022,Spotify,VoIPBuster,2,79,0.02531645569620253
EARLY_16,S12,iscx_vpn,medium_seed2022,Vimeo,AIM,1,123,0.008130081300813009
EARLY_16,S12,iscx_vpn,medium_seed2022,Vimeo,BitTorrent,10,123,0.08130081300813008
EARLY_16,S12,iscx_vpn,medium_seed2022,Vimeo,Email,0,123,0.0
EARLY_16,S12,iscx_vpn,medium_seed2022,Vimeo,FTPS,1,123,0.008130081300813009
EARLY_16,S12,iscx_vpn,medium_seed2022,Vimeo,Facebook,0,123,0.0
EARLY_16,S12,iscx_vpn,medium_seed2022,Vimeo,Gmail,1,123,0.008130081300813009
EARLY_16,S12,iscx_vpn,medium_seed2022,Vimeo,ICQ,0,123,0.0
EARLY_16,S12,iscx_vpn,medium_seed2022,Vimeo,Netflix,36,123,0.2926829268292683
EARLY_16,S12,iscx_vpn,medium_seed2022,Vimeo,SCP,8,123,0.06504065040650407
EARLY_16,S12,iscx_vpn,medium_seed2022,Vimeo,SFTP,0,123,0.0
EARLY_16,S12,iscx_vpn,medium_seed2022,Vimeo,Spotify,10,123,0.08130081300813008
EARLY_16,S12,iscx_vpn,medium_seed2022,Vimeo,Vimeo,56,123,0.45528455284552843
EARLY_16,S12,iscx_vpn,medium_seed2022,Vimeo,VoIPBuster,0,123,0.0
EARLY_16,S12,iscx_vpn,medium_seed2022,VoIPBuster,AIM,1,200,0.005
EARLY_16,S12,iscx_vpn,medium_seed2022,VoIPBuster,BitTorrent,0,200,0.0
EARLY_16,S12,iscx_vpn,medium_seed2022,VoIPBuster,Email,7,200,0.035
EARLY_16,S12,iscx_vpn,medium_seed2022,VoIPBuster,FTPS,38,200,0.19
EARLY_16,S12,iscx_vpn,medium_seed2022,VoIPBuster,Facebook,46,200,0.23
EARLY_16,S12,iscx_vpn,medium_seed2022,VoIPBuster,Gmail,0,200,0.0
EARLY_16,S12,iscx_vpn,medium_seed2022,VoIPBuster,ICQ,4,200,0.02
EARLY_16,S12,iscx_vpn,medium_seed2022,VoIPBuster,Netflix,2,200,0.01
EARLY_16,S12,iscx_vpn,medium_seed2022,VoIPBuster,SCP,9,200,0.045
EARLY_16,S12,iscx_vpn,medium_seed2022,VoIPBuster,SFTP,0,200,0.0
EARLY_16,S12,iscx_vpn,medium_seed2022,VoIPBuster,Spotify,2,200,0.01
EARLY_16,S12,iscx_vpn,medium_seed2022,VoIPBuster,Vimeo,0,200,0.0
EARLY_16,S12,iscx_vpn,medium_seed2022,VoIPBuster,VoIPBuster,91,200,0.455
EARLY_16,S12,iscx_tor,medium_seed2022,Browsing,Browsing,76,200,0.38
EARLY_16,S12,iscx_tor,medium_seed2022,Browsing,Email,4,200,0.02
EARLY_16,S12,iscx_tor,medium_seed2022,Browsing,FTP,90,200,0.45
EARLY_16,S12,iscx_tor,medium_seed2022,Browsing,Facebook,2,200,0.01
EARLY_16,S12,iscx_tor,medium_seed2022,Browsing,Hangouts,2,200,0.01
EARLY_16,S12,iscx_tor,medium_seed2022,Browsing,Spotify,2,200,0.01
EARLY_16,S12,iscx_tor,medium_seed2022,Browsing,Vimeo,6,200,0.03
EARLY_16,S12,iscx_tor,medium_seed2022,Browsing,YouTube,18,200,0.09
EARLY_16,S12,iscx_tor,medium_seed2022,Email,Browsing,6,54,0.1111111111111111
EARLY_16,S12,iscx_tor,medium_seed2022,Email,Email,26,54,0.48148148148148145
EARLY_16,S12,iscx_tor,medium_seed2022,Email,FTP,19,54,0.35185185185185186
EARLY_16,S12,iscx_tor,medium_seed2022,Email,Facebook,0,54,0.0
EARLY_16,S12,iscx_tor,medium_seed2022,Email,Hangouts,0,54,0.0
EARLY_16,S12,iscx_tor,medium_seed2022,Email,Spotify,0,54,0.0
EARLY_16,S12,iscx_tor,medium_seed2022,Email,Vimeo,1,54,0.018518518518518517
EARLY_16,S12,iscx_tor,medium_seed2022,Email,YouTube,2,54,0.037037037037037035
EARLY_16,S12,iscx_tor,medium_seed2022,FTP,Browsing,1,200,0.005
EARLY_16,S12,iscx_tor,medium_seed2022,FTP,Email,0,200,0.0
EARLY_16,S12,iscx_tor,medium_seed2022,FTP,FTP,196,200,0.98
EARLY_16,S12,iscx_tor,medium_seed2022,FTP,Facebook,1,200,0.005
EARLY_16,S12,iscx_tor,medium_seed2022,FTP,Hangouts,1,200,0.005
EARLY_16,S12,iscx_tor,medium_seed2022,FTP,Spotify,0,200,0.0
EARLY_16,S12,iscx_tor,medium_seed2022,FTP,Vimeo,0,200,0.0
EARLY_16,S12,iscx_tor,medium_seed2022,FTP,YouTube,1,200,0.005
EARLY_16,S12,iscx_tor,medium_seed2022,Facebook,Browsing,2,85,0.023529411764705882
EARLY_16,S12,iscx_tor,medium_seed2022,Facebook,Email,1,85,0.011764705882352941
EARLY_16,S12,iscx_tor,medium_seed2022,Facebook,FTP,34,85,0.4
EARLY_16,S12,iscx_tor,medium_seed2022,Facebook,Facebook,29,85,0.3411764705882353
EARLY_16,S12,iscx_tor,medium_seed2022,Facebook,Hangouts,8,85,0.09411764705882353
EARLY_16,S12,iscx_tor,medium_seed2022,Facebook,Spotify,0,85,0.0
EARLY_16,S12,iscx_tor,medium_seed2022,Facebook,Vimeo,6,85,0.07058823529411765
EARLY_16,S12,iscx_tor,medium_seed2022,Facebook,YouTube,5,85,0.058823529411764705
EARLY_16,S12,iscx_tor,medium_seed2022,Hangouts,Browsing,3,69,0.043478260869565216
EARLY_16,S12,iscx_tor,medium_seed2022,Hangouts,Email,0,69,0.0
EARLY_16,S12,iscx_tor,medium_seed2022,Hangouts,FTP,26,69,0.37681159420289856
EARLY_16,S12,iscx_tor,medium_seed2022,Hangouts,Facebook,5,69,0.07246376811594203
EARLY_16,S12,iscx_tor,medium_seed2022,Hangouts,Hangouts,16,69,0.2318840579710145
EARLY_16,S12,iscx_tor,medium_seed2022,Hangouts,Spotify,0,69,0.0
EARLY_16,S12,iscx_tor,medium_seed2022,Hangouts,Vimeo,14,69,0.2028985507246377
EARLY_16,S12,iscx_tor,medium_seed2022,Hangouts,YouTube,5,69,0.07246376811594203
EARLY_16,S12,iscx_tor,medium_seed2022,Spotify,Browsing,0,147,0.0
EARLY_16,S12,iscx_tor,medium_seed2022,Spotify,Email,0,147,0.0
EARLY_16,S12,iscx_tor,medium_seed2022,Spotify,FTP,73,147,0.4965986394557823
EARLY_16,S12,iscx_tor,medium_seed2022,Spotify,Facebook,6,147,0.04081632653061224
EARLY_16,S12,iscx_tor,medium_seed2022,Spotify,Hangouts,2,147,0.013605442176870748
EARLY_16,S12,iscx_tor,medium_seed2022,Spotify,Spotify,64,147,0.43537414965986393
EARLY_16,S12,iscx_tor,medium_seed2022,Spotify,Vimeo,2,147,0.013605442176870748
EARLY_16,S12,iscx_tor,medium_seed2022,Spotify,YouTube,0,147,0.0
EARLY_16,S12,iscx_tor,medium_seed2022,Vimeo,Browsing,4,152,0.02631578947368421
EARLY_16,S12,iscx_tor,medium_seed2022,Vimeo,Email,0,152,0.0
EARLY_16,S12,iscx_tor,medium_seed2022,Vimeo,FTP,55,152,0.3618421052631579
EARLY_16,S12,iscx_tor,medium_seed2022,Vimeo,Facebook,1,152,0.006578947368421052
EARLY_16,S12,iscx_tor,medium_seed2022,Vimeo,Hangouts,2,152,0.013157894736842105
EARLY_16,S12,iscx_tor,medium_seed2022,Vimeo,Spotify,7,152,0.046052631578947366
EARLY_16,S12,iscx_tor,medium_seed2022,Vimeo,Vimeo,62,152,0.40789473684210525
EARLY_16,S12,iscx_tor,medium_seed2022,Vimeo,YouTube,21,152,0.13815789473684212
EARLY_16,S12,iscx_tor,medium_seed2022,YouTube,Browsing,12,200,0.06
EARLY_16,S12,iscx_tor,medium_seed2022,YouTube,Email,1,200,0.005
EARLY_16,S12,iscx_tor,medium_seed2022,YouTube,FTP,73,200,0.365
EARLY_16,S12,iscx_tor,medium_seed2022,YouTube,Facebook,2,200,0.01
EARLY_16,S12,iscx_tor,medium_seed2022,YouTube,Hangouts,1,200,0.005
EARLY_16,S12,iscx_tor,medium_seed2022,YouTube,Spotify,1,200,0.005
EARLY_16,S12,iscx_tor,medium_seed2022,YouTube,Vimeo,14,200,0.07
EARLY_16,S12,iscx_tor,medium_seed2022,YouTube,YouTube,96,200,0.48
EARLY_16,S12,vnat,medium_seed2025,netflix,netflix,16,20,0.8
EARLY_16,S12,vnat,medium_seed2025,netflix,rdp,0,20,0.0
EARLY_16,S12,vnat,medium_seed2025,netflix,rsync,0,20,0.0
EARLY_16,S12,vnat,medium_seed2025,netflix,scp,0,20,0.0
EARLY_16,S12,vnat,medium_seed2025,netflix,skype,3,20,0.15
EARLY_16,S12,vnat,medium_seed2025,netflix,ssh,0,20,0.0
EARLY_16,S12,vnat,medium_seed2025,netflix,youtube,1,20,0.05
EARLY_16,S12,vnat,medium_seed2025,rdp,netflix,0,4,0.0
EARLY_16,S12,vnat,medium_seed2025,rdp,rdp,3,4,0.75
EARLY_16,S12,vnat,medium_seed2025,rdp,rsync,0,4,0.0
EARLY_16,S12,vnat,medium_seed2025,rdp,scp,0,4,0.0
EARLY_16,S12,vnat,medium_seed2025,rdp,skype,0,4,0.0
EARLY_16,S12,vnat,medium_seed2025,rdp,ssh,1,4,0.25
EARLY_16,S12,vnat,medium_seed2025,rdp,youtube,0,4,0.0
EARLY_16,S12,vnat,medium_seed2025,rsync,netflix,0,191,0.0
EARLY_16,S12,vnat,medium_seed2025,rsync,rdp,0,191,0.0
EARLY_16,S12,vnat,medium_seed2025,rsync,rsync,62,191,0.32460732984293195
EARLY_16,S12,vnat,medium_seed2025,rsync,scp,127,191,0.6649214659685864
EARLY_16,S12,vnat,medium_seed2025,rsync,skype,0,191,0.0
EARLY_16,S12,vnat,medium_seed2025,rsync,ssh,2,191,0.010471204188481676
EARLY_16,S12,vnat,medium_seed2025,rsync,youtube,0,191,0.0
EARLY_16,S12,vnat,medium_seed2025,scp,netflix,0,229,0.0
EARLY_16,S12,vnat,medium_seed2025,scp,rdp,0,229,0.0
EARLY_16,S12,vnat,medium_seed2025,scp,rsync,52,229,0.22707423580786026
EARLY_16,S12,vnat,medium_seed2025,scp,scp,171,229,0.7467248908296943
EARLY_16,S12,vnat,medium_seed2025,scp,skype,0,229,0.0
EARLY_16,S12,vnat,medium_seed2025,scp,ssh,5,229,0.021834061135371178
EARLY_16,S12,vnat,medium_seed2025,scp,youtube,1,229,0.004366812227074236
EARLY_16,S12,vnat,medium_seed2025,skype,netflix,0,126,0.0
EARLY_16,S12,vnat,medium_seed2025,skype,rdp,0,126,0.0
EARLY_16,S12,vnat,medium_seed2025,skype,rsync,0,126,0.0
EARLY_16,S12,vnat,medium_seed2025,skype,scp,0,126,0.0
EARLY_16,S12,vnat,medium_seed2025,skype,skype,125,126,0.9920634920634921
EARLY_16,S12,vnat,medium_seed2025,skype,ssh,0,126,0.0
EARLY_16,S12,vnat,medium_seed2025,skype,youtube,1,126,0.007936507936507936
EARLY_16,S12,vnat,medium_seed2025,ssh,netflix,0,1356,0.0
EARLY_16,S12,vnat,medium_seed2025,ssh,rdp,0,1356,0.0
EARLY_16,S12,vnat,medium_seed2025,ssh,rsync,1,1356,0.0007374631268436578
EARLY_16,S12,vnat,medium_seed2025,ssh,scp,0,1356,0.0
EARLY_16,S12,vnat,medium_seed2025,ssh,skype,0,1356,0.0
EARLY_16,S12,vnat,medium_seed2025,ssh,ssh,1355,1356,0.9992625368731564
EARLY_16,S12,vnat,medium_seed2025,ssh,youtube,0,1356,0.0
EARLY_16,S12,vnat,medium_seed2025,youtube,netflix,4,34,0.11764705882352941
EARLY_16,S12,vnat,medium_seed2025,youtube,rdp,0,34,0.0
EARLY_16,S12,vnat,medium_seed2025,youtube,rsync,0,34,0.0
EARLY_16,S12,vnat,medium_seed2025,youtube,scp,0,34,0.0
EARLY_16,S12,vnat,medium_seed2025,youtube,skype,2,34,0.058823529411764705
EARLY_16,S12,vnat,medium_seed2025,youtube,ssh,0,34,0.0
EARLY_16,S12,vnat,medium_seed2025,youtube,youtube,28,34,0.8235294117647058
EARLY_16,S12,vnat,medium_seed2026,netflix,netflix,13,20,0.65
EARLY_16,S12,vnat,medium_seed2026,netflix,rdp,0,20,0.0
EARLY_16,S12,vnat,medium_seed2026,netflix,rsync,0,20,0.0
EARLY_16,S12,vnat,medium_seed2026,netflix,skype,0,20,0.0
EARLY_16,S12,vnat,medium_seed2026,netflix,ssh,0,20,0.0
EARLY_16,S12,vnat,medium_seed2026,netflix,vimeo,7,20,0.35
EARLY_16,S12,vnat,medium_seed2026,netflix,zoiper,0,20,0.0
EARLY_16,S12,vnat,medium_seed2026,rdp,netflix,0,4,0.0
EARLY_16,S12,vnat,medium_seed2026,rdp,rdp,3,4,0.75
EARLY_16,S12,vnat,medium_seed2026,rdp,rsync,0,4,0.0
EARLY_16,S12,vnat,medium_seed2026,rdp,skype,0,4,0.0
EARLY_16,S12,vnat,medium_seed2026,rdp,ssh,1,4,0.25
EARLY_16,S12,vnat,medium_seed2026,rdp,vimeo,0,4,0.0
EARLY_16,S12,vnat,medium_seed2026,rdp,zoiper,0,4,0.0
EARLY_16,S12,vnat,medium_seed2026,rsync,netflix,0,191,0.0
EARLY_16,S12,vnat,medium_seed2026,rsync,rdp,0,191,0.0
EARLY_16,S12,vnat,medium_seed2026,rsync,rsync,185,191,0.9685863874345549
EARLY_16,S12,vnat,medium_seed2026,rsync,skype,0,191,0.0
EARLY_16,S12,vnat,medium_seed2026,rsync,ssh,6,191,0.031413612565445025
EARLY_16,S12,vnat,medium_seed2026,rsync,vimeo,0,191,0.0
EARLY_16,S12,vnat,medium_seed2026,rsync,zoiper,0,191,0.0
EARLY_16,S12,vnat,medium_seed2026,skype,netflix,0,126,0.0
EARLY_16,S12,vnat,medium_seed2026,skype,rdp,0,126,0.0
EARLY_16,S12,vnat,medium_seed2026,skype,rsync,0,126,0.0
EARLY_16,S12,vnat,medium_seed2026,skype,skype,126,126,1.0
EARLY_16,S12,vnat,medium_seed2026,skype,ssh,0,126,0.0
EARLY_16,S12,vnat,medium_seed2026,skype,vimeo,0,126,0.0
EARLY_16,S12,vnat,medium_seed2026,skype,zoiper,0,126,0.0
EARLY_16,S12,vnat,medium_seed2026,ssh,netflix,0,1356,0.0
EARLY_16,S12,vnat,medium_seed2026,ssh,rdp,0,1356,0.0
EARLY_16,S12,vnat,medium_seed2026,ssh,rsync,0,1356,0.0
EARLY_16,S12,vnat,medium_seed2026,ssh,skype,1,1356,0.0007374631268436578
EARLY_16,S12,vnat,medium_seed2026,ssh,ssh,1355,1356,0.9992625368731564
EARLY_16,S12,vnat,medium_seed2026,ssh,vimeo,0,1356,0.0
EARLY_16,S12,vnat,medium_seed2026,ssh,zoiper,0,1356,0.0
EARLY_16,S12,vnat,medium_seed2026,vimeo,netflix,2,121,0.01652892561983471
EARLY_16,S12,vnat,medium_seed2026,vimeo,rdp,0,121,0.0
EARLY_16,S12,vnat,medium_seed2026,vimeo,rsync,0,121,0.0
EARLY_16,S12,vnat,medium_seed2026,vimeo,skype,0,121,0.0
EARLY_16,S12,vnat,medium_seed2026,vimeo,ssh,1,121,0.008264462809917356
EARLY_16,S12,vnat,medium_seed2026,vimeo,vimeo,118,121,0.9752066115702479
EARLY_16,S12,vnat,medium_seed2026,vimeo,zoiper,0,121,0.0
EARLY_16,S12,vnat,medium_seed2026,zoiper,netflix,0,93,0.0
EARLY_16,S12,vnat,medium_seed2026,zoiper,rdp,0,93,0.0
EARLY_16,S12,vnat,medium_seed2026,zoiper,rsync,0,93,0.0
EARLY_16,S12,vnat,medium_seed2026,zoiper,skype,0,93,0.0
EARLY_16,S12,vnat,medium_seed2026,zoiper,ssh,1,93,0.010752688172043012
EARLY_16,S12,vnat,medium_seed2026,zoiper,vimeo,0,93,0.0
EARLY_16,S12,vnat,medium_seed2026,zoiper,zoiper,92,93,0.989247311827957
EARLY_16,S12,ustc,A-2,Gmail,Gmail,691,863,0.8006952491309386
EARLY_16,S12,ustc,A-2,Gmail,FTP,56,863,0.06488991888760139
EARLY_16,S12,ustc,A-2,Gmail,Nsis-ay,0,863,0.0
EARLY_16,S12,ustc,A-2,Gmail,Facetime,0,863,0.0
EARLY_16,S12,ustc,A-2,Gmail,Weibo,0,863,0.0
EARLY_16,S12,ustc,A-2,Gmail,Cridex,0,863,0.0
EARLY_16,S12,ustc,A-2,Gmail,Zeus,0,863,0.0
EARLY_16,S12,ustc,A-2,Gmail,SMB,3,863,0.0034762456546929316
EARLY_16,S12,ustc,A-2,Gmail,BitTorrent,6,863,0.006952491309385863
EARLY_16,S12,ustc,A-2,Gmail,WorldOfWarcraft,1,863,0.0011587485515643105
EARLY_16,S12,ustc,A-2,Gmail,Shifu,0,863,0.0
EARLY_16,S12,ustc,A-2,Gmail,Outlook,58,863,0.06720741599073002
EARLY_16,S12,ustc,A-2,Gmail,Virut,0,863,0.0
EARLY_16,S12,ustc,A-2,Gmail,MySQL,42,863,0.04866743916570104
EARLY_16,S12,ustc,A-2,Gmail,Skype,6,863,0.006952491309385863
EARLY_16,S12,ustc,A-2,Gmail,Miuref,0,863,0.0
EARLY_16,S12,ustc,A-2,Gmail,Neris,0,863,0.0
EARLY_16,S12,ustc,A-2,FTP,Gmail,8,10103,0.0007918440067306741
EARLY_16,S12,ustc,A-2,FTP,FTP,9811,10103,0.9710976937543304
EARLY_16,S12,ustc,A-2,FTP,Nsis-ay,0,10103,0.0
EARLY_16,S12,ustc,A-2,FTP,Facetime,0,10103,0.0
EARLY_16,S12,ustc,A-2,FTP,Weibo,0,10103,0.0
EARLY_16,S12,ustc,A-2,FTP,Cridex,0,10103,0.0
EARLY_16,S12,ustc,A-2,FTP,Zeus,0,10103,0.0
EARLY_16,S12,ustc,A-2,FTP,SMB,0,10103,0.0
EARLY_16,S12,ustc,A-2,FTP,BitTorrent,0,10103,0.0
EARLY_16,S12,ustc,A-2,FTP,WorldOfWarcraft,0,10103,0.0
EARLY_16,S12,ustc,A-2,FTP,Shifu,0,10103,0.0
EARLY_16,S12,ustc,A-2,FTP,Outlook,0,10103,0.0
EARLY_16,S12,ustc,A-2,FTP,Virut,0,10103,0.0
EARLY_16,S12,ustc,A-2,FTP,MySQL,283,10103,0.028011481738097595
EARLY_16,S12,ustc,A-2,FTP,Skype,1,10103,9.898050084133426e-05
EARLY_16,S12,ustc,A-2,FTP,Miuref,0,10103,0.0
EARLY_16,S12,ustc,A-2,FTP,Neris,0,10103,0.0
EARLY_16,S12,ustc,A-2,Nsis-ay,Gmail,0,607,0.0
EARLY_16,S12,ustc,A-2,Nsis-ay,FTP,0,607,0.0
EARLY_16,S12,ustc,A-2,Nsis-ay,Nsis-ay,595,607,0.9802306425041186
EARLY_16,S12,ustc,A-2,Nsis-ay,Facetime,0,607,0.0
EARLY_16,S12,ustc,A-2,Nsis-ay,Weibo,0,607,0.0
EARLY_16,S12,ustc,A-2,Nsis-ay,Cridex,0,607,0.0
EARLY_16,S12,ustc,A-2,Nsis-ay,Zeus,0,607,0.0
EARLY_16,S12,ustc,A-2,Nsis-ay,SMB,0,607,0.0
EARLY_16,S12,ustc,A-2,Nsis-ay,BitTorrent,0,607,0.0
EARLY_16,S12,ustc,A-2,Nsis-ay,WorldOfWarcraft,0,607,0.0
EARLY_16,S12,ustc,A-2,Nsis-ay,Shifu,0,607,0.0
EARLY_16,S12,ustc,A-2,Nsis-ay,Outlook,0,607,0.0
EARLY_16,S12,ustc,A-2,Nsis-ay,Virut,5,607,0.008237232289950576
EARLY_16,S12,ustc,A-2,Nsis-ay,MySQL,0,607,0.0
EARLY_16,S12,ustc,A-2,Nsis-ay,Skype,0,607,0.0
EARLY_16,S12,ustc,A-2,Nsis-ay,Miuref,0,607,0.0
EARLY_16,S12,ustc,A-2,Nsis-ay,Neris,7,607,0.011532125205930808
EARLY_16,S12,ustc,A-2,Facetime,Gmail,0,600,0.0
EARLY_16,S12,ustc,A-2,Facetime,FTP,0,600,0.0
EARLY_16,S12,ustc,A-2,Facetime,Nsis-ay,0,600,0.0
EARLY_16,S12,ustc,A-2,Facetime,Facetime,600,600,1.0
EARLY_16,S12,ustc,A-2,Facetime,Weibo,0,600,0.0
EARLY_16,S12,ustc,A-2,Facetime,Cridex,0,600,0.0
EARLY_16,S12,ustc,A-2,Facetime,Zeus,0,600,0.0
EARLY_16,S12,ustc,A-2,Facetime,SMB,0,600,0.0
EARLY_16,S12,ustc,A-2,Facetime,BitTorrent,0,600,0.0
EARLY_16,S12,ustc,A-2,Facetime,WorldOfWarcraft,0,600,0.0
EARLY_16,S12,ustc,A-2,Facetime,Shifu,0,600,0.0
EARLY_16,S12,ustc,A-2,Facetime,Outlook,0,600,0.0
EARLY_16,S12,ustc,A-2,Facetime,Virut,0,600,0.0
EARLY_16,S12,ustc,A-2,Facetime,MySQL,0,600,0.0
EARLY_16,S12,ustc,A-2,Facetime,Skype,0,600,0.0
EARLY_16,S12,ustc,A-2,Facetime,Miuref,0,600,0.0
EARLY_16,S12,ustc,A-2,Facetime,Neris,0,600,0.0
EARLY_16,S12,ustc,A-2,Weibo,Gmail,0,3995,0.0
EARLY_16,S12,ustc,A-2,Weibo,FTP,0,3995,0.0
EARLY_16,S12,ustc,A-2,Weibo,Nsis-ay,0,3995,0.0
EARLY_16,S12,ustc,A-2,Weibo,Facetime,0,3995,0.0
EARLY_16,S12,ustc,A-2,Weibo,Weibo,3258,3995,0.8155193992490614
EARLY_16,S12,ustc,A-2,Weibo,Cridex,0,3995,0.0
EARLY_16,S12,ustc,A-2,Weibo,Zeus,0,3995,0.0
EARLY_16,S12,ustc,A-2,Weibo,SMB,729,3995,0.18247809762202755
EARLY_16,S12,ustc,A-2,Weibo,BitTorrent,0,3995,0.0
EARLY_16,S12,ustc,A-2,Weibo,WorldOfWarcraft,0,3995,0.0
EARLY_16,S12,ustc,A-2,Weibo,Shifu,0,3995,0.0
EARLY_16,S12,ustc,A-2,Weibo,Outlook,0,3995,0.0
EARLY_16,S12,ustc,A-2,Weibo,Virut,0,3995,0.0
EARLY_16,S12,ustc,A-2,Weibo,MySQL,0,3995,0.0
EARLY_16,S12,ustc,A-2,Weibo,Skype,8,3995,0.002002503128911139
EARLY_16,S12,ustc,A-2,Weibo,Miuref,0,3995,0.0
EARLY_16,S12,ustc,A-2,Weibo,Neris,0,3995,0.0
EARLY_16,S12,ustc,A-2,Cridex,Gmail,0,1638,0.0
EARLY_16,S12,ustc,A-2,Cridex,FTP,0,1638,0.0
EARLY_16,S12,ustc,A-2,Cridex,Nsis-ay,0,1638,0.0
EARLY_16,S12,ustc,A-2,Cridex,Facetime,0,1638,0.0
EARLY_16,S12,ustc,A-2,Cridex,Weibo,0,1638,0.0
EARLY_16,S12,ustc,A-2,Cridex,Cridex,1638,1638,1.0
EARLY_16,S12,ustc,A-2,Cridex,Zeus,0,1638,0.0
EARLY_16,S12,ustc,A-2,Cridex,SMB,0,1638,0.0
EARLY_16,S12,ustc,A-2,Cridex,BitTorrent,0,1638,0.0
EARLY_16,S12,ustc,A-2,Cridex,WorldOfWarcraft,0,1638,0.0
EARLY_16,S12,ustc,A-2,Cridex,Shifu,0,1638,0.0
EARLY_16,S12,ustc,A-2,Cridex,Outlook,0,1638,0.0
EARLY_16,S12,ustc,A-2,Cridex,Virut,0,1638,0.0
EARLY_16,S12,ustc,A-2,Cridex,MySQL,0,1638,0.0
EARLY_16,S12,ustc,A-2,Cridex,Skype,0,1638,0.0
EARLY_16,S12,ustc,A-2,Cridex,Miuref,0,1638,0.0
EARLY_16,S12,ustc,A-2,Cridex,Neris,0,1638,0.0
EARLY_16,S12,ustc,A-2,Zeus,Gmail,0,1097,0.0
EARLY_16,S12,ustc,A-2,Zeus,FTP,0,1097,0.0
EARLY_16,S12,ustc,A-2,Zeus,Nsis-ay,2,1097,0.0018231540565177757
EARLY_16,S12,ustc,A-2,Zeus,Facetime,0,1097,0.0
EARLY_16,S12,ustc,A-2,Zeus,Weibo,0,1097,0.0
EARLY_16,S12,ustc,A-2,Zeus,Cridex,0,1097,0.0
EARLY_16,S12,ustc,A-2,Zeus,Zeus,1090,1097,0.9936189608021878
EARLY_16,S12,ustc,A-2,Zeus,SMB,0,1097,0.0
EARLY_16,S12,ustc,A-2,Zeus,BitTorrent,0,1097,0.0
EARLY_16,S12,ustc,A-2,Zeus,WorldOfWarcraft,0,1097,0.0
EARLY_16,S12,ustc,A-2,Zeus,Shifu,0,1097,0.0
EARLY_16,S12,ustc,A-2,Zeus,Outlook,0,1097,0.0
EARLY_16,S12,ustc,A-2,Zeus,Virut,3,1097,0.0027347310847766638
EARLY_16,S12,ustc,A-2,Zeus,MySQL,0,1097,0.0
EARLY_16,S12,ustc,A-2,Zeus,Skype,0,1097,0.0
EARLY_16,S12,ustc,A-2,Zeus,Miuref,0,1097,0.0
EARLY_16,S12,ustc,A-2,Zeus,Neris,2,1097,0.0018231540565177757
EARLY_16,S12,ustc,A-2,SMB,Gmail,4,3893,0.0010274852298998202
EARLY_16,S12,ustc,A-2,SMB,FTP,0,3893,0.0
EARLY_16,S12,ustc,A-2,SMB,Nsis-ay,0,3893,0.0
EARLY_16,S12,ustc,A-2,SMB,Facetime,0,3893,0.0
EARLY_16,S12,ustc,A-2,SMB,Weibo,1451,3893,0.3727202671461598
EARLY_16,S12,ustc,A-2,SMB,Cridex,0,3893,0.0
EARLY_16,S12,ustc,A-2,SMB,Zeus,0,3893,0.0
EARLY_16,S12,ustc,A-2,SMB,SMB,2420,3893,0.6216285640893913
EARLY_16,S12,ustc,A-2,SMB,BitTorrent,1,3893,0.00025687130747495504
EARLY_16,S12,ustc,A-2,SMB,WorldOfWarcraft,0,3893,0.0
EARLY_16,S12,ustc,A-2,SMB,Shifu,0,3893,0.0
EARLY_16,S12,ustc,A-2,SMB,Outlook,0,3893,0.0
EARLY_16,S12,ustc,A-2,SMB,Virut,0,3893,0.0
EARLY_16,S12,ustc,A-2,SMB,MySQL,14,3893,0.0035961983046493705
EARLY_16,S12,ustc,A-2,SMB,Skype,3,3893,0.0007706139224248652
EARLY_16,S12,ustc,A-2,SMB,Miuref,0,3893,0.0
EARLY_16,S12,ustc,A-2,SMB,Neris,0,3893,0.0
EARLY_16,S12,ustc,A-2,BitTorrent,Gmail,0,752,0.0
EARLY_16,S12,ustc,A-2,BitTorrent,FTP,0,752,0.0
EARLY_16,S12,ustc,A-2,BitTorrent,Nsis-ay,0,752,0.0
EARLY_16,S12,ustc,A-2,BitTorrent,Facetime,0,752,0.0
EARLY_16,S12,ustc,A-2,BitTorrent,Weibo,0,752,0.0
EARLY_16,S12,ustc,A-2,BitTorrent,Cridex,0,752,0.0
EARLY_16,S12,ustc,A-2,BitTorrent,Zeus,0,752,0.0
EARLY_16,S12,ustc,A-2,BitTorrent,SMB,1,752,0.0013297872340425532
EARLY_16,S12,ustc,A-2,BitTorrent,BitTorrent,602,752,0.800531914893617
EARLY_16,S12,ustc,A-2,BitTorrent,WorldOfWarcraft,0,752,0.0
EARLY_16,S12,ustc,A-2,BitTorrent,Shifu,0,752,0.0
EARLY_16,S12,ustc,A-2,BitTorrent,Outlook,146,752,0.19414893617021275
EARLY_16,S12,ustc,A-2,BitTorrent,Virut,0,752,0.0
EARLY_16,S12,ustc,A-2,BitTorrent,MySQL,0,752,0.0
EARLY_16,S12,ustc,A-2,BitTorrent,Skype,3,752,0.003989361702127659
EARLY_16,S12,ustc,A-2,BitTorrent,Miuref,0,752,0.0
EARLY_16,S12,ustc,A-2,BitTorrent,Neris,0,752,0.0
EARLY_16,S12,ustc,A-2,WorldOfWarcraft,Gmail,1,789,0.0012674271229404308
EARLY_16,S12,ustc,A-2,WorldOfWarcraft,FTP,2,789,0.0025348542458808617
EARLY_16,S12,ustc,A-2,WorldOfWarcraft,Nsis-ay,0,789,0.0
EARLY_16,S12,ustc,A-2,WorldOfWarcraft,Facetime,0,789,0.0
EARLY_16,S12,ustc,A-2,WorldOfWarcraft,Weibo,0,789,0.0
EARLY_16,S12,ustc,A-2,WorldOfWarcraft,Cridex,0,789,0.0
EARLY_16,S12,ustc,A-2,WorldOfWarcraft,Zeus,0,789,0.0
EARLY_16,S12,ustc,A-2,WorldOfWarcraft,SMB,0,789,0.0
EARLY_16,S12,ustc,A-2,WorldOfWarcraft,BitTorrent,0,789,0.0
EARLY_16,S12,ustc,A-2,WorldOfWarcraft,WorldOfWarcraft,786,789,0.9961977186311787
EARLY_16,S12,ustc,A-2,WorldOfWarcraft,Shifu,0,789,0.0
EARLY_16,S12,ustc,A-2,WorldOfWarcraft,Outlook,0,789,0.0
EARLY_16,S12,ustc,A-2,WorldOfWarcraft,Virut,0,789,0.0
EARLY_16,S12,ustc,A-2,WorldOfWarcraft,MySQL,0,789,0.0
EARLY_16,S12,ustc,A-2,WorldOfWarcraft,Skype,0,789,0.0
EARLY_16,S12,ustc,A-2,WorldOfWarcraft,Miuref,0,789,0.0
EARLY_16,S12,ustc,A-2,WorldOfWarcraft,Neris,0,789,0.0
EARLY_16,S12,ustc,A-2,Shifu,Gmail,0,963,0.0
EARLY_16,S12,ustc,A-2,Shifu,FTP,0,963,0.0
EARLY_16,S12,ustc,A-2,Shifu,Nsis-ay,0,963,0.0
EARLY_16,S12,ustc,A-2,Shifu,Facetime,0,963,0.0
EARLY_16,S12,ustc,A-2,Shifu,Weibo,0,963,0.0
EARLY_16,S12,ustc,A-2,Shifu,Cridex,0,963,0.0
EARLY_16,S12,ustc,A-2,Shifu,Zeus,1,963,0.0010384215991692627
EARLY_16,S12,ustc,A-2,Shifu,SMB,1,963,0.0010384215991692627
EARLY_16,S12,ustc,A-2,Shifu,BitTorrent,0,963,0.0
EARLY_16,S12,ustc,A-2,Shifu,WorldOfWarcraft,0,963,0.0
EARLY_16,S12,ustc,A-2,Shifu,Shifu,958,963,0.9948078920041536
EARLY_16,S12,ustc,A-2,Shifu,Outlook,0,963,0.0
EARLY_16,S12,ustc,A-2,Shifu,Virut,0,963,0.0
EARLY_16,S12,ustc,A-2,Shifu,MySQL,0,963,0.0
EARLY_16,S12,ustc,A-2,Shifu,Skype,0,963,0.0
EARLY_16,S12,ustc,A-2,Shifu,Miuref,3,963,0.003115264797507788
EARLY_16,S12,ustc,A-2,Shifu,Neris,0,963,0.0
EARLY_16,S12,ustc,A-2,Outlook,Gmail,5,753,0.006640106241699867
EARLY_16,S12,ustc,A-2,Outlook,FTP,0,753,0.0
EARLY_16,S12,ustc,A-2,Outlook,Nsis-ay,0,753,0.0
EARLY_16,S12,ustc,A-2,Outlook,Facetime,0,753,0.0
EARLY_16,S12,ustc,A-2,Outlook,Weibo,0,753,0.0
EARLY_16,S12,ustc,A-2,Outlook,Cridex,0,753,0.0
EARLY_16,S12,ustc,A-2,Outlook,Zeus,0,753,0.0
EARLY_16,S12,ustc,A-2,Outlook,SMB,1,753,0.0013280212483399733
EARLY_16,S12,ustc,A-2,Outlook,BitTorrent,36,753,0.04780876494023904
EARLY_16,S12,ustc,A-2,Outlook,WorldOfWarcraft,0,753,0.0
EARLY_16,S12,ustc,A-2,Outlook,Shifu,0,753,0.0
EARLY_16,S12,ustc,A-2,Outlook,Outlook,706,753,0.9375830013280213
EARLY_16,S12,ustc,A-2,Outlook,Virut,0,753,0.0
EARLY_16,S12,ustc,A-2,Outlook,MySQL,1,753,0.0013280212483399733
EARLY_16,S12,ustc,A-2,Outlook,Skype,4,753,0.005312084993359893
EARLY_16,S12,ustc,A-2,Outlook,Miuref,0,753,0.0
EARLY_16,S12,ustc,A-2,Outlook,Neris,0,753,0.0
EARLY_16,S12,ustc,A-2,Virut,Gmail,0,3310,0.0
EARLY_16,S12,ustc,A-2,Virut,FTP,0,3310,0.0
EARLY_16,S12,ustc,A-2,Virut,Nsis-ay,5,3310,0.0015105740181268882
EARLY_16,S12,ustc,A-2,Virut,Facetime,0,3310,0.0
EARLY_16,S12,ustc,A-2,Virut,Weibo,0,3310,0.0
EARLY_16,S12,ustc,A-2,Virut,Cridex,0,3310,0.0
EARLY_16,S12,ustc,A-2,Virut,Zeus,2,3310,0.0006042296072507553
EARLY_16,S12,ustc,A-2,Virut,SMB,0,3310,0.0
EARLY_16,S12,ustc,A-2,Virut,BitTorrent,0,3310,0.0
EARLY_16,S12,ustc,A-2,Virut,WorldOfWarcraft,0,3310,0.0
EARLY_16,S12,ustc,A-2,Virut,Shifu,0,3310,0.0
EARLY_16,S12,ustc,A-2,Virut,Outlook,0,3310,0.0
EARLY_16,S12,ustc,A-2,Virut,Virut,2817,3310,0.8510574018126889
EARLY_16,S12,ustc,A-2,Virut,MySQL,0,3310,0.0
EARLY_16,S12,ustc,A-2,Virut,Skype,0,3310,0.0
EARLY_16,S12,ustc,A-2,Virut,Miuref,1,3310,0.00030211480362537764
EARLY_16,S12,ustc,A-2,Virut,Neris,485,3310,0.14652567975830816
EARLY_16,S12,ustc,A-2,MySQL,Gmail,6,8609,0.0006969450574979672
EARLY_16,S12,ustc,A-2,MySQL,FTP,271,8609,0.03147868509699152
EARLY_16,S12,ustc,A-2,MySQL,Nsis-ay,1,8609,0.00011615750958299454
EARLY_16,S12,ustc,A-2,MySQL,Facetime,0,8609,0.0
EARLY_16,S12,ustc,A-2,MySQL,Weibo,0,8609,0.0
EARLY_16,S12,ustc,A-2,MySQL,Cridex,0,8609,0.0
EARLY_16,S12,ustc,A-2,MySQL,Zeus,0,8609,0.0
EARLY_16,S12,ustc,A-2,MySQL,SMB,4,8609,0.00046463003833197816
EARLY_16,S12,ustc,A-2,MySQL,BitTorrent,0,8609,0.0
EARLY_16,S12,ustc,A-2,MySQL,WorldOfWarcraft,0,8609,0.0
EARLY_16,S12,ustc,A-2,MySQL,Shifu,0,8609,0.0
EARLY_16,S12,ustc,A-2,MySQL,Outlook,0,8609,0.0
EARLY_16,S12,ustc,A-2,MySQL,Virut,0,8609,0.0
EARLY_16,S12,ustc,A-2,MySQL,MySQL,8321,8609,0.9665466372400976
EARLY_16,S12,ustc,A-2,MySQL,Skype,6,8609,0.0006969450574979672
EARLY_16,S12,ustc,A-2,MySQL,Miuref,0,8609,0.0
EARLY_16,S12,ustc,A-2,MySQL,Neris,0,8609,0.0
EARLY_16,S12,ustc,A-2,Skype,Gmail,0,632,0.0
EARLY_16,S12,ustc,A-2,Skype,FTP,0,632,0.0
EARLY_16,S12,ustc,A-2,Skype,Nsis-ay,0,632,0.0
EARLY_16,S12,ustc,A-2,Skype,Facetime,0,632,0.0
EARLY_16,S12,ustc,A-2,Skype,Weibo,0,632,0.0
EARLY_16,S12,ustc,A-2,Skype,Cridex,0,632,0.0
EARLY_16,S12,ustc,A-2,Skype,Zeus,0,632,0.0
EARLY_16,S12,ustc,A-2,Skype,SMB,0,632,0.0
EARLY_16,S12,ustc,A-2,Skype,BitTorrent,0,632,0.0
EARLY_16,S12,ustc,A-2,Skype,WorldOfWarcraft,0,632,0.0
EARLY_16,S12,ustc,A-2,Skype,Shifu,0,632,0.0
EARLY_16,S12,ustc,A-2,Skype,Outlook,0,632,0.0
EARLY_16,S12,ustc,A-2,Skype,Virut,0,632,0.0
EARLY_16,S12,ustc,A-2,Skype,MySQL,0,632,0.0
EARLY_16,S12,ustc,A-2,Skype,Skype,632,632,1.0
EARLY_16,S12,ustc,A-2,Skype,Miuref,0,632,0.0
EARLY_16,S12,ustc,A-2,Skype,Neris,0,632,0.0
EARLY_16,S12,ustc,A-2,Miuref,Gmail,0,1348,0.0
EARLY_16,S12,ustc,A-2,Miuref,FTP,0,1348,0.0
EARLY_16,S12,ustc,A-2,Miuref,Nsis-ay,0,1348,0.0
EARLY_16,S12,ustc,A-2,Miuref,Facetime,0,1348,0.0
EARLY_16,S12,ustc,A-2,Miuref,Weibo,0,1348,0.0
EARLY_16,S12,ustc,A-2,Miuref,Cridex,2,1348,0.001483679525222552
EARLY_16,S12,ustc,A-2,Miuref,Zeus,0,1348,0.0
EARLY_16,S12,ustc,A-2,Miuref,SMB,0,1348,0.0
EARLY_16,S12,ustc,A-2,Miuref,BitTorrent,0,1348,0.0
EARLY_16,S12,ustc,A-2,Miuref,WorldOfWarcraft,0,1348,0.0
EARLY_16,S12,ustc,A-2,Miuref,Shifu,0,1348,0.0
EARLY_16,S12,ustc,A-2,Miuref,Outlook,0,1348,0.0
EARLY_16,S12,ustc,A-2,Miuref,Virut,0,1348,0.0
EARLY_16,S12,ustc,A-2,Miuref,MySQL,0,1348,0.0
EARLY_16,S12,ustc,A-2,Miuref,Skype,0,1348,0.0
EARLY_16,S12,ustc,A-2,Miuref,Miuref,1345,1348,0.9977744807121661
EARLY_16,S12,ustc,A-2,Miuref,Neris,1,1348,0.000741839762611276
EARLY_16,S12,ustc,A-2,Neris,Gmail,0,3379,0.0
EARLY_16,S12,ustc,A-2,Neris,FTP,0,3379,0.0
EARLY_16,S12,ustc,A-2,Neris,Nsis-ay,1,3379,0.0002959455460195324
EARLY_16,S12,ustc,A-2,Neris,Facetime,0,3379,0.0
EARLY_16,S12,ustc,A-2,Neris,Weibo,0,3379,0.0
EARLY_16,S12,ustc,A-2,Neris,Cridex,0,3379,0.0
EARLY_16,S12,ustc,A-2,Neris,Zeus,2,3379,0.0005918910920390648
EARLY_16,S12,ustc,A-2,Neris,SMB,0,3379,0.0
EARLY_16,S12,ustc,A-2,Neris,BitTorrent,0,3379,0.0
EARLY_16,S12,ustc,A-2,Neris,WorldOfWarcraft,0,3379,0.0
EARLY_16,S12,ustc,A-2,Neris,Shifu,1,3379,0.0002959455460195324
EARLY_16,S12,ustc,A-2,Neris,Outlook,0,3379,0.0
EARLY_16,S12,ustc,A-2,Neris,Virut,228,3379,0.06747558449245339
EARLY_16,S12,ustc,A-2,Neris,MySQL,0,3379,0.0
EARLY_16,S12,ustc,A-2,Neris,Skype,0,3379,0.0
EARLY_16,S12,ustc,A-2,Neris,Miuref,0,3379,0.0
EARLY_16,S12,ustc,A-2,Neris,Neris,3147,3379,0.9313406333234685
EARLY_16,S-ABCD,iscx_vpn,medium_seed2022,AIM,AIM,10,53,0.18867924528301888
EARLY_16,S-ABCD,iscx_vpn,medium_seed2022,AIM,BitTorrent,1,53,0.018867924528301886
EARLY_16,S-ABCD,iscx_vpn,medium_seed2022,AIM,Email,5,53,0.09433962264150944
EARLY_16,S-ABCD,iscx_vpn,medium_seed2022,AIM,FTPS,2,53,0.03773584905660377
EARLY_16,S-ABCD,iscx_vpn,medium_seed2022,AIM,Facebook,19,53,0.3584905660377358
EARLY_16,S-ABCD,iscx_vpn,medium_seed2022,AIM,Gmail,3,53,0.05660377358490566
EARLY_16,S-ABCD,iscx_vpn,medium_seed2022,AIM,ICQ,7,53,0.1320754716981132
EARLY_16,S-ABCD,iscx_vpn,medium_seed2022,AIM,Netflix,0,53,0.0
EARLY_16,S-ABCD,iscx_vpn,medium_seed2022,AIM,SCP,1,53,0.018867924528301886
EARLY_16,S-ABCD,iscx_vpn,medium_seed2022,AIM,SFTP,0,53,0.0
EARLY_16,S-ABCD,iscx_vpn,medium_seed2022,AIM,Spotify,0,53,0.0
EARLY_16,S-ABCD,iscx_vpn,medium_seed2022,AIM,Vimeo,0,53,0.0
EARLY_16,S-ABCD,iscx_vpn,medium_seed2022,AIM,VoIPBuster,5,53,0.09433962264150944
EARLY_16,S-ABCD,iscx_vpn,medium_seed2022,BitTorrent,AIM,0,100,0.0
EARLY_16,S-ABCD,iscx_vpn,medium_seed2022,BitTorrent,BitTorrent,99,100,0.99
EARLY_16,S-ABCD,iscx_vpn,medium_seed2022,BitTorrent,Email,0,100,0.0
EARLY_16,S-ABCD,iscx_vpn,medium_seed2022,BitTorrent,FTPS,1,100,0.01
EARLY_16,S-ABCD,iscx_vpn,medium_seed2022,BitTorrent,Facebook,0,100,0.0
EARLY_16,S-ABCD,iscx_vpn,medium_seed2022,BitTorrent,Gmail,0,100,0.0
EARLY_16,S-ABCD,iscx_vpn,medium_seed2022,BitTorrent,ICQ,0,100,0.0
EARLY_16,S-ABCD,iscx_vpn,medium_seed2022,BitTorrent,Netflix,0,100,0.0
EARLY_16,S-ABCD,iscx_vpn,medium_seed2022,BitTorrent,SCP,0,100,0.0
EARLY_16,S-ABCD,iscx_vpn,medium_seed2022,BitTorrent,SFTP,0,100,0.0
EARLY_16,S-ABCD,iscx_vpn,medium_seed2022,BitTorrent,Spotify,0,100,0.0
EARLY_16,S-ABCD,iscx_vpn,medium_seed2022,BitTorrent,Vimeo,0,100,0.0
EARLY_16,S-ABCD,iscx_vpn,medium_seed2022,BitTorrent,VoIPBuster,0,100,0.0
EARLY_16,S-ABCD,iscx_vpn,medium_seed2022,Email,AIM,2,200,0.01
EARLY_16,S-ABCD,iscx_vpn,medium_seed2022,Email,BitTorrent,8,200,0.04
EARLY_16,S-ABCD,iscx_vpn,medium_seed2022,Email,Email,74,200,0.37
EARLY_16,S-ABCD,iscx_vpn,medium_seed2022,Email,FTPS,10,200,0.05
EARLY_16,S-ABCD,iscx_vpn,medium_seed2022,Email,Facebook,77,200,0.385
EARLY_16,S-ABCD,iscx_vpn,medium_seed2022,Email,Gmail,1,200,0.005
EARLY_16,S-ABCD,iscx_vpn,medium_seed2022,Email,ICQ,4,200,0.02
EARLY_16,S-ABCD,iscx_vpn,medium_seed2022,Email,Netflix,3,200,0.015
EARLY_16,S-ABCD,iscx_vpn,medium_seed2022,Email,SCP,2,200,0.01
EARLY_16,S-ABCD,iscx_vpn,medium_seed2022,Email,SFTP,0,200,0.0
EARLY_16,S-ABCD,iscx_vpn,medium_seed2022,Email,Spotify,1,200,0.005
EARLY_16,S-ABCD,iscx_vpn,medium_seed2022,Email,Vimeo,0,200,0.0
EARLY_16,S-ABCD,iscx_vpn,medium_seed2022,Email,VoIPBuster,18,200,0.09
EARLY_16,S-ABCD,iscx_vpn,medium_seed2022,FTPS,AIM,1,200,0.005
EARLY_16,S-ABCD,iscx_vpn,medium_seed2022,FTPS,BitTorrent,22,200,0.11
EARLY_16,S-ABCD,iscx_vpn,medium_seed2022,FTPS,Email,1,200,0.005
EARLY_16,S-ABCD,iscx_vpn,medium_seed2022,FTPS,FTPS,149,200,0.745
EARLY_16,S-ABCD,iscx_vpn,medium_seed2022,FTPS,Facebook,3,200,0.015
EARLY_16,S-ABCD,iscx_vpn,medium_seed2022,FTPS,Gmail,1,200,0.005
EARLY_16,S-ABCD,iscx_vpn,medium_seed2022,FTPS,ICQ,0,200,0.0
EARLY_16,S-ABCD,iscx_vpn,medium_seed2022,FTPS,Netflix,0,200,0.0
EARLY_16,S-ABCD,iscx_vpn,medium_seed2022,FTPS,SCP,3,200,0.015
EARLY_16,S-ABCD,iscx_vpn,medium_seed2022,FTPS,SFTP,1,200,0.005
EARLY_16,S-ABCD,iscx_vpn,medium_seed2022,FTPS,Spotify,1,200,0.005
EARLY_16,S-ABCD,iscx_vpn,medium_seed2022,FTPS,Vimeo,0,200,0.0
EARLY_16,S-ABCD,iscx_vpn,medium_seed2022,FTPS,VoIPBuster,18,200,0.09
EARLY_16,S-ABCD,iscx_vpn,medium_seed2022,Facebook,AIM,4,200,0.02
EARLY_16,S-ABCD,iscx_vpn,medium_seed2022,Facebook,BitTorrent,0,200,0.0
EARLY_16,S-ABCD,iscx_vpn,medium_seed2022,Facebook,Email,9,200,0.045
EARLY_16,S-ABCD,iscx_vpn,medium_seed2022,Facebook,FTPS,0,200,0.0
EARLY_16,S-ABCD,iscx_vpn,medium_seed2022,Facebook,Facebook,133,200,0.665
EARLY_16,S-ABCD,iscx_vpn,medium_seed2022,Facebook,Gmail,2,200,0.01
EARLY_16,S-ABCD,iscx_vpn,medium_seed2022,Facebook,ICQ,3,200,0.015
EARLY_16,S-ABCD,iscx_vpn,medium_seed2022,Facebook,Netflix,0,200,0.0
EARLY_16,S-ABCD,iscx_vpn,medium_seed2022,Facebook,SCP,10,200,0.05
EARLY_16,S-ABCD,iscx_vpn,medium_seed2022,Facebook,SFTP,2,200,0.01
EARLY_16,S-ABCD,iscx_vpn,medium_seed2022,Facebook,Spotify,2,200,0.01
EARLY_16,S-ABCD,iscx_vpn,medium_seed2022,Facebook,Vimeo,1,200,0.005
EARLY_16,S-ABCD,iscx_vpn,medium_seed2022,Facebook,VoIPBuster,34,200,0.17
EARLY_16,S-ABCD,iscx_vpn,medium_seed2022,Gmail,AIM,1,54,0.018518518518518517
EARLY_16,S-ABCD,iscx_vpn,medium_seed2022,Gmail,BitTorrent,0,54,0.0
EARLY_16,S-ABCD,iscx_vpn,medium_seed2022,Gmail,Email,1,54,0.018518518518518517
EARLY_16,S-ABCD,iscx_vpn,medium_seed2022,Gmail,FTPS,7,54,0.12962962962962962
EARLY_16,S-ABCD,iscx_vpn,medium_seed2022,Gmail,Facebook,5,54,0.09259259259259259
EARLY_16,S-ABCD,iscx_vpn,medium_seed2022,Gmail,Gmail,34,54,0.6296296296296297
EARLY_16,S-ABCD,iscx_vpn,medium_seed2022,Gmail,ICQ,2,54,0.037037037037037035
EARLY_16,S-ABCD,iscx_vpn,medium_seed2022,Gmail,Netflix,0,54,0.0
EARLY_16,S-ABCD,iscx_vpn,medium_seed2022,Gmail,SCP,1,54,0.018518518518518517
EARLY_16,S-ABCD,iscx_vpn,medium_seed2022,Gmail,SFTP,0,54,0.0
EARLY_16,S-ABCD,iscx_vpn,medium_seed2022,Gmail,Spotify,2,54,0.037037037037037035
EARLY_16,S-ABCD,iscx_vpn,medium_seed2022,Gmail,Vimeo,0,54,0.0
EARLY_16,S-ABCD,iscx_vpn,medium_seed2022,Gmail,VoIPBuster,1,54,0.018518518518518517
EARLY_16,S-ABCD,iscx_vpn,medium_seed2022,ICQ,AIM,6,53,0.11320754716981132
EARLY_16,S-ABCD,iscx_vpn,medium_seed2022,ICQ,BitTorrent,0,53,0.0
EARLY_16,S-ABCD,iscx_vpn,medium_seed2022,ICQ,Email,3,53,0.05660377358490566
EARLY_16,S-ABCD,iscx_vpn,medium_seed2022,ICQ,FTPS,1,53,0.018867924528301886
EARLY_16,S-ABCD,iscx_vpn,medium_seed2022,ICQ,Facebook,24,53,0.4528301886792453
EARLY_16,S-ABCD,iscx_vpn,medium_seed2022,ICQ,Gmail,1,53,0.018867924528301886
EARLY_16,S-ABCD,iscx_vpn,medium_seed2022,ICQ,ICQ,13,53,0.24528301886792453
EARLY_16,S-ABCD,iscx_vpn,medium_seed2022,ICQ,Netflix,0,53,0.0
EARLY_16,S-ABCD,iscx_vpn,medium_seed2022,ICQ,SCP,2,53,0.03773584905660377
EARLY_16,S-ABCD,iscx_vpn,medium_seed2022,ICQ,SFTP,0,53,0.0
EARLY_16,S-ABCD,iscx_vpn,medium_seed2022,ICQ,Spotify,0,53,0.0
EARLY_16,S-ABCD,iscx_vpn,medium_seed2022,ICQ,Vimeo,0,53,0.0
EARLY_16,S-ABCD,iscx_vpn,medium_seed2022,ICQ,VoIPBuster,3,53,0.05660377358490566
EARLY_16,S-ABCD,iscx_vpn,medium_seed2022,Netflix,AIM,0,118,0.0
EARLY_16,S-ABCD,iscx_vpn,medium_seed2022,Netflix,BitTorrent,29,118,0.2457627118644068
EARLY_16,S-ABCD,iscx_vpn,medium_seed2022,Netflix,Email,1,118,0.00847457627118644
EARLY_16,S-ABCD,iscx_vpn,medium_seed2022,Netflix,FTPS,1,118,0.00847457627118644
EARLY_16,S-ABCD,iscx_vpn,medium_seed2022,Netflix,Facebook,0,118,0.0
EARLY_16,S-ABCD,iscx_vpn,medium_seed2022,Netflix,Gmail,0,118,0.0
EARLY_16,S-ABCD,iscx_vpn,medium_seed2022,Netflix,ICQ,0,118,0.0
EARLY_16,S-ABCD,iscx_vpn,medium_seed2022,Netflix,Netflix,61,118,0.5169491525423728
EARLY_16,S-ABCD,iscx_vpn,medium_seed2022,Netflix,SCP,4,118,0.03389830508474576
EARLY_16,S-ABCD,iscx_vpn,medium_seed2022,Netflix,SFTP,1,118,0.00847457627118644
EARLY_16,S-ABCD,iscx_vpn,medium_seed2022,Netflix,Spotify,11,118,0.09322033898305085
EARLY_16,S-ABCD,iscx_vpn,medium_seed2022,Netflix,Vimeo,10,118,0.0847457627118644
EARLY_16,S-ABCD,iscx_vpn,medium_seed2022,Netflix,VoIPBuster,0,118,0.0
EARLY_16,S-ABCD,iscx_vpn,medium_seed2022,SCP,AIM,1,200,0.005
EARLY_16,S-ABCD,iscx_vpn,medium_seed2022,SCP,BitTorrent,0,200,0.0
EARLY_16,S-ABCD,iscx_vpn,medium_seed2022,SCP,Email,11,200,0.055
EARLY_16,S-ABCD,iscx_vpn,medium_seed2022,SCP,FTPS,9,200,0.045
EARLY_16,S-ABCD,iscx_vpn,medium_seed2022,SCP,Facebook,68,200,0.34
EARLY_16,S-ABCD,iscx_vpn,medium_seed2022,SCP,Gmail,0,200,0.0
EARLY_16,S-ABCD,iscx_vpn,medium_seed2022,SCP,ICQ,1,200,0.005
EARLY_16,S-ABCD,iscx_vpn,medium_seed2022,SCP,Netflix,33,200,0.165
EARLY_16,S-ABCD,iscx_vpn,medium_seed2022,SCP,SCP,56,200,0.28
EARLY_16,S-ABCD,iscx_vpn,medium_seed2022,SCP,SFTP,0,200,0.0
EARLY_16,S-ABCD,iscx_vpn,medium_seed2022,SCP,Spotify,1,200,0.005
EARLY_16,S-ABCD,iscx_vpn,medium_seed2022,SCP,Vimeo,0,200,0.0
EARLY_16,S-ABCD,iscx_vpn,medium_seed2022,SCP,VoIPBuster,20,200,0.1
EARLY_16,S-ABCD,iscx_vpn,medium_seed2022,SFTP,AIM,0,31,0.0
EARLY_16,S-ABCD,iscx_vpn,medium_seed2022,SFTP,BitTorrent,3,31,0.0967741935483871
EARLY_16,S-ABCD,iscx_vpn,medium_seed2022,SFTP,Email,2,31,0.06451612903225806
EARLY_16,S-ABCD,iscx_vpn,medium_seed2022,SFTP,FTPS,6,31,0.1935483870967742
EARLY_16,S-ABCD,iscx_vpn,medium_seed2022,SFTP,Facebook,0,31,0.0
EARLY_16,S-ABCD,iscx_vpn,medium_seed2022,SFTP,Gmail,0,31,0.0
EARLY_16,S-ABCD,iscx_vpn,medium_seed2022,SFTP,ICQ,0,31,0.0
EARLY_16,S-ABCD,iscx_vpn,medium_seed2022,SFTP,Netflix,2,31,0.06451612903225806
EARLY_16,S-ABCD,iscx_vpn,medium_seed2022,SFTP,SCP,2,31,0.06451612903225806
EARLY_16,S-ABCD,iscx_vpn,medium_seed2022,SFTP,SFTP,12,31,0.3870967741935484
EARLY_16,S-ABCD,iscx_vpn,medium_seed2022,SFTP,Spotify,3,31,0.0967741935483871
EARLY_16,S-ABCD,iscx_vpn,medium_seed2022,SFTP,Vimeo,0,31,0.0
EARLY_16,S-ABCD,iscx_vpn,medium_seed2022,SFTP,VoIPBuster,1,31,0.03225806451612903
EARLY_16,S-ABCD,iscx_vpn,medium_seed2022,Spotify,AIM,0,79,0.0
EARLY_16,S-ABCD,iscx_vpn,medium_seed2022,Spotify,BitTorrent,12,79,0.1518987341772152
EARLY_16,S-ABCD,iscx_vpn,medium_seed2022,Spotify,Email,0,79,0.0
EARLY_16,S-ABCD,iscx_vpn,medium_seed2022,Spotify,FTPS,3,79,0.0379746835443038
EARLY_16,S-ABCD,iscx_vpn,medium_seed2022,Spotify,Facebook,0,79,0.0
EARLY_16,S-ABCD,iscx_vpn,medium_seed2022,Spotify,Gmail,1,79,0.012658227848101266
EARLY_16,S-ABCD,iscx_vpn,medium_seed2022,Spotify,ICQ,0,79,0.0
EARLY_16,S-ABCD,iscx_vpn,medium_seed2022,Spotify,Netflix,19,79,0.24050632911392406
EARLY_16,S-ABCD,iscx_vpn,medium_seed2022,Spotify,SCP,1,79,0.012658227848101266
EARLY_16,S-ABCD,iscx_vpn,medium_seed2022,Spotify,SFTP,0,79,0.0
EARLY_16,S-ABCD,iscx_vpn,medium_seed2022,Spotify,Spotify,34,79,0.43037974683544306
EARLY_16,S-ABCD,iscx_vpn,medium_seed2022,Spotify,Vimeo,8,79,0.10126582278481013
EARLY_16,S-ABCD,iscx_vpn,medium_seed2022,Spotify,VoIPBuster,1,79,0.012658227848101266
EARLY_16,S-ABCD,iscx_vpn,medium_seed2022,Vimeo,AIM,1,123,0.008130081300813009
EARLY_16,S-ABCD,iscx_vpn,medium_seed2022,Vimeo,BitTorrent,10,123,0.08130081300813008
EARLY_16,S-ABCD,iscx_vpn,medium_seed2022,Vimeo,Email,0,123,0.0
EARLY_16,S-ABCD,iscx_vpn,medium_seed2022,Vimeo,FTPS,3,123,0.024390243902439025
EARLY_16,S-ABCD,iscx_vpn,medium_seed2022,Vimeo,Facebook,0,123,0.0
EARLY_16,S-ABCD,iscx_vpn,medium_seed2022,Vimeo,Gmail,1,123,0.008130081300813009
EARLY_16,S-ABCD,iscx_vpn,medium_seed2022,Vimeo,ICQ,0,123,0.0
EARLY_16,S-ABCD,iscx_vpn,medium_seed2022,Vimeo,Netflix,35,123,0.2845528455284553
EARLY_16,S-ABCD,iscx_vpn,medium_seed2022,Vimeo,SCP,7,123,0.056910569105691054
EARLY_16,S-ABCD,iscx_vpn,medium_seed2022,Vimeo,SFTP,0,123,0.0
EARLY_16,S-ABCD,iscx_vpn,medium_seed2022,Vimeo,Spotify,11,123,0.08943089430894309
EARLY_16,S-ABCD,iscx_vpn,medium_seed2022,Vimeo,Vimeo,55,123,0.44715447154471544
EARLY_16,S-ABCD,iscx_vpn,medium_seed2022,Vimeo,VoIPBuster,0,123,0.0
EARLY_16,S-ABCD,iscx_vpn,medium_seed2022,VoIPBuster,AIM,1,200,0.005
EARLY_16,S-ABCD,iscx_vpn,medium_seed2022,VoIPBuster,BitTorrent,0,200,0.0
EARLY_16,S-ABCD,iscx_vpn,medium_seed2022,VoIPBuster,Email,6,200,0.03
EARLY_16,S-ABCD,iscx_vpn,medium_seed2022,VoIPBuster,FTPS,39,200,0.195
EARLY_16,S-ABCD,iscx_vpn,medium_seed2022,VoIPBuster,Facebook,40,200,0.2
EARLY_16,S-ABCD,iscx_vpn,medium_seed2022,VoIPBuster,Gmail,1,200,0.005
EARLY_16,S-ABCD,iscx_vpn,medium_seed2022,VoIPBuster,ICQ,6,200,0.03
EARLY_16,S-ABCD,iscx_vpn,medium_seed2022,VoIPBuster,Netflix,2,200,0.01
EARLY_16,S-ABCD,iscx_vpn,medium_seed2022,VoIPBuster,SCP,11,200,0.055
EARLY_16,S-ABCD,iscx_vpn,medium_seed2022,VoIPBuster,SFTP,0,200,0.0
EARLY_16,S-ABCD,iscx_vpn,medium_seed2022,VoIPBuster,Spotify,2,200,0.01
EARLY_16,S-ABCD,iscx_vpn,medium_seed2022,VoIPBuster,Vimeo,0,200,0.0
EARLY_16,S-ABCD,iscx_vpn,medium_seed2022,VoIPBuster,VoIPBuster,92,200,0.46
EARLY_16,S-ABCD,iscx_tor,medium_seed2022,Browsing,Browsing,92,200,0.46
EARLY_16,S-ABCD,iscx_tor,medium_seed2022,Browsing,Email,2,200,0.01
EARLY_16,S-ABCD,iscx_tor,medium_seed2022,Browsing,FTP,89,200,0.445
EARLY_16,S-ABCD,iscx_tor,medium_seed2022,Browsing,Facebook,4,200,0.02
EARLY_16,S-ABCD,iscx_tor,medium_seed2022,Browsing,Hangouts,0,200,0.0
EARLY_16,S-ABCD,iscx_tor,medium_seed2022,Browsing,Spotify,0,200,0.0
EARLY_16,S-ABCD,iscx_tor,medium_seed2022,Browsing,Vimeo,5,200,0.025
EARLY_16,S-ABCD,iscx_tor,medium_seed2022,Browsing,YouTube,8,200,0.04
EARLY_16,S-ABCD,iscx_tor,medium_seed2022,Email,Browsing,1,54,0.018518518518518517
EARLY_16,S-ABCD,iscx_tor,medium_seed2022,Email,Email,30,54,0.5555555555555556
EARLY_16,S-ABCD,iscx_tor,medium_seed2022,Email,FTP,19,54,0.35185185185185186
EARLY_16,S-ABCD,iscx_tor,medium_seed2022,Email,Facebook,1,54,0.018518518518518517
EARLY_16,S-ABCD,iscx_tor,medium_seed2022,Email,Hangouts,1,54,0.018518518518518517
EARLY_16,S-ABCD,iscx_tor,medium_seed2022,Email,Spotify,0,54,0.0
EARLY_16,S-ABCD,iscx_tor,medium_seed2022,Email,Vimeo,0,54,0.0
EARLY_16,S-ABCD,iscx_tor,medium_seed2022,Email,YouTube,2,54,0.037037037037037035
EARLY_16,S-ABCD,iscx_tor,medium_seed2022,FTP,Browsing,1,200,0.005
EARLY_16,S-ABCD,iscx_tor,medium_seed2022,FTP,Email,0,200,0.0
EARLY_16,S-ABCD,iscx_tor,medium_seed2022,FTP,FTP,197,200,0.985
EARLY_16,S-ABCD,iscx_tor,medium_seed2022,FTP,Facebook,0,200,0.0
EARLY_16,S-ABCD,iscx_tor,medium_seed2022,FTP,Hangouts,1,200,0.005
EARLY_16,S-ABCD,iscx_tor,medium_seed2022,FTP,Spotify,1,200,0.005
EARLY_16,S-ABCD,iscx_tor,medium_seed2022,FTP,Vimeo,0,200,0.0
EARLY_16,S-ABCD,iscx_tor,medium_seed2022,FTP,YouTube,0,200,0.0
EARLY_16,S-ABCD,iscx_tor,medium_seed2022,Facebook,Browsing,4,85,0.047058823529411764
EARLY_16,S-ABCD,iscx_tor,medium_seed2022,Facebook,Email,1,85,0.011764705882352941
EARLY_16,S-ABCD,iscx_tor,medium_seed2022,Facebook,FTP,35,85,0.4117647058823529
EARLY_16,S-ABCD,iscx_tor,medium_seed2022,Facebook,Facebook,28,85,0.32941176470588235
EARLY_16,S-ABCD,iscx_tor,medium_seed2022,Facebook,Hangouts,6,85,0.07058823529411765
EARLY_16,S-ABCD,iscx_tor,medium_seed2022,Facebook,Spotify,0,85,0.0
EARLY_16,S-ABCD,iscx_tor,medium_seed2022,Facebook,Vimeo,4,85,0.047058823529411764
EARLY_16,S-ABCD,iscx_tor,medium_seed2022,Facebook,YouTube,7,85,0.08235294117647059
EARLY_16,S-ABCD,iscx_tor,medium_seed2022,Hangouts,Browsing,3,69,0.043478260869565216
EARLY_16,S-ABCD,iscx_tor,medium_seed2022,Hangouts,Email,0,69,0.0
EARLY_16,S-ABCD,iscx_tor,medium_seed2022,Hangouts,FTP,26,69,0.37681159420289856
EARLY_16,S-ABCD,iscx_tor,medium_seed2022,Hangouts,Facebook,4,69,0.057971014492753624
EARLY_16,S-ABCD,iscx_tor,medium_seed2022,Hangouts,Hangouts,19,69,0.2753623188405797
EARLY_16,S-ABCD,iscx_tor,medium_seed2022,Hangouts,Spotify,1,69,0.014492753623188406
EARLY_16,S-ABCD,iscx_tor,medium_seed2022,Hangouts,Vimeo,11,69,0.15942028985507245
EARLY_16,S-ABCD,iscx_tor,medium_seed2022,Hangouts,YouTube,5,69,0.07246376811594203
EARLY_16,S-ABCD,iscx_tor,medium_seed2022,Spotify,Browsing,2,147,0.013605442176870748
EARLY_16,S-ABCD,iscx_tor,medium_seed2022,Spotify,Email,0,147,0.0
EARLY_16,S-ABCD,iscx_tor,medium_seed2022,Spotify,FTP,72,147,0.4897959183673469
EARLY_16,S-ABCD,iscx_tor,medium_seed2022,Spotify,Facebook,4,147,0.027210884353741496
EARLY_16,S-ABCD,iscx_tor,medium_seed2022,Spotify,Hangouts,2,147,0.013605442176870748
EARLY_16,S-ABCD,iscx_tor,medium_seed2022,Spotify,Spotify,66,147,0.4489795918367347
EARLY_16,S-ABCD,iscx_tor,medium_seed2022,Spotify,Vimeo,0,147,0.0
EARLY_16,S-ABCD,iscx_tor,medium_seed2022,Spotify,YouTube,1,147,0.006802721088435374
EARLY_16,S-ABCD,iscx_tor,medium_seed2022,Vimeo,Browsing,4,152,0.02631578947368421
EARLY_16,S-ABCD,iscx_tor,medium_seed2022,Vimeo,Email,0,152,0.0
EARLY_16,S-ABCD,iscx_tor,medium_seed2022,Vimeo,FTP,55,152,0.3618421052631579
EARLY_16,S-ABCD,iscx_tor,medium_seed2022,Vimeo,Facebook,0,152,0.0
EARLY_16,S-ABCD,iscx_tor,medium_seed2022,Vimeo,Hangouts,2,152,0.013157894736842105
EARLY_16,S-ABCD,iscx_tor,medium_seed2022,Vimeo,Spotify,7,152,0.046052631578947366
EARLY_16,S-ABCD,iscx_tor,medium_seed2022,Vimeo,Vimeo,67,152,0.4407894736842105
EARLY_16,S-ABCD,iscx_tor,medium_seed2022,Vimeo,YouTube,17,152,0.1118421052631579
EARLY_16,S-ABCD,iscx_tor,medium_seed2022,YouTube,Browsing,8,200,0.04
EARLY_16,S-ABCD,iscx_tor,medium_seed2022,YouTube,Email,2,200,0.01
EARLY_16,S-ABCD,iscx_tor,medium_seed2022,YouTube,FTP,73,200,0.365
EARLY_16,S-ABCD,iscx_tor,medium_seed2022,YouTube,Facebook,0,200,0.0
EARLY_16,S-ABCD,iscx_tor,medium_seed2022,YouTube,Hangouts,1,200,0.005
EARLY_16,S-ABCD,iscx_tor,medium_seed2022,YouTube,Spotify,1,200,0.005
EARLY_16,S-ABCD,iscx_tor,medium_seed2022,YouTube,Vimeo,15,200,0.075
EARLY_16,S-ABCD,iscx_tor,medium_seed2022,YouTube,YouTube,100,200,0.5
EARLY_16,S-ABCD,vnat,medium_seed2025,netflix,netflix,19,20,0.95
EARLY_16,S-ABCD,vnat,medium_seed2025,netflix,rdp,0,20,0.0
EARLY_16,S-ABCD,vnat,medium_seed2025,netflix,rsync,0,20,0.0
EARLY_16,S-ABCD,vnat,medium_seed2025,netflix,scp,0,20,0.0
EARLY_16,S-ABCD,vnat,medium_seed2025,netflix,skype,0,20,0.0
EARLY_16,S-ABCD,vnat,medium_seed2025,netflix,ssh,0,20,0.0
EARLY_16,S-ABCD,vnat,medium_seed2025,netflix,youtube,1,20,0.05
EARLY_16,S-ABCD,vnat,medium_seed2025,rdp,netflix,0,4,0.0
EARLY_16,S-ABCD,vnat,medium_seed2025,rdp,rdp,3,4,0.75
EARLY_16,S-ABCD,vnat,medium_seed2025,rdp,rsync,0,4,0.0
EARLY_16,S-ABCD,vnat,medium_seed2025,rdp,scp,0,4,0.0
EARLY_16,S-ABCD,vnat,medium_seed2025,rdp,skype,0,4,0.0
EARLY_16,S-ABCD,vnat,medium_seed2025,rdp,ssh,1,4,0.25
EARLY_16,S-ABCD,vnat,medium_seed2025,rdp,youtube,0,4,0.0
EARLY_16,S-ABCD,vnat,medium_seed2025,rsync,netflix,0,191,0.0
EARLY_16,S-ABCD,vnat,medium_seed2025,rsync,rdp,0,191,0.0
EARLY_16,S-ABCD,vnat,medium_seed2025,rsync,rsync,56,191,0.2931937172774869
EARLY_16,S-ABCD,vnat,medium_seed2025,rsync,scp,134,191,0.7015706806282722
EARLY_16,S-ABCD,vnat,medium_seed2025,rsync,skype,0,191,0.0
EARLY_16,S-ABCD,vnat,medium_seed2025,rsync,ssh,1,191,0.005235602094240838
EARLY_16,S-ABCD,vnat,medium_seed2025,rsync,youtube,0,191,0.0
EARLY_16,S-ABCD,vnat,medium_seed2025,scp,netflix,0,229,0.0
EARLY_16,S-ABCD,vnat,medium_seed2025,scp,rdp,0,229,0.0
EARLY_16,S-ABCD,vnat,medium_seed2025,scp,rsync,48,229,0.2096069868995633
EARLY_16,S-ABCD,vnat,medium_seed2025,scp,scp,179,229,0.7816593886462883
EARLY_16,S-ABCD,vnat,medium_seed2025,scp,skype,0,229,0.0
EARLY_16,S-ABCD,vnat,medium_seed2025,scp,ssh,2,229,0.008733624454148471
EARLY_16,S-ABCD,vnat,medium_seed2025,scp,youtube,0,229,0.0
EARLY_16,S-ABCD,vnat,medium_seed2025,skype,netflix,0,126,0.0
EARLY_16,S-ABCD,vnat,medium_seed2025,skype,rdp,0,126,0.0
EARLY_16,S-ABCD,vnat,medium_seed2025,skype,rsync,0,126,0.0
EARLY_16,S-ABCD,vnat,medium_seed2025,skype,scp,0,126,0.0
EARLY_16,S-ABCD,vnat,medium_seed2025,skype,skype,126,126,1.0
EARLY_16,S-ABCD,vnat,medium_seed2025,skype,ssh,0,126,0.0
EARLY_16,S-ABCD,vnat,medium_seed2025,skype,youtube,0,126,0.0
EARLY_16,S-ABCD,vnat,medium_seed2025,ssh,netflix,0,1356,0.0
EARLY_16,S-ABCD,vnat,medium_seed2025,ssh,rdp,0,1356,0.0
EARLY_16,S-ABCD,vnat,medium_seed2025,ssh,rsync,2,1356,0.0014749262536873156
EARLY_16,S-ABCD,vnat,medium_seed2025,ssh,scp,1,1356,0.0007374631268436578
EARLY_16,S-ABCD,vnat,medium_seed2025,ssh,skype,0,1356,0.0
EARLY_16,S-ABCD,vnat,medium_seed2025,ssh,ssh,1353,1356,0.9977876106194691
EARLY_16,S-ABCD,vnat,medium_seed2025,ssh,youtube,0,1356,0.0
EARLY_16,S-ABCD,vnat,medium_seed2025,youtube,netflix,4,34,0.11764705882352941
EARLY_16,S-ABCD,vnat,medium_seed2025,youtube,rdp,1,34,0.029411764705882353
EARLY_16,S-ABCD,vnat,medium_seed2025,youtube,rsync,0,34,0.0
EARLY_16,S-ABCD,vnat,medium_seed2025,youtube,scp,0,34,0.0
EARLY_16,S-ABCD,vnat,medium_seed2025,youtube,skype,0,34,0.0
EARLY_16,S-ABCD,vnat,medium_seed2025,youtube,ssh,0,34,0.0
EARLY_16,S-ABCD,vnat,medium_seed2025,youtube,youtube,29,34,0.8529411764705882
EARLY_16,S-ABCD,vnat,medium_seed2026,netflix,netflix,14,20,0.7
EARLY_16,S-ABCD,vnat,medium_seed2026,netflix,rdp,0,20,0.0
EARLY_16,S-ABCD,vnat,medium_seed2026,netflix,rsync,0,20,0.0
EARLY_16,S-ABCD,vnat,medium_seed2026,netflix,skype,0,20,0.0
EARLY_16,S-ABCD,vnat,medium_seed2026,netflix,ssh,0,20,0.0
EARLY_16,S-ABCD,vnat,medium_seed2026,netflix,vimeo,6,20,0.3
EARLY_16,S-ABCD,vnat,medium_seed2026,netflix,zoiper,0,20,0.0
EARLY_16,S-ABCD,vnat,medium_seed2026,rdp,netflix,0,4,0.0
EARLY_16,S-ABCD,vnat,medium_seed2026,rdp,rdp,3,4,0.75
EARLY_16,S-ABCD,vnat,medium_seed2026,rdp,rsync,0,4,0.0
EARLY_16,S-ABCD,vnat,medium_seed2026,rdp,skype,0,4,0.0
EARLY_16,S-ABCD,vnat,medium_seed2026,rdp,ssh,1,4,0.25
EARLY_16,S-ABCD,vnat,medium_seed2026,rdp,vimeo,0,4,0.0
EARLY_16,S-ABCD,vnat,medium_seed2026,rdp,zoiper,0,4,0.0
EARLY_16,S-ABCD,vnat,medium_seed2026,rsync,netflix,0,191,0.0
EARLY_16,S-ABCD,vnat,medium_seed2026,rsync,rdp,0,191,0.0
EARLY_16,S-ABCD,vnat,medium_seed2026,rsync,rsync,185,191,0.9685863874345549
EARLY_16,S-ABCD,vnat,medium_seed2026,rsync,skype,0,191,0.0
EARLY_16,S-ABCD,vnat,medium_seed2026,rsync,ssh,6,191,0.031413612565445025
EARLY_16,S-ABCD,vnat,medium_seed2026,rsync,vimeo,0,191,0.0
EARLY_16,S-ABCD,vnat,medium_seed2026,rsync,zoiper,0,191,0.0
EARLY_16,S-ABCD,vnat,medium_seed2026,skype,netflix,0,126,0.0
EARLY_16,S-ABCD,vnat,medium_seed2026,skype,rdp,0,126,0.0
EARLY_16,S-ABCD,vnat,medium_seed2026,skype,rsync,0,126,0.0
EARLY_16,S-ABCD,vnat,medium_seed2026,skype,skype,126,126,1.0
EARLY_16,S-ABCD,vnat,medium_seed2026,skype,ssh,0,126,0.0
EARLY_16,S-ABCD,vnat,medium_seed2026,skype,vimeo,0,126,0.0
EARLY_16,S-ABCD,vnat,medium_seed2026,skype,zoiper,0,126,0.0
EARLY_16,S-ABCD,vnat,medium_seed2026,ssh,netflix,0,1356,0.0
EARLY_16,S-ABCD,vnat,medium_seed2026,ssh,rdp,0,1356,0.0
EARLY_16,S-ABCD,vnat,medium_seed2026,ssh,rsync,0,1356,0.0
EARLY_16,S-ABCD,vnat,medium_seed2026,ssh,skype,1,1356,0.0007374631268436578
EARLY_16,S-ABCD,vnat,medium_seed2026,ssh,ssh,1355,1356,0.9992625368731564
EARLY_16,S-ABCD,vnat,medium_seed2026,ssh,vimeo,0,1356,0.0
EARLY_16,S-ABCD,vnat,medium_seed2026,ssh,zoiper,0,1356,0.0
EARLY_16,S-ABCD,vnat,medium_seed2026,vimeo,netflix,2,121,0.01652892561983471
EARLY_16,S-ABCD,vnat,medium_seed2026,vimeo,rdp,0,121,0.0
EARLY_16,S-ABCD,vnat,medium_seed2026,vimeo,rsync,0,121,0.0
EARLY_16,S-ABCD,vnat,medium_seed2026,vimeo,skype,0,121,0.0
EARLY_16,S-ABCD,vnat,medium_seed2026,vimeo,ssh,0,121,0.0
EARLY_16,S-ABCD,vnat,medium_seed2026,vimeo,vimeo,119,121,0.9834710743801653
EARLY_16,S-ABCD,vnat,medium_seed2026,vimeo,zoiper,0,121,0.0
EARLY_16,S-ABCD,vnat,medium_seed2026,zoiper,netflix,0,93,0.0
EARLY_16,S-ABCD,vnat,medium_seed2026,zoiper,rdp,0,93,0.0
EARLY_16,S-ABCD,vnat,medium_seed2026,zoiper,rsync,1,93,0.010752688172043012
EARLY_16,S-ABCD,vnat,medium_seed2026,zoiper,skype,0,93,0.0
EARLY_16,S-ABCD,vnat,medium_seed2026,zoiper,ssh,0,93,0.0
EARLY_16,S-ABCD,vnat,medium_seed2026,zoiper,vimeo,0,93,0.0
EARLY_16,S-ABCD,vnat,medium_seed2026,zoiper,zoiper,92,93,0.989247311827957
EARLY_16,S-ABCD,ustc,A-2,Gmail,Gmail,696,863,0.8064889918887601
EARLY_16,S-ABCD,ustc,A-2,Gmail,FTP,14,863,0.016222479721900347
EARLY_16,S-ABCD,ustc,A-2,Gmail,Nsis-ay,0,863,0.0
EARLY_16,S-ABCD,ustc,A-2,Gmail,Facetime,0,863,0.0
EARLY_16,S-ABCD,ustc,A-2,Gmail,Weibo,0,863,0.0
EARLY_16,S-ABCD,ustc,A-2,Gmail,Cridex,0,863,0.0
EARLY_16,S-ABCD,ustc,A-2,Gmail,Zeus,0,863,0.0
EARLY_16,S-ABCD,ustc,A-2,Gmail,SMB,3,863,0.0034762456546929316
EARLY_16,S-ABCD,ustc,A-2,Gmail,BitTorrent,4,863,0.004634994206257242
EARLY_16,S-ABCD,ustc,A-2,Gmail,WorldOfWarcraft,1,863,0.0011587485515643105
EARLY_16,S-ABCD,ustc,A-2,Gmail,Shifu,0,863,0.0
EARLY_16,S-ABCD,ustc,A-2,Gmail,Outlook,60,863,0.06952491309385864
EARLY_16,S-ABCD,ustc,A-2,Gmail,Virut,0,863,0.0
EARLY_16,S-ABCD,ustc,A-2,Gmail,MySQL,79,863,0.09154113557358054
EARLY_16,S-ABCD,ustc,A-2,Gmail,Skype,6,863,0.006952491309385863
EARLY_16,S-ABCD,ustc,A-2,Gmail,Miuref,0,863,0.0
EARLY_16,S-ABCD,ustc,A-2,Gmail,Neris,0,863,0.0
EARLY_16,S-ABCD,ustc,A-2,FTP,Gmail,5,10103,0.0004949025042066713
EARLY_16,S-ABCD,ustc,A-2,FTP,FTP,10011,10103,0.9908937939225972
EARLY_16,S-ABCD,ustc,A-2,FTP,Nsis-ay,0,10103,0.0
EARLY_16,S-ABCD,ustc,A-2,FTP,Facetime,0,10103,0.0
EARLY_16,S-ABCD,ustc,A-2,FTP,Weibo,0,10103,0.0
EARLY_16,S-ABCD,ustc,A-2,FTP,Cridex,0,10103,0.0
EARLY_16,S-ABCD,ustc,A-2,FTP,Zeus,0,10103,0.0
EARLY_16,S-ABCD,ustc,A-2,FTP,SMB,1,10103,9.898050084133426e-05
EARLY_16,S-ABCD,ustc,A-2,FTP,BitTorrent,0,10103,0.0
EARLY_16,S-ABCD,ustc,A-2,FTP,WorldOfWarcraft,0,10103,0.0
EARLY_16,S-ABCD,ustc,A-2,FTP,Shifu,0,10103,0.0
EARLY_16,S-ABCD,ustc,A-2,FTP,Outlook,0,10103,0.0
EARLY_16,S-ABCD,ustc,A-2,FTP,Virut,0,10103,0.0
EARLY_16,S-ABCD,ustc,A-2,FTP,MySQL,85,10103,0.008413342571513412
EARLY_16,S-ABCD,ustc,A-2,FTP,Skype,1,10103,9.898050084133426e-05
EARLY_16,S-ABCD,ustc,A-2,FTP,Miuref,0,10103,0.0
EARLY_16,S-ABCD,ustc,A-2,FTP,Neris,0,10103,0.0
EARLY_16,S-ABCD,ustc,A-2,Nsis-ay,Gmail,0,607,0.0
EARLY_16,S-ABCD,ustc,A-2,Nsis-ay,FTP,0,607,0.0
EARLY_16,S-ABCD,ustc,A-2,Nsis-ay,Nsis-ay,605,607,0.9967051070840197
EARLY_16,S-ABCD,ustc,A-2,Nsis-ay,Facetime,0,607,0.0
EARLY_16,S-ABCD,ustc,A-2,Nsis-ay,Weibo,0,607,0.0
EARLY_16,S-ABCD,ustc,A-2,Nsis-ay,Cridex,0,607,0.0
EARLY_16,S-ABCD,ustc,A-2,Nsis-ay,Zeus,0,607,0.0
EARLY_16,S-ABCD,ustc,A-2,Nsis-ay,SMB,0,607,0.0
EARLY_16,S-ABCD,ustc,A-2,Nsis-ay,BitTorrent,0,607,0.0
EARLY_16,S-ABCD,ustc,A-2,Nsis-ay,WorldOfWarcraft,0,607,0.0
EARLY_16,S-ABCD,ustc,A-2,Nsis-ay,Shifu,0,607,0.0
EARLY_16,S-ABCD,ustc,A-2,Nsis-ay,Outlook,0,607,0.0
EARLY_16,S-ABCD,ustc,A-2,Nsis-ay,Virut,2,607,0.0032948929159802307
EARLY_16,S-ABCD,ustc,A-2,Nsis-ay,MySQL,0,607,0.0
EARLY_16,S-ABCD,ustc,A-2,Nsis-ay,Skype,0,607,0.0
EARLY_16,S-ABCD,ustc,A-2,Nsis-ay,Miuref,0,607,0.0
EARLY_16,S-ABCD,ustc,A-2,Nsis-ay,Neris,0,607,0.0
EARLY_16,S-ABCD,ustc,A-2,Facetime,Gmail,0,600,0.0
EARLY_16,S-ABCD,ustc,A-2,Facetime,FTP,0,600,0.0
EARLY_16,S-ABCD,ustc,A-2,Facetime,Nsis-ay,0,600,0.0
EARLY_16,S-ABCD,ustc,A-2,Facetime,Facetime,600,600,1.0
EARLY_16,S-ABCD,ustc,A-2,Facetime,Weibo,0,600,0.0
EARLY_16,S-ABCD,ustc,A-2,Facetime,Cridex,0,600,0.0
EARLY_16,S-ABCD,ustc,A-2,Facetime,Zeus,0,600,0.0
EARLY_16,S-ABCD,ustc,A-2,Facetime,SMB,0,600,0.0
EARLY_16,S-ABCD,ustc,A-2,Facetime,BitTorrent,0,600,0.0
EARLY_16,S-ABCD,ustc,A-2,Facetime,WorldOfWarcraft,0,600,0.0
EARLY_16,S-ABCD,ustc,A-2,Facetime,Shifu,0,600,0.0
EARLY_16,S-ABCD,ustc,A-2,Facetime,Outlook,0,600,0.0
EARLY_16,S-ABCD,ustc,A-2,Facetime,Virut,0,600,0.0
EARLY_16,S-ABCD,ustc,A-2,Facetime,MySQL,0,600,0.0
EARLY_16,S-ABCD,ustc,A-2,Facetime,Skype,0,600,0.0
EARLY_16,S-ABCD,ustc,A-2,Facetime,Miuref,0,600,0.0
EARLY_16,S-ABCD,ustc,A-2,Facetime,Neris,0,600,0.0
EARLY_16,S-ABCD,ustc,A-2,Weibo,Gmail,0,3995,0.0
EARLY_16,S-ABCD,ustc,A-2,Weibo,FTP,0,3995,0.0
EARLY_16,S-ABCD,ustc,A-2,Weibo,Nsis-ay,0,3995,0.0
EARLY_16,S-ABCD,ustc,A-2,Weibo,Facetime,0,3995,0.0
EARLY_16,S-ABCD,ustc,A-2,Weibo,Weibo,3243,3995,0.8117647058823529
EARLY_16,S-ABCD,ustc,A-2,Weibo,Cridex,0,3995,0.0
EARLY_16,S-ABCD,ustc,A-2,Weibo,Zeus,0,3995,0.0
EARLY_16,S-ABCD,ustc,A-2,Weibo,SMB,744,3995,0.1862327909887359
EARLY_16,S-ABCD,ustc,A-2,Weibo,BitTorrent,0,3995,0.0
EARLY_16,S-ABCD,ustc,A-2,Weibo,WorldOfWarcraft,0,3995,0.0
EARLY_16,S-ABCD,ustc,A-2,Weibo,Shifu,0,3995,0.0
EARLY_16,S-ABCD,ustc,A-2,Weibo,Outlook,0,3995,0.0
EARLY_16,S-ABCD,ustc,A-2,Weibo,Virut,0,3995,0.0
EARLY_16,S-ABCD,ustc,A-2,Weibo,MySQL,0,3995,0.0
EARLY_16,S-ABCD,ustc,A-2,Weibo,Skype,8,3995,0.002002503128911139
EARLY_16,S-ABCD,ustc,A-2,Weibo,Miuref,0,3995,0.0
EARLY_16,S-ABCD,ustc,A-2,Weibo,Neris,0,3995,0.0
EARLY_16,S-ABCD,ustc,A-2,Cridex,Gmail,0,1638,0.0
EARLY_16,S-ABCD,ustc,A-2,Cridex,FTP,0,1638,0.0
EARLY_16,S-ABCD,ustc,A-2,Cridex,Nsis-ay,0,1638,0.0
EARLY_16,S-ABCD,ustc,A-2,Cridex,Facetime,0,1638,0.0
EARLY_16,S-ABCD,ustc,A-2,Cridex,Weibo,0,1638,0.0
EARLY_16,S-ABCD,ustc,A-2,Cridex,Cridex,1638,1638,1.0
EARLY_16,S-ABCD,ustc,A-2,Cridex,Zeus,0,1638,0.0
EARLY_16,S-ABCD,ustc,A-2,Cridex,SMB,0,1638,0.0
EARLY_16,S-ABCD,ustc,A-2,Cridex,BitTorrent,0,1638,0.0
EARLY_16,S-ABCD,ustc,A-2,Cridex,WorldOfWarcraft,0,1638,0.0
EARLY_16,S-ABCD,ustc,A-2,Cridex,Shifu,0,1638,0.0
EARLY_16,S-ABCD,ustc,A-2,Cridex,Outlook,0,1638,0.0
EARLY_16,S-ABCD,ustc,A-2,Cridex,Virut,0,1638,0.0
EARLY_16,S-ABCD,ustc,A-2,Cridex,MySQL,0,1638,0.0
EARLY_16,S-ABCD,ustc,A-2,Cridex,Skype,0,1638,0.0
EARLY_16,S-ABCD,ustc,A-2,Cridex,Miuref,0,1638,0.0
EARLY_16,S-ABCD,ustc,A-2,Cridex,Neris,0,1638,0.0
EARLY_16,S-ABCD,ustc,A-2,Zeus,Gmail,0,1097,0.0
EARLY_16,S-ABCD,ustc,A-2,Zeus,FTP,0,1097,0.0
EARLY_16,S-ABCD,ustc,A-2,Zeus,Nsis-ay,0,1097,0.0
EARLY_16,S-ABCD,ustc,A-2,Zeus,Facetime,0,1097,0.0
EARLY_16,S-ABCD,ustc,A-2,Zeus,Weibo,0,1097,0.0
EARLY_16,S-ABCD,ustc,A-2,Zeus,Cridex,0,1097,0.0
EARLY_16,S-ABCD,ustc,A-2,Zeus,Zeus,1096,1097,0.9990884229717412
EARLY_16,S-ABCD,ustc,A-2,Zeus,SMB,0,1097,0.0
EARLY_16,S-ABCD,ustc,A-2,Zeus,BitTorrent,0,1097,0.0
EARLY_16,S-ABCD,ustc,A-2,Zeus,WorldOfWarcraft,0,1097,0.0
EARLY_16,S-ABCD,ustc,A-2,Zeus,Shifu,0,1097,0.0
EARLY_16,S-ABCD,ustc,A-2,Zeus,Outlook,0,1097,0.0
EARLY_16,S-ABCD,ustc,A-2,Zeus,Virut,1,1097,0.0009115770282588879
EARLY_16,S-ABCD,ustc,A-2,Zeus,MySQL,0,1097,0.0
EARLY_16,S-ABCD,ustc,A-2,Zeus,Skype,0,1097,0.0
EARLY_16,S-ABCD,ustc,A-2,Zeus,Miuref,0,1097,0.0
EARLY_16,S-ABCD,ustc,A-2,Zeus,Neris,0,1097,0.0
EARLY_16,S-ABCD,ustc,A-2,SMB,Gmail,4,3893,0.0010274852298998202
EARLY_16,S-ABCD,ustc,A-2,SMB,FTP,1,3893,0.00025687130747495504
EARLY_16,S-ABCD,ustc,A-2,SMB,Nsis-ay,0,3893,0.0
EARLY_16,S-ABCD,ustc,A-2,SMB,Facetime,0,3893,0.0
EARLY_16,S-ABCD,ustc,A-2,SMB,Weibo,1034,3893,0.2656049319291035
EARLY_16,S-ABCD,ustc,A-2,SMB,Cridex,0,3893,0.0
EARLY_16,S-ABCD,ustc,A-2,SMB,Zeus,0,3893,0.0
EARLY_16,S-ABCD,ustc,A-2,SMB,SMB,2844,3893,0.7305419984587721
EARLY_16,S-ABCD,ustc,A-2,SMB,BitTorrent,0,3893,0.0
EARLY_16,S-ABCD,ustc,A-2,SMB,WorldOfWarcraft,0,3893,0.0
EARLY_16,S-ABCD,ustc,A-2,SMB,Shifu,0,3893,0.0
EARLY_16,S-ABCD,ustc,A-2,SMB,Outlook,0,3893,0.0
EARLY_16,S-ABCD,ustc,A-2,SMB,Virut,0,3893,0.0
EARLY_16,S-ABCD,ustc,A-2,SMB,MySQL,7,3893,0.0017980991523246853
EARLY_16,S-ABCD,ustc,A-2,SMB,Skype,3,3893,0.0007706139224248652
EARLY_16,S-ABCD,ustc,A-2,SMB,Miuref,0,3893,0.0
EARLY_16,S-ABCD,ustc,A-2,SMB,Neris,0,3893,0.0
EARLY_16,S-ABCD,ustc,A-2,BitTorrent,Gmail,2,752,0.0026595744680851063
EARLY_16,S-ABCD,ustc,A-2,BitTorrent,FTP,0,752,0.0
EARLY_16,S-ABCD,ustc,A-2,BitTorrent,Nsis-ay,0,752,0.0
EARLY_16,S-ABCD,ustc,A-2,BitTorrent,Facetime,0,752,0.0
EARLY_16,S-ABCD,ustc,A-2,BitTorrent,Weibo,0,752,0.0
EARLY_16,S-ABCD,ustc,A-2,BitTorrent,Cridex,0,752,0.0
EARLY_16,S-ABCD,ustc,A-2,BitTorrent,Zeus,0,752,0.0
EARLY_16,S-ABCD,ustc,A-2,BitTorrent,SMB,0,752,0.0
EARLY_16,S-ABCD,ustc,A-2,BitTorrent,BitTorrent,652,752,0.8670212765957447
EARLY_16,S-ABCD,ustc,A-2,BitTorrent,WorldOfWarcraft,0,752,0.0
EARLY_16,S-ABCD,ustc,A-2,BitTorrent,Shifu,0,752,0.0
EARLY_16,S-ABCD,ustc,A-2,BitTorrent,Outlook,95,752,0.12632978723404256
EARLY_16,S-ABCD,ustc,A-2,BitTorrent,Virut,0,752,0.0
EARLY_16,S-ABCD,ustc,A-2,BitTorrent,MySQL,0,752,0.0
EARLY_16,S-ABCD,ustc,A-2,BitTorrent,Skype,3,752,0.003989361702127659
EARLY_16,S-ABCD,ustc,A-2,BitTorrent,Miuref,0,752,0.0
EARLY_16,S-ABCD,ustc,A-2,BitTorrent,Neris,0,752,0.0
EARLY_16,S-ABCD,ustc,A-2,WorldOfWarcraft,Gmail,1,789,0.0012674271229404308
EARLY_16,S-ABCD,ustc,A-2,WorldOfWarcraft,FTP,0,789,0.0
EARLY_16,S-ABCD,ustc,A-2,WorldOfWarcraft,Nsis-ay,0,789,0.0
EARLY_16,S-ABCD,ustc,A-2,WorldOfWarcraft,Facetime,0,789,0.0
EARLY_16,S-ABCD,ustc,A-2,WorldOfWarcraft,Weibo,0,789,0.0
EARLY_16,S-ABCD,ustc,A-2,WorldOfWarcraft,Cridex,0,789,0.0
EARLY_16,S-ABCD,ustc,A-2,WorldOfWarcraft,Zeus,0,789,0.0
EARLY_16,S-ABCD,ustc,A-2,WorldOfWarcraft,SMB,0,789,0.0
EARLY_16,S-ABCD,ustc,A-2,WorldOfWarcraft,BitTorrent,0,789,0.0
EARLY_16,S-ABCD,ustc,A-2,WorldOfWarcraft,WorldOfWarcraft,786,789,0.9961977186311787
EARLY_16,S-ABCD,ustc,A-2,WorldOfWarcraft,Shifu,0,789,0.0
EARLY_16,S-ABCD,ustc,A-2,WorldOfWarcraft,Outlook,0,789,0.0
EARLY_16,S-ABCD,ustc,A-2,WorldOfWarcraft,Virut,0,789,0.0
EARLY_16,S-ABCD,ustc,A-2,WorldOfWarcraft,MySQL,2,789,0.0025348542458808617
EARLY_16,S-ABCD,ustc,A-2,WorldOfWarcraft,Skype,0,789,0.0
EARLY_16,S-ABCD,ustc,A-2,WorldOfWarcraft,Miuref,0,789,0.0
EARLY_16,S-ABCD,ustc,A-2,WorldOfWarcraft,Neris,0,789,0.0
EARLY_16,S-ABCD,ustc,A-2,Shifu,Gmail,0,963,0.0
EARLY_16,S-ABCD,ustc,A-2,Shifu,FTP,0,963,0.0
EARLY_16,S-ABCD,ustc,A-2,Shifu,Nsis-ay,0,963,0.0
EARLY_16,S-ABCD,ustc,A-2,Shifu,Facetime,0,963,0.0
EARLY_16,S-ABCD,ustc,A-2,Shifu,Weibo,0,963,0.0
EARLY_16,S-ABCD,ustc,A-2,Shifu,Cridex,0,963,0.0
EARLY_16,S-ABCD,ustc,A-2,Shifu,Zeus,0,963,0.0
EARLY_16,S-ABCD,ustc,A-2,Shifu,SMB,0,963,0.0
EARLY_16,S-ABCD,ustc,A-2,Shifu,BitTorrent,0,963,0.0
EARLY_16,S-ABCD,ustc,A-2,Shifu,WorldOfWarcraft,0,963,0.0
EARLY_16,S-ABCD,ustc,A-2,Shifu,Shifu,959,963,0.995846313603323
EARLY_16,S-ABCD,ustc,A-2,Shifu,Outlook,0,963,0.0
EARLY_16,S-ABCD,ustc,A-2,Shifu,Virut,0,963,0.0
EARLY_16,S-ABCD,ustc,A-2,Shifu,MySQL,0,963,0.0
EARLY_16,S-ABCD,ustc,A-2,Shifu,Skype,0,963,0.0
EARLY_16,S-ABCD,ustc,A-2,Shifu,Miuref,3,963,0.003115264797507788
EARLY_16,S-ABCD,ustc,A-2,Shifu,Neris,1,963,0.0010384215991692627
EARLY_16,S-ABCD,ustc,A-2,Outlook,Gmail,8,753,0.010624169986719787
EARLY_16,S-ABCD,ustc,A-2,Outlook,FTP,0,753,0.0
EARLY_16,S-ABCD,ustc,A-2,Outlook,Nsis-ay,0,753,0.0
EARLY_16,S-ABCD,ustc,A-2,Outlook,Facetime,0,753,0.0
EARLY_16,S-ABCD,ustc,A-2,Outlook,Weibo,0,753,0.0
EARLY_16,S-ABCD,ustc,A-2,Outlook,Cridex,0,753,0.0
EARLY_16,S-ABCD,ustc,A-2,Outlook,Zeus,0,753,0.0
EARLY_16,S-ABCD,ustc,A-2,Outlook,SMB,1,753,0.0013280212483399733
EARLY_16,S-ABCD,ustc,A-2,Outlook,BitTorrent,25,753,0.033200531208499334
EARLY_16,S-ABCD,ustc,A-2,Outlook,WorldOfWarcraft,0,753,0.0
EARLY_16,S-ABCD,ustc,A-2,Outlook,Shifu,0,753,0.0
EARLY_16,S-ABCD,ustc,A-2,Outlook,Outlook,714,753,0.9482071713147411
EARLY_16,S-ABCD,ustc,A-2,Outlook,Virut,0,753,0.0
EARLY_16,S-ABCD,ustc,A-2,Outlook,MySQL,1,753,0.0013280212483399733
EARLY_16,S-ABCD,ustc,A-2,Outlook,Skype,4,753,0.005312084993359893
EARLY_16,S-ABCD,ustc,A-2,Outlook,Miuref,0,753,0.0
EARLY_16,S-ABCD,ustc,A-2,Outlook,Neris,0,753,0.0
EARLY_16,S-ABCD,ustc,A-2,Virut,Gmail,0,3310,0.0
EARLY_16,S-ABCD,ustc,A-2,Virut,FTP,0,3310,0.0
EARLY_16,S-ABCD,ustc,A-2,Virut,Nsis-ay,0,3310,0.0
EARLY_16,S-ABCD,ustc,A-2,Virut,Facetime,0,3310,0.0
EARLY_16,S-ABCD,ustc,A-2,Virut,Weibo,0,3310,0.0
EARLY_16,S-ABCD,ustc,A-2,Virut,Cridex,0,3310,0.0
EARLY_16,S-ABCD,ustc,A-2,Virut,Zeus,0,3310,0.0
EARLY_16,S-ABCD,ustc,A-2,Virut,SMB,0,3310,0.0
EARLY_16,S-ABCD,ustc,A-2,Virut,BitTorrent,0,3310,0.0
EARLY_16,S-ABCD,ustc,A-2,Virut,WorldOfWarcraft,0,3310,0.0
EARLY_16,S-ABCD,ustc,A-2,Virut,Shifu,0,3310,0.0
EARLY_16,S-ABCD,ustc,A-2,Virut,Outlook,0,3310,0.0
EARLY_16,S-ABCD,ustc,A-2,Virut,Virut,3064,3310,0.9256797583081571
EARLY_16,S-ABCD,ustc,A-2,Virut,MySQL,0,3310,0.0
EARLY_16,S-ABCD,ustc,A-2,Virut,Skype,0,3310,0.0
EARLY_16,S-ABCD,ustc,A-2,Virut,Miuref,0,3310,0.0
EARLY_16,S-ABCD,ustc,A-2,Virut,Neris,246,3310,0.0743202416918429
EARLY_16,S-ABCD,ustc,A-2,MySQL,Gmail,18,8609,0.0020908351724939016
EARLY_16,S-ABCD,ustc,A-2,MySQL,FTP,52,8609,0.006040190498315716
EARLY_16,S-ABCD,ustc,A-2,MySQL,Nsis-ay,1,8609,0.00011615750958299454
EARLY_16,S-ABCD,ustc,A-2,MySQL,Facetime,0,8609,0.0
EARLY_16,S-ABCD,ustc,A-2,MySQL,Weibo,0,8609,0.0
EARLY_16,S-ABCD,ustc,A-2,MySQL,Cridex,0,8609,0.0
EARLY_16,S-ABCD,ustc,A-2,MySQL,Zeus,0,8609,0.0
EARLY_16,S-ABCD,ustc,A-2,MySQL,SMB,2,8609,0.00023231501916598908
EARLY_16,S-ABCD,ustc,A-2,MySQL,BitTorrent,0,8609,0.0
EARLY_16,S-ABCD,ustc,A-2,MySQL,WorldOfWarcraft,0,8609,0.0
EARLY_16,S-ABCD,ustc,A-2,MySQL,Shifu,0,8609,0.0
EARLY_16,S-ABCD,ustc,A-2,MySQL,Outlook,0,8609,0.0
EARLY_16,S-ABCD,ustc,A-2,MySQL,Virut,0,8609,0.0
EARLY_16,S-ABCD,ustc,A-2,MySQL,MySQL,8530,8609,0.9908235567429434
EARLY_16,S-ABCD,ustc,A-2,MySQL,Skype,6,8609,0.0006969450574979672
EARLY_16,S-ABCD,ustc,A-2,MySQL,Miuref,0,8609,0.0
EARLY_16,S-ABCD,ustc,A-2,MySQL,Neris,0,8609,0.0
EARLY_16,S-ABCD,ustc,A-2,Skype,Gmail,0,632,0.0
EARLY_16,S-ABCD,ustc,A-2,Skype,FTP,0,632,0.0
EARLY_16,S-ABCD,ustc,A-2,Skype,Nsis-ay,0,632,0.0
EARLY_16,S-ABCD,ustc,A-2,Skype,Facetime,0,632,0.0
EARLY_16,S-ABCD,ustc,A-2,Skype,Weibo,0,632,0.0
EARLY_16,S-ABCD,ustc,A-2,Skype,Cridex,0,632,0.0
EARLY_16,S-ABCD,ustc,A-2,Skype,Zeus,0,632,0.0
EARLY_16,S-ABCD,ustc,A-2,Skype,SMB,0,632,0.0
EARLY_16,S-ABCD,ustc,A-2,Skype,BitTorrent,0,632,0.0
EARLY_16,S-ABCD,ustc,A-2,Skype,WorldOfWarcraft,0,632,0.0
EARLY_16,S-ABCD,ustc,A-2,Skype,Shifu,0,632,0.0
EARLY_16,S-ABCD,ustc,A-2,Skype,Outlook,0,632,0.0
EARLY_16,S-ABCD,ustc,A-2,Skype,Virut,0,632,0.0
EARLY_16,S-ABCD,ustc,A-2,Skype,MySQL,0,632,0.0
EARLY_16,S-ABCD,ustc,A-2,Skype,Skype,632,632,1.0
EARLY_16,S-ABCD,ustc,A-2,Skype,Miuref,0,632,0.0
EARLY_16,S-ABCD,ustc,A-2,Skype,Neris,0,632,0.0
EARLY_16,S-ABCD,ustc,A-2,Miuref,Gmail,0,1348,0.0
EARLY_16,S-ABCD,ustc,A-2,Miuref,FTP,0,1348,0.0
EARLY_16,S-ABCD,ustc,A-2,Miuref,Nsis-ay,0,1348,0.0
EARLY_16,S-ABCD,ustc,A-2,Miuref,Facetime,0,1348,0.0
EARLY_16,S-ABCD,ustc,A-2,Miuref,Weibo,0,1348,0.0
EARLY_16,S-ABCD,ustc,A-2,Miuref,Cridex,0,1348,0.0
EARLY_16,S-ABCD,ustc,A-2,Miuref,Zeus,0,1348,0.0
EARLY_16,S-ABCD,ustc,A-2,Miuref,SMB,0,1348,0.0
EARLY_16,S-ABCD,ustc,A-2,Miuref,BitTorrent,0,1348,0.0
EARLY_16,S-ABCD,ustc,A-2,Miuref,WorldOfWarcraft,0,1348,0.0
EARLY_16,S-ABCD,ustc,A-2,Miuref,Shifu,2,1348,0.001483679525222552
EARLY_16,S-ABCD,ustc,A-2,Miuref,Outlook,0,1348,0.0
EARLY_16,S-ABCD,ustc,A-2,Miuref,Virut,0,1348,0.0
EARLY_16,S-ABCD,ustc,A-2,Miuref,MySQL,0,1348,0.0
EARLY_16,S-ABCD,ustc,A-2,Miuref,Skype,0,1348,0.0
EARLY_16,S-ABCD,ustc,A-2,Miuref,Miuref,1346,1348,0.9985163204747775
EARLY_16,S-ABCD,ustc,A-2,Miuref,Neris,0,1348,0.0
EARLY_16,S-ABCD,ustc,A-2,Neris,Gmail,0,3379,0.0
EARLY_16,S-ABCD,ustc,A-2,Neris,FTP,0,3379,0.0
EARLY_16,S-ABCD,ustc,A-2,Neris,Nsis-ay,0,3379,0.0
EARLY_16,S-ABCD,ustc,A-2,Neris,Facetime,0,3379,0.0
EARLY_16,S-ABCD,ustc,A-2,Neris,Weibo,0,3379,0.0
EARLY_16,S-ABCD,ustc,A-2,Neris,Cridex,0,3379,0.0
EARLY_16,S-ABCD,ustc,A-2,Neris,Zeus,0,3379,0.0
EARLY_16,S-ABCD,ustc,A-2,Neris,SMB,0,3379,0.0
EARLY_16,S-ABCD,ustc,A-2,Neris,BitTorrent,0,3379,0.0
EARLY_16,S-ABCD,ustc,A-2,Neris,WorldOfWarcraft,0,3379,0.0
EARLY_16,S-ABCD,ustc,A-2,Neris,Shifu,0,3379,0.0
EARLY_16,S-ABCD,ustc,A-2,Neris,Outlook,0,3379,0.0
EARLY_16,S-ABCD,ustc,A-2,Neris,Virut,226,3379,0.06688369340041432
EARLY_16,S-ABCD,ustc,A-2,Neris,MySQL,0,3379,0.0
EARLY_16,S-ABCD,ustc,A-2,Neris,Skype,0,3379,0.0
EARLY_16,S-ABCD,ustc,A-2,Neris,Miuref,0,3379,0.0
EARLY_16,S-ABCD,ustc,A-2,Neris,Neris,3153,3379,0.9331163065995857
EARLY_16,S-Burst,iscx_vpn,medium_seed2022,AIM,AIM,10,53,0.18867924528301888
EARLY_16,S-Burst,iscx_vpn,medium_seed2022,AIM,BitTorrent,1,53,0.018867924528301886
EARLY_16,S-Burst,iscx_vpn,medium_seed2022,AIM,Email,5,53,0.09433962264150944
EARLY_16,S-Burst,iscx_vpn,medium_seed2022,AIM,FTPS,2,53,0.03773584905660377
EARLY_16,S-Burst,iscx_vpn,medium_seed2022,AIM,Facebook,20,53,0.37735849056603776
EARLY_16,S-Burst,iscx_vpn,medium_seed2022,AIM,Gmail,2,53,0.03773584905660377
EARLY_16,S-Burst,iscx_vpn,medium_seed2022,AIM,ICQ,7,53,0.1320754716981132
EARLY_16,S-Burst,iscx_vpn,medium_seed2022,AIM,Netflix,0,53,0.0
EARLY_16,S-Burst,iscx_vpn,medium_seed2022,AIM,SCP,1,53,0.018867924528301886
EARLY_16,S-Burst,iscx_vpn,medium_seed2022,AIM,SFTP,0,53,0.0
EARLY_16,S-Burst,iscx_vpn,medium_seed2022,AIM,Spotify,0,53,0.0
EARLY_16,S-Burst,iscx_vpn,medium_seed2022,AIM,Vimeo,0,53,0.0
EARLY_16,S-Burst,iscx_vpn,medium_seed2022,AIM,VoIPBuster,5,53,0.09433962264150944
EARLY_16,S-Burst,iscx_vpn,medium_seed2022,BitTorrent,AIM,0,100,0.0
EARLY_16,S-Burst,iscx_vpn,medium_seed2022,BitTorrent,BitTorrent,99,100,0.99
EARLY_16,S-Burst,iscx_vpn,medium_seed2022,BitTorrent,Email,0,100,0.0
EARLY_16,S-Burst,iscx_vpn,medium_seed2022,BitTorrent,FTPS,1,100,0.01
EARLY_16,S-Burst,iscx_vpn,medium_seed2022,BitTorrent,Facebook,0,100,0.0
EARLY_16,S-Burst,iscx_vpn,medium_seed2022,BitTorrent,Gmail,0,100,0.0
EARLY_16,S-Burst,iscx_vpn,medium_seed2022,BitTorrent,ICQ,0,100,0.0
EARLY_16,S-Burst,iscx_vpn,medium_seed2022,BitTorrent,Netflix,0,100,0.0
EARLY_16,S-Burst,iscx_vpn,medium_seed2022,BitTorrent,SCP,0,100,0.0
EARLY_16,S-Burst,iscx_vpn,medium_seed2022,BitTorrent,SFTP,0,100,0.0
EARLY_16,S-Burst,iscx_vpn,medium_seed2022,BitTorrent,Spotify,0,100,0.0
EARLY_16,S-Burst,iscx_vpn,medium_seed2022,BitTorrent,Vimeo,0,100,0.0
EARLY_16,S-Burst,iscx_vpn,medium_seed2022,BitTorrent,VoIPBuster,0,100,0.0
EARLY_16,S-Burst,iscx_vpn,medium_seed2022,Email,AIM,3,200,0.015
EARLY_16,S-Burst,iscx_vpn,medium_seed2022,Email,BitTorrent,8,200,0.04
EARLY_16,S-Burst,iscx_vpn,medium_seed2022,Email,Email,74,200,0.37
EARLY_16,S-Burst,iscx_vpn,medium_seed2022,Email,FTPS,10,200,0.05
EARLY_16,S-Burst,iscx_vpn,medium_seed2022,Email,Facebook,76,200,0.38
EARLY_16,S-Burst,iscx_vpn,medium_seed2022,Email,Gmail,1,200,0.005
EARLY_16,S-Burst,iscx_vpn,medium_seed2022,Email,ICQ,3,200,0.015
EARLY_16,S-Burst,iscx_vpn,medium_seed2022,Email,Netflix,3,200,0.015
EARLY_16,S-Burst,iscx_vpn,medium_seed2022,Email,SCP,2,200,0.01
EARLY_16,S-Burst,iscx_vpn,medium_seed2022,Email,SFTP,0,200,0.0
EARLY_16,S-Burst,iscx_vpn,medium_seed2022,Email,Spotify,1,200,0.005
EARLY_16,S-Burst,iscx_vpn,medium_seed2022,Email,Vimeo,0,200,0.0
EARLY_16,S-Burst,iscx_vpn,medium_seed2022,Email,VoIPBuster,19,200,0.095
EARLY_16,S-Burst,iscx_vpn,medium_seed2022,FTPS,AIM,1,200,0.005
EARLY_16,S-Burst,iscx_vpn,medium_seed2022,FTPS,BitTorrent,22,200,0.11
EARLY_16,S-Burst,iscx_vpn,medium_seed2022,FTPS,Email,1,200,0.005
EARLY_16,S-Burst,iscx_vpn,medium_seed2022,FTPS,FTPS,150,200,0.75
EARLY_16,S-Burst,iscx_vpn,medium_seed2022,FTPS,Facebook,3,200,0.015
EARLY_16,S-Burst,iscx_vpn,medium_seed2022,FTPS,Gmail,0,200,0.0
EARLY_16,S-Burst,iscx_vpn,medium_seed2022,FTPS,ICQ,0,200,0.0
EARLY_16,S-Burst,iscx_vpn,medium_seed2022,FTPS,Netflix,0,200,0.0
EARLY_16,S-Burst,iscx_vpn,medium_seed2022,FTPS,SCP,3,200,0.015
EARLY_16,S-Burst,iscx_vpn,medium_seed2022,FTPS,SFTP,0,200,0.0
EARLY_16,S-Burst,iscx_vpn,medium_seed2022,FTPS,Spotify,1,200,0.005
EARLY_16,S-Burst,iscx_vpn,medium_seed2022,FTPS,Vimeo,0,200,0.0
EARLY_16,S-Burst,iscx_vpn,medium_seed2022,FTPS,VoIPBuster,19,200,0.095
EARLY_16,S-Burst,iscx_vpn,medium_seed2022,Facebook,AIM,4,200,0.02
EARLY_16,S-Burst,iscx_vpn,medium_seed2022,Facebook,BitTorrent,0,200,0.0
EARLY_16,S-Burst,iscx_vpn,medium_seed2022,Facebook,Email,9,200,0.045
EARLY_16,S-Burst,iscx_vpn,medium_seed2022,Facebook,FTPS,0,200,0.0
EARLY_16,S-Burst,iscx_vpn,medium_seed2022,Facebook,Facebook,135,200,0.675
EARLY_16,S-Burst,iscx_vpn,medium_seed2022,Facebook,Gmail,2,200,0.01
EARLY_16,S-Burst,iscx_vpn,medium_seed2022,Facebook,ICQ,3,200,0.015
EARLY_16,S-Burst,iscx_vpn,medium_seed2022,Facebook,Netflix,0,200,0.0
EARLY_16,S-Burst,iscx_vpn,medium_seed2022,Facebook,SCP,9,200,0.045
EARLY_16,S-Burst,iscx_vpn,medium_seed2022,Facebook,SFTP,1,200,0.005
EARLY_16,S-Burst,iscx_vpn,medium_seed2022,Facebook,Spotify,2,200,0.01
EARLY_16,S-Burst,iscx_vpn,medium_seed2022,Facebook,Vimeo,0,200,0.0
EARLY_16,S-Burst,iscx_vpn,medium_seed2022,Facebook,VoIPBuster,35,200,0.175
EARLY_16,S-Burst,iscx_vpn,medium_seed2022,Gmail,AIM,1,54,0.018518518518518517
EARLY_16,S-Burst,iscx_vpn,medium_seed2022,Gmail,BitTorrent,0,54,0.0
EARLY_16,S-Burst,iscx_vpn,medium_seed2022,Gmail,Email,1,54,0.018518518518518517
EARLY_16,S-Burst,iscx_vpn,medium_seed2022,Gmail,FTPS,7,54,0.12962962962962962
EARLY_16,S-Burst,iscx_vpn,medium_seed2022,Gmail,Facebook,5,54,0.09259259259259259
EARLY_16,S-Burst,iscx_vpn,medium_seed2022,Gmail,Gmail,35,54,0.6481481481481481
EARLY_16,S-Burst,iscx_vpn,medium_seed2022,Gmail,ICQ,1,54,0.018518518518518517
EARLY_16,S-Burst,iscx_vpn,medium_seed2022,Gmail,Netflix,0,54,0.0
EARLY_16,S-Burst,iscx_vpn,medium_seed2022,Gmail,SCP,1,54,0.018518518518518517
EARLY_16,S-Burst,iscx_vpn,medium_seed2022,Gmail,SFTP,0,54,0.0
EARLY_16,S-Burst,iscx_vpn,medium_seed2022,Gmail,Spotify,2,54,0.037037037037037035
EARLY_16,S-Burst,iscx_vpn,medium_seed2022,Gmail,Vimeo,0,54,0.0
EARLY_16,S-Burst,iscx_vpn,medium_seed2022,Gmail,VoIPBuster,1,54,0.018518518518518517
EARLY_16,S-Burst,iscx_vpn,medium_seed2022,ICQ,AIM,9,53,0.16981132075471697
EARLY_16,S-Burst,iscx_vpn,medium_seed2022,ICQ,BitTorrent,0,53,0.0
EARLY_16,S-Burst,iscx_vpn,medium_seed2022,ICQ,Email,3,53,0.05660377358490566
EARLY_16,S-Burst,iscx_vpn,medium_seed2022,ICQ,FTPS,1,53,0.018867924528301886
EARLY_16,S-Burst,iscx_vpn,medium_seed2022,ICQ,Facebook,23,53,0.4339622641509434
EARLY_16,S-Burst,iscx_vpn,medium_seed2022,ICQ,Gmail,1,53,0.018867924528301886
EARLY_16,S-Burst,iscx_vpn,medium_seed2022,ICQ,ICQ,9,53,0.16981132075471697
EARLY_16,S-Burst,iscx_vpn,medium_seed2022,ICQ,Netflix,0,53,0.0
EARLY_16,S-Burst,iscx_vpn,medium_seed2022,ICQ,SCP,2,53,0.03773584905660377
EARLY_16,S-Burst,iscx_vpn,medium_seed2022,ICQ,SFTP,0,53,0.0
EARLY_16,S-Burst,iscx_vpn,medium_seed2022,ICQ,Spotify,0,53,0.0
EARLY_16,S-Burst,iscx_vpn,medium_seed2022,ICQ,Vimeo,0,53,0.0
EARLY_16,S-Burst,iscx_vpn,medium_seed2022,ICQ,VoIPBuster,5,53,0.09433962264150944
EARLY_16,S-Burst,iscx_vpn,medium_seed2022,Netflix,AIM,0,118,0.0
EARLY_16,S-Burst,iscx_vpn,medium_seed2022,Netflix,BitTorrent,29,118,0.2457627118644068
EARLY_16,S-Burst,iscx_vpn,medium_seed2022,Netflix,Email,1,118,0.00847457627118644
EARLY_16,S-Burst,iscx_vpn,medium_seed2022,Netflix,FTPS,2,118,0.01694915254237288
EARLY_16,S-Burst,iscx_vpn,medium_seed2022,Netflix,Facebook,0,118,0.0
EARLY_16,S-Burst,iscx_vpn,medium_seed2022,Netflix,Gmail,0,118,0.0
EARLY_16,S-Burst,iscx_vpn,medium_seed2022,Netflix,ICQ,2,118,0.01694915254237288
EARLY_16,S-Burst,iscx_vpn,medium_seed2022,Netflix,Netflix,61,118,0.5169491525423728
EARLY_16,S-Burst,iscx_vpn,medium_seed2022,Netflix,SCP,3,118,0.025423728813559324
EARLY_16,S-Burst,iscx_vpn,medium_seed2022,Netflix,SFTP,0,118,0.0
EARLY_16,S-Burst,iscx_vpn,medium_seed2022,Netflix,Spotify,12,118,0.1016949152542373
EARLY_16,S-Burst,iscx_vpn,medium_seed2022,Netflix,Vimeo,8,118,0.06779661016949153
EARLY_16,S-Burst,iscx_vpn,medium_seed2022,Netflix,VoIPBuster,0,118,0.0
EARLY_16,S-Burst,iscx_vpn,medium_seed2022,SCP,AIM,1,200,0.005
EARLY_16,S-Burst,iscx_vpn,medium_seed2022,SCP,BitTorrent,0,200,0.0
EARLY_16,S-Burst,iscx_vpn,medium_seed2022,SCP,Email,11,200,0.055
EARLY_16,S-Burst,iscx_vpn,medium_seed2022,SCP,FTPS,9,200,0.045
EARLY_16,S-Burst,iscx_vpn,medium_seed2022,SCP,Facebook,67,200,0.335
EARLY_16,S-Burst,iscx_vpn,medium_seed2022,SCP,Gmail,0,200,0.0
EARLY_16,S-Burst,iscx_vpn,medium_seed2022,SCP,ICQ,1,200,0.005
EARLY_16,S-Burst,iscx_vpn,medium_seed2022,SCP,Netflix,32,200,0.16
EARLY_16,S-Burst,iscx_vpn,medium_seed2022,SCP,SCP,56,200,0.28
EARLY_16,S-Burst,iscx_vpn,medium_seed2022,SCP,SFTP,0,200,0.0
EARLY_16,S-Burst,iscx_vpn,medium_seed2022,SCP,Spotify,0,200,0.0
EARLY_16,S-Burst,iscx_vpn,medium_seed2022,SCP,Vimeo,0,200,0.0
EARLY_16,S-Burst,iscx_vpn,medium_seed2022,SCP,VoIPBuster,23,200,0.115
EARLY_16,S-Burst,iscx_vpn,medium_seed2022,SFTP,AIM,0,31,0.0
EARLY_16,S-Burst,iscx_vpn,medium_seed2022,SFTP,BitTorrent,3,31,0.0967741935483871
EARLY_16,S-Burst,iscx_vpn,medium_seed2022,SFTP,Email,1,31,0.03225806451612903
EARLY_16,S-Burst,iscx_vpn,medium_seed2022,SFTP,FTPS,6,31,0.1935483870967742
EARLY_16,S-Burst,iscx_vpn,medium_seed2022,SFTP,Facebook,0,31,0.0
EARLY_16,S-Burst,iscx_vpn,medium_seed2022,SFTP,Gmail,0,31,0.0
EARLY_16,S-Burst,iscx_vpn,medium_seed2022,SFTP,ICQ,0,31,0.0
EARLY_16,S-Burst,iscx_vpn,medium_seed2022,SFTP,Netflix,2,31,0.06451612903225806
EARLY_16,S-Burst,iscx_vpn,medium_seed2022,SFTP,SCP,2,31,0.06451612903225806
EARLY_16,S-Burst,iscx_vpn,medium_seed2022,SFTP,SFTP,13,31,0.41935483870967744
EARLY_16,S-Burst,iscx_vpn,medium_seed2022,SFTP,Spotify,3,31,0.0967741935483871
EARLY_16,S-Burst,iscx_vpn,medium_seed2022,SFTP,Vimeo,0,31,0.0
EARLY_16,S-Burst,iscx_vpn,medium_seed2022,SFTP,VoIPBuster,1,31,0.03225806451612903
EARLY_16,S-Burst,iscx_vpn,medium_seed2022,Spotify,AIM,0,79,0.0
EARLY_16,S-Burst,iscx_vpn,medium_seed2022,Spotify,BitTorrent,12,79,0.1518987341772152
EARLY_16,S-Burst,iscx_vpn,medium_seed2022,Spotify,Email,0,79,0.0
EARLY_16,S-Burst,iscx_vpn,medium_seed2022,Spotify,FTPS,2,79,0.02531645569620253
EARLY_16,S-Burst,iscx_vpn,medium_seed2022,Spotify,Facebook,0,79,0.0
EARLY_16,S-Burst,iscx_vpn,medium_seed2022,Spotify,Gmail,1,79,0.012658227848101266
EARLY_16,S-Burst,iscx_vpn,medium_seed2022,Spotify,ICQ,0,79,0.0
EARLY_16,S-Burst,iscx_vpn,medium_seed2022,Spotify,Netflix,18,79,0.22784810126582278
EARLY_16,S-Burst,iscx_vpn,medium_seed2022,Spotify,SCP,1,79,0.012658227848101266
EARLY_16,S-Burst,iscx_vpn,medium_seed2022,Spotify,SFTP,0,79,0.0
EARLY_16,S-Burst,iscx_vpn,medium_seed2022,Spotify,Spotify,34,79,0.43037974683544306
EARLY_16,S-Burst,iscx_vpn,medium_seed2022,Spotify,Vimeo,10,79,0.12658227848101267
EARLY_16,S-Burst,iscx_vpn,medium_seed2022,Spotify,VoIPBuster,1,79,0.012658227848101266
EARLY_16,S-Burst,iscx_vpn,medium_seed2022,Vimeo,AIM,0,123,0.0
EARLY_16,S-Burst,iscx_vpn,medium_seed2022,Vimeo,BitTorrent,10,123,0.08130081300813008
EARLY_16,S-Burst,iscx_vpn,medium_seed2022,Vimeo,Email,0,123,0.0
EARLY_16,S-Burst,iscx_vpn,medium_seed2022,Vimeo,FTPS,3,123,0.024390243902439025
EARLY_16,S-Burst,iscx_vpn,medium_seed2022,Vimeo,Facebook,0,123,0.0
EARLY_16,S-Burst,iscx_vpn,medium_seed2022,Vimeo,Gmail,1,123,0.008130081300813009
EARLY_16,S-Burst,iscx_vpn,medium_seed2022,Vimeo,ICQ,0,123,0.0
EARLY_16,S-Burst,iscx_vpn,medium_seed2022,Vimeo,Netflix,33,123,0.2682926829268293
EARLY_16,S-Burst,iscx_vpn,medium_seed2022,Vimeo,SCP,7,123,0.056910569105691054
EARLY_16,S-Burst,iscx_vpn,medium_seed2022,Vimeo,SFTP,0,123,0.0
EARLY_16,S-Burst,iscx_vpn,medium_seed2022,Vimeo,Spotify,13,123,0.10569105691056911
EARLY_16,S-Burst,iscx_vpn,medium_seed2022,Vimeo,Vimeo,56,123,0.45528455284552843
EARLY_16,S-Burst,iscx_vpn,medium_seed2022,Vimeo,VoIPBuster,0,123,0.0
EARLY_16,S-Burst,iscx_vpn,medium_seed2022,VoIPBuster,AIM,1,200,0.005
EARLY_16,S-Burst,iscx_vpn,medium_seed2022,VoIPBuster,BitTorrent,0,200,0.0
EARLY_16,S-Burst,iscx_vpn,medium_seed2022,VoIPBuster,Email,6,200,0.03
EARLY_16,S-Burst,iscx_vpn,medium_seed2022,VoIPBuster,FTPS,41,200,0.205
EARLY_16,S-Burst,iscx_vpn,medium_seed2022,VoIPBuster,Facebook,41,200,0.205
EARLY_16,S-Burst,iscx_vpn,medium_seed2022,VoIPBuster,Gmail,2,200,0.01
EARLY_16,S-Burst,iscx_vpn,medium_seed2022,VoIPBuster,ICQ,6,200,0.03
EARLY_16,S-Burst,iscx_vpn,medium_seed2022,VoIPBuster,Netflix,1,200,0.005
EARLY_16,S-Burst,iscx_vpn,medium_seed2022,VoIPBuster,SCP,13,200,0.065
EARLY_16,S-Burst,iscx_vpn,medium_seed2022,VoIPBuster,SFTP,0,200,0.0
EARLY_16,S-Burst,iscx_vpn,medium_seed2022,VoIPBuster,Spotify,0,200,0.0
EARLY_16,S-Burst,iscx_vpn,medium_seed2022,VoIPBuster,Vimeo,0,200,0.0
EARLY_16,S-Burst,iscx_vpn,medium_seed2022,VoIPBuster,VoIPBuster,89,200,0.445
EARLY_16,S-Burst,iscx_tor,medium_seed2022,Browsing,Browsing,90,200,0.45
EARLY_16,S-Burst,iscx_tor,medium_seed2022,Browsing,Email,2,200,0.01
EARLY_16,S-Burst,iscx_tor,medium_seed2022,Browsing,FTP,89,200,0.445
EARLY_16,S-Burst,iscx_tor,medium_seed2022,Browsing,Facebook,3,200,0.015
EARLY_16,S-Burst,iscx_tor,medium_seed2022,Browsing,Hangouts,1,200,0.005
EARLY_16,S-Burst,iscx_tor,medium_seed2022,Browsing,Spotify,0,200,0.0
EARLY_16,S-Burst,iscx_tor,medium_seed2022,Browsing,Vimeo,5,200,0.025
EARLY_16,S-Burst,iscx_tor,medium_seed2022,Browsing,YouTube,10,200,0.05
EARLY_16,S-Burst,iscx_tor,medium_seed2022,Email,Browsing,1,54,0.018518518518518517
EARLY_16,S-Burst,iscx_tor,medium_seed2022,Email,Email,30,54,0.5555555555555556
EARLY_16,S-Burst,iscx_tor,medium_seed2022,Email,FTP,19,54,0.35185185185185186
EARLY_16,S-Burst,iscx_tor,medium_seed2022,Email,Facebook,1,54,0.018518518518518517
EARLY_16,S-Burst,iscx_tor,medium_seed2022,Email,Hangouts,0,54,0.0
EARLY_16,S-Burst,iscx_tor,medium_seed2022,Email,Spotify,0,54,0.0
EARLY_16,S-Burst,iscx_tor,medium_seed2022,Email,Vimeo,0,54,0.0
EARLY_16,S-Burst,iscx_tor,medium_seed2022,Email,YouTube,3,54,0.05555555555555555
EARLY_16,S-Burst,iscx_tor,medium_seed2022,FTP,Browsing,1,200,0.005
EARLY_16,S-Burst,iscx_tor,medium_seed2022,FTP,Email,0,200,0.0
EARLY_16,S-Burst,iscx_tor,medium_seed2022,FTP,FTP,197,200,0.985
EARLY_16,S-Burst,iscx_tor,medium_seed2022,FTP,Facebook,1,200,0.005
EARLY_16,S-Burst,iscx_tor,medium_seed2022,FTP,Hangouts,1,200,0.005
EARLY_16,S-Burst,iscx_tor,medium_seed2022,FTP,Spotify,0,200,0.0
EARLY_16,S-Burst,iscx_tor,medium_seed2022,FTP,Vimeo,0,200,0.0
EARLY_16,S-Burst,iscx_tor,medium_seed2022,FTP,YouTube,0,200,0.0
EARLY_16,S-Burst,iscx_tor,medium_seed2022,Facebook,Browsing,3,85,0.03529411764705882
EARLY_16,S-Burst,iscx_tor,medium_seed2022,Facebook,Email,1,85,0.011764705882352941
EARLY_16,S-Burst,iscx_tor,medium_seed2022,Facebook,FTP,35,85,0.4117647058823529
EARLY_16,S-Burst,iscx_tor,medium_seed2022,Facebook,Facebook,29,85,0.3411764705882353
EARLY_16,S-Burst,iscx_tor,medium_seed2022,Facebook,Hangouts,6,85,0.07058823529411765
EARLY_16,S-Burst,iscx_tor,medium_seed2022,Facebook,Spotify,0,85,0.0
EARLY_16,S-Burst,iscx_tor,medium_seed2022,Facebook,Vimeo,4,85,0.047058823529411764
EARLY_16,S-Burst,iscx_tor,medium_seed2022,Facebook,YouTube,7,85,0.08235294117647059
EARLY_16,S-Burst,iscx_tor,medium_seed2022,Hangouts,Browsing,3,69,0.043478260869565216
EARLY_16,S-Burst,iscx_tor,medium_seed2022,Hangouts,Email,0,69,0.0
EARLY_16,S-Burst,iscx_tor,medium_seed2022,Hangouts,FTP,26,69,0.37681159420289856
EARLY_16,S-Burst,iscx_tor,medium_seed2022,Hangouts,Facebook,7,69,0.10144927536231885
EARLY_16,S-Burst,iscx_tor,medium_seed2022,Hangouts,Hangouts,19,69,0.2753623188405797
EARLY_16,S-Burst,iscx_tor,medium_seed2022,Hangouts,Spotify,1,69,0.014492753623188406
EARLY_16,S-Burst,iscx_tor,medium_seed2022,Hangouts,Vimeo,8,69,0.11594202898550725
EARLY_16,S-Burst,iscx_tor,medium_seed2022,Hangouts,YouTube,5,69,0.07246376811594203
EARLY_16,S-Burst,iscx_tor,medium_seed2022,Spotify,Browsing,0,147,0.0
EARLY_16,S-Burst,iscx_tor,medium_seed2022,Spotify,Email,0,147,0.0
EARLY_16,S-Burst,iscx_tor,medium_seed2022,Spotify,FTP,72,147,0.4897959183673469
EARLY_16,S-Burst,iscx_tor,medium_seed2022,Spotify,Facebook,6,147,0.04081632653061224
EARLY_16,S-Burst,iscx_tor,medium_seed2022,Spotify,Hangouts,0,147,0.0
EARLY_16,S-Burst,iscx_tor,medium_seed2022,Spotify,Spotify,68,147,0.46258503401360546
EARLY_16,S-Burst,iscx_tor,medium_seed2022,Spotify,Vimeo,0,147,0.0
EARLY_16,S-Burst,iscx_tor,medium_seed2022,Spotify,YouTube,1,147,0.006802721088435374
EARLY_16,S-Burst,iscx_tor,medium_seed2022,Vimeo,Browsing,4,152,0.02631578947368421
EARLY_16,S-Burst,iscx_tor,medium_seed2022,Vimeo,Email,0,152,0.0
EARLY_16,S-Burst,iscx_tor,medium_seed2022,Vimeo,FTP,55,152,0.3618421052631579
EARLY_16,S-Burst,iscx_tor,medium_seed2022,Vimeo,Facebook,0,152,0.0
EARLY_16,S-Burst,iscx_tor,medium_seed2022,Vimeo,Hangouts,2,152,0.013157894736842105
EARLY_16,S-Burst,iscx_tor,medium_seed2022,Vimeo,Spotify,7,152,0.046052631578947366
EARLY_16,S-Burst,iscx_tor,medium_seed2022,Vimeo,Vimeo,67,152,0.4407894736842105
EARLY_16,S-Burst,iscx_tor,medium_seed2022,Vimeo,YouTube,17,152,0.1118421052631579
EARLY_16,S-Burst,iscx_tor,medium_seed2022,YouTube,Browsing,10,200,0.05
EARLY_16,S-Burst,iscx_tor,medium_seed2022,YouTube,Email,1,200,0.005
EARLY_16,S-Burst,iscx_tor,medium_seed2022,YouTube,FTP,73,200,0.365
EARLY_16,S-Burst,iscx_tor,medium_seed2022,YouTube,Facebook,0,200,0.0
EARLY_16,S-Burst,iscx_tor,medium_seed2022,YouTube,Hangouts,1,200,0.005
EARLY_16,S-Burst,iscx_tor,medium_seed2022,YouTube,Spotify,1,200,0.005
EARLY_16,S-Burst,iscx_tor,medium_seed2022,YouTube,Vimeo,16,200,0.08
EARLY_16,S-Burst,iscx_tor,medium_seed2022,YouTube,YouTube,98,200,0.49
EARLY_16,S-Burst,vnat,medium_seed2025,netflix,netflix,20,20,1.0
EARLY_16,S-Burst,vnat,medium_seed2025,netflix,rdp,0,20,0.0
EARLY_16,S-Burst,vnat,medium_seed2025,netflix,rsync,0,20,0.0
EARLY_16,S-Burst,vnat,medium_seed2025,netflix,scp,0,20,0.0
EARLY_16,S-Burst,vnat,medium_seed2025,netflix,skype,0,20,0.0
EARLY_16,S-Burst,vnat,medium_seed2025,netflix,ssh,0,20,0.0
EARLY_16,S-Burst,vnat,medium_seed2025,netflix,youtube,0,20,0.0
EARLY_16,S-Burst,vnat,medium_seed2025,rdp,netflix,0,4,0.0
EARLY_16,S-Burst,vnat,medium_seed2025,rdp,rdp,3,4,0.75
EARLY_16,S-Burst,vnat,medium_seed2025,rdp,rsync,0,4,0.0
EARLY_16,S-Burst,vnat,medium_seed2025,rdp,scp,0,4,0.0
EARLY_16,S-Burst,vnat,medium_seed2025,rdp,skype,0,4,0.0
EARLY_16,S-Burst,vnat,medium_seed2025,rdp,ssh,1,4,0.25
EARLY_16,S-Burst,vnat,medium_seed2025,rdp,youtube,0,4,0.0
EARLY_16,S-Burst,vnat,medium_seed2025,rsync,netflix,0,191,0.0
EARLY_16,S-Burst,vnat,medium_seed2025,rsync,rdp,0,191,0.0
EARLY_16,S-Burst,vnat,medium_seed2025,rsync,rsync,56,191,0.2931937172774869
EARLY_16,S-Burst,vnat,medium_seed2025,rsync,scp,134,191,0.7015706806282722
EARLY_16,S-Burst,vnat,medium_seed2025,rsync,skype,0,191,0.0
EARLY_16,S-Burst,vnat,medium_seed2025,rsync,ssh,1,191,0.005235602094240838
EARLY_16,S-Burst,vnat,medium_seed2025,rsync,youtube,0,191,0.0
EARLY_16,S-Burst,vnat,medium_seed2025,scp,netflix,0,229,0.0
EARLY_16,S-Burst,vnat,medium_seed2025,scp,rdp,0,229,0.0
EARLY_16,S-Burst,vnat,medium_seed2025,scp,rsync,51,229,0.22270742358078602
EARLY_16,S-Burst,vnat,medium_seed2025,scp,scp,176,229,0.7685589519650655
EARLY_16,S-Burst,vnat,medium_seed2025,scp,skype,0,229,0.0
EARLY_16,S-Burst,vnat,medium_seed2025,scp,ssh,2,229,0.008733624454148471
EARLY_16,S-Burst,vnat,medium_seed2025,scp,youtube,0,229,0.0
EARLY_16,S-Burst,vnat,medium_seed2025,skype,netflix,0,126,0.0
EARLY_16,S-Burst,vnat,medium_seed2025,skype,rdp,0,126,0.0
EARLY_16,S-Burst,vnat,medium_seed2025,skype,rsync,0,126,0.0
EARLY_16,S-Burst,vnat,medium_seed2025,skype,scp,1,126,0.007936507936507936
EARLY_16,S-Burst,vnat,medium_seed2025,skype,skype,125,126,0.9920634920634921
EARLY_16,S-Burst,vnat,medium_seed2025,skype,ssh,0,126,0.0
EARLY_16,S-Burst,vnat,medium_seed2025,skype,youtube,0,126,0.0
EARLY_16,S-Burst,vnat,medium_seed2025,ssh,netflix,0,1356,0.0
EARLY_16,S-Burst,vnat,medium_seed2025,ssh,rdp,0,1356,0.0
EARLY_16,S-Burst,vnat,medium_seed2025,ssh,rsync,1,1356,0.0007374631268436578
EARLY_16,S-Burst,vnat,medium_seed2025,ssh,scp,1,1356,0.0007374631268436578
EARLY_16,S-Burst,vnat,medium_seed2025,ssh,skype,0,1356,0.0
EARLY_16,S-Burst,vnat,medium_seed2025,ssh,ssh,1354,1356,0.9985250737463127
EARLY_16,S-Burst,vnat,medium_seed2025,ssh,youtube,0,1356,0.0
EARLY_16,S-Burst,vnat,medium_seed2025,youtube,netflix,4,34,0.11764705882352941
EARLY_16,S-Burst,vnat,medium_seed2025,youtube,rdp,0,34,0.0
EARLY_16,S-Burst,vnat,medium_seed2025,youtube,rsync,0,34,0.0
EARLY_16,S-Burst,vnat,medium_seed2025,youtube,scp,0,34,0.0
EARLY_16,S-Burst,vnat,medium_seed2025,youtube,skype,0,34,0.0
EARLY_16,S-Burst,vnat,medium_seed2025,youtube,ssh,0,34,0.0
EARLY_16,S-Burst,vnat,medium_seed2025,youtube,youtube,30,34,0.8823529411764706
EARLY_16,S-Burst,vnat,medium_seed2026,netflix,netflix,15,20,0.75
EARLY_16,S-Burst,vnat,medium_seed2026,netflix,rdp,0,20,0.0
EARLY_16,S-Burst,vnat,medium_seed2026,netflix,rsync,0,20,0.0
EARLY_16,S-Burst,vnat,medium_seed2026,netflix,skype,0,20,0.0
EARLY_16,S-Burst,vnat,medium_seed2026,netflix,ssh,0,20,0.0
EARLY_16,S-Burst,vnat,medium_seed2026,netflix,vimeo,5,20,0.25
EARLY_16,S-Burst,vnat,medium_seed2026,netflix,zoiper,0,20,0.0
EARLY_16,S-Burst,vnat,medium_seed2026,rdp,netflix,0,4,0.0
EARLY_16,S-Burst,vnat,medium_seed2026,rdp,rdp,3,4,0.75
EARLY_16,S-Burst,vnat,medium_seed2026,rdp,rsync,0,4,0.0
EARLY_16,S-Burst,vnat,medium_seed2026,rdp,skype,0,4,0.0
EARLY_16,S-Burst,vnat,medium_seed2026,rdp,ssh,1,4,0.25
EARLY_16,S-Burst,vnat,medium_seed2026,rdp,vimeo,0,4,0.0
EARLY_16,S-Burst,vnat,medium_seed2026,rdp,zoiper,0,4,0.0
EARLY_16,S-Burst,vnat,medium_seed2026,rsync,netflix,0,191,0.0
EARLY_16,S-Burst,vnat,medium_seed2026,rsync,rdp,0,191,0.0
EARLY_16,S-Burst,vnat,medium_seed2026,rsync,rsync,185,191,0.9685863874345549
EARLY_16,S-Burst,vnat,medium_seed2026,rsync,skype,0,191,0.0
EARLY_16,S-Burst,vnat,medium_seed2026,rsync,ssh,6,191,0.031413612565445025
EARLY_16,S-Burst,vnat,medium_seed2026,rsync,vimeo,0,191,0.0
EARLY_16,S-Burst,vnat,medium_seed2026,rsync,zoiper,0,191,0.0
EARLY_16,S-Burst,vnat,medium_seed2026,skype,netflix,0,126,0.0
EARLY_16,S-Burst,vnat,medium_seed2026,skype,rdp,0,126,0.0
EARLY_16,S-Burst,vnat,medium_seed2026,skype,rsync,0,126,0.0
EARLY_16,S-Burst,vnat,medium_seed2026,skype,skype,126,126,1.0
EARLY_16,S-Burst,vnat,medium_seed2026,skype,ssh,0,126,0.0
EARLY_16,S-Burst,vnat,medium_seed2026,skype,vimeo,0,126,0.0
EARLY_16,S-Burst,vnat,medium_seed2026,skype,zoiper,0,126,0.0
EARLY_16,S-Burst,vnat,medium_seed2026,ssh,netflix,0,1356,0.0
EARLY_16,S-Burst,vnat,medium_seed2026,ssh,rdp,0,1356,0.0
EARLY_16,S-Burst,vnat,medium_seed2026,ssh,rsync,0,1356,0.0
EARLY_16,S-Burst,vnat,medium_seed2026,ssh,skype,1,1356,0.0007374631268436578
EARLY_16,S-Burst,vnat,medium_seed2026,ssh,ssh,1355,1356,0.9992625368731564
EARLY_16,S-Burst,vnat,medium_seed2026,ssh,vimeo,0,1356,0.0
EARLY_16,S-Burst,vnat,medium_seed2026,ssh,zoiper,0,1356,0.0
EARLY_16,S-Burst,vnat,medium_seed2026,vimeo,netflix,3,121,0.024793388429752067
EARLY_16,S-Burst,vnat,medium_seed2026,vimeo,rdp,0,121,0.0
EARLY_16,S-Burst,vnat,medium_seed2026,vimeo,rsync,0,121,0.0
EARLY_16,S-Burst,vnat,medium_seed2026,vimeo,skype,0,121,0.0
EARLY_16,S-Burst,vnat,medium_seed2026,vimeo,ssh,0,121,0.0
EARLY_16,S-Burst,vnat,medium_seed2026,vimeo,vimeo,118,121,0.9752066115702479
EARLY_16,S-Burst,vnat,medium_seed2026,vimeo,zoiper,0,121,0.0
EARLY_16,S-Burst,vnat,medium_seed2026,zoiper,netflix,0,93,0.0
EARLY_16,S-Burst,vnat,medium_seed2026,zoiper,rdp,0,93,0.0
EARLY_16,S-Burst,vnat,medium_seed2026,zoiper,rsync,1,93,0.010752688172043012
EARLY_16,S-Burst,vnat,medium_seed2026,zoiper,skype,0,93,0.0
EARLY_16,S-Burst,vnat,medium_seed2026,zoiper,ssh,0,93,0.0
EARLY_16,S-Burst,vnat,medium_seed2026,zoiper,vimeo,0,93,0.0
EARLY_16,S-Burst,vnat,medium_seed2026,zoiper,zoiper,92,93,0.989247311827957
EARLY_16,S-Burst,ustc,A-2,Gmail,Gmail,692,863,0.8018539976825029
EARLY_16,S-Burst,ustc,A-2,Gmail,FTP,17,863,0.019698725376593278
EARLY_16,S-Burst,ustc,A-2,Gmail,Nsis-ay,0,863,0.0
EARLY_16,S-Burst,ustc,A-2,Gmail,Facetime,0,863,0.0
EARLY_16,S-Burst,ustc,A-2,Gmail,Weibo,0,863,0.0
EARLY_16,S-Burst,ustc,A-2,Gmail,Cridex,0,863,0.0
EARLY_16,S-Burst,ustc,A-2,Gmail,Zeus,0,863,0.0
EARLY_16,S-Burst,ustc,A-2,Gmail,SMB,3,863,0.0034762456546929316
EARLY_16,S-Burst,ustc,A-2,Gmail,BitTorrent,4,863,0.004634994206257242
EARLY_16,S-Burst,ustc,A-2,Gmail,WorldOfWarcraft,1,863,0.0011587485515643105
EARLY_16,S-Burst,ustc,A-2,Gmail,Shifu,0,863,0.0
EARLY_16,S-Burst,ustc,A-2,Gmail,Outlook,60,863,0.06952491309385864
EARLY_16,S-Burst,ustc,A-2,Gmail,Virut,0,863,0.0
EARLY_16,S-Burst,ustc,A-2,Gmail,MySQL,80,863,0.09269988412514485
EARLY_16,S-Burst,ustc,A-2,Gmail,Skype,6,863,0.006952491309385863
EARLY_16,S-Burst,ustc,A-2,Gmail,Miuref,0,863,0.0
EARLY_16,S-Burst,ustc,A-2,Gmail,Neris,0,863,0.0
EARLY_16,S-Burst,ustc,A-2,FTP,Gmail,4,10103,0.00039592200336533703
EARLY_16,S-Burst,ustc,A-2,FTP,FTP,10030,10103,0.9927744234385826
EARLY_16,S-Burst,ustc,A-2,FTP,Nsis-ay,0,10103,0.0
EARLY_16,S-Burst,ustc,A-2,FTP,Facetime,0,10103,0.0
EARLY_16,S-Burst,ustc,A-2,FTP,Weibo,0,10103,0.0
EARLY_16,S-Burst,ustc,A-2,FTP,Cridex,0,10103,0.0
EARLY_16,S-Burst,ustc,A-2,FTP,Zeus,0,10103,0.0
EARLY_16,S-Burst,ustc,A-2,FTP,SMB,0,10103,0.0
EARLY_16,S-Burst,ustc,A-2,FTP,BitTorrent,0,10103,0.0
EARLY_16,S-Burst,ustc,A-2,FTP,WorldOfWarcraft,0,10103,0.0
EARLY_16,S-Burst,ustc,A-2,FTP,Shifu,0,10103,0.0
EARLY_16,S-Burst,ustc,A-2,FTP,Outlook,0,10103,0.0
EARLY_16,S-Burst,ustc,A-2,FTP,Virut,0,10103,0.0
EARLY_16,S-Burst,ustc,A-2,FTP,MySQL,68,10103,0.006730674057210729
EARLY_16,S-Burst,ustc,A-2,FTP,Skype,1,10103,9.898050084133426e-05
EARLY_16,S-Burst,ustc,A-2,FTP,Miuref,0,10103,0.0
EARLY_16,S-Burst,ustc,A-2,FTP,Neris,0,10103,0.0
EARLY_16,S-Burst,ustc,A-2,Nsis-ay,Gmail,0,607,0.0
EARLY_16,S-Burst,ustc,A-2,Nsis-ay,FTP,0,607,0.0
EARLY_16,S-Burst,ustc,A-2,Nsis-ay,Nsis-ay,604,607,0.9950576606260296
EARLY_16,S-Burst,ustc,A-2,Nsis-ay,Facetime,0,607,0.0
EARLY_16,S-Burst,ustc,A-2,Nsis-ay,Weibo,0,607,0.0
EARLY_16,S-Burst,ustc,A-2,Nsis-ay,Cridex,0,607,0.0
EARLY_16,S-Burst,ustc,A-2,Nsis-ay,Zeus,0,607,0.0
EARLY_16,S-Burst,ustc,A-2,Nsis-ay,SMB,0,607,0.0
EARLY_16,S-Burst,ustc,A-2,Nsis-ay,BitTorrent,0,607,0.0
EARLY_16,S-Burst,ustc,A-2,Nsis-ay,WorldOfWarcraft,0,607,0.0
EARLY_16,S-Burst,ustc,A-2,Nsis-ay,Shifu,0,607,0.0
EARLY_16,S-Burst,ustc,A-2,Nsis-ay,Outlook,0,607,0.0
EARLY_16,S-Burst,ustc,A-2,Nsis-ay,Virut,2,607,0.0032948929159802307
EARLY_16,S-Burst,ustc,A-2,Nsis-ay,MySQL,0,607,0.0
EARLY_16,S-Burst,ustc,A-2,Nsis-ay,Skype,0,607,0.0
EARLY_16,S-Burst,ustc,A-2,Nsis-ay,Miuref,0,607,0.0
EARLY_16,S-Burst,ustc,A-2,Nsis-ay,Neris,1,607,0.0016474464579901153
EARLY_16,S-Burst,ustc,A-2,Facetime,Gmail,0,600,0.0
EARLY_16,S-Burst,ustc,A-2,Facetime,FTP,0,600,0.0
EARLY_16,S-Burst,ustc,A-2,Facetime,Nsis-ay,0,600,0.0
EARLY_16,S-Burst,ustc,A-2,Facetime,Facetime,600,600,1.0
EARLY_16,S-Burst,ustc,A-2,Facetime,Weibo,0,600,0.0
EARLY_16,S-Burst,ustc,A-2,Facetime,Cridex,0,600,0.0
EARLY_16,S-Burst,ustc,A-2,Facetime,Zeus,0,600,0.0
EARLY_16,S-Burst,ustc,A-2,Facetime,SMB,0,600,0.0
EARLY_16,S-Burst,ustc,A-2,Facetime,BitTorrent,0,600,0.0
EARLY_16,S-Burst,ustc,A-2,Facetime,WorldOfWarcraft,0,600,0.0
EARLY_16,S-Burst,ustc,A-2,Facetime,Shifu,0,600,0.0
EARLY_16,S-Burst,ustc,A-2,Facetime,Outlook,0,600,0.0
EARLY_16,S-Burst,ustc,A-2,Facetime,Virut,0,600,0.0
EARLY_16,S-Burst,ustc,A-2,Facetime,MySQL,0,600,0.0
EARLY_16,S-Burst,ustc,A-2,Facetime,Skype,0,600,0.0
EARLY_16,S-Burst,ustc,A-2,Facetime,Miuref,0,600,0.0
EARLY_16,S-Burst,ustc,A-2,Facetime,Neris,0,600,0.0
EARLY_16,S-Burst,ustc,A-2,Weibo,Gmail,0,3995,0.0
EARLY_16,S-Burst,ustc,A-2,Weibo,FTP,0,3995,0.0
EARLY_16,S-Burst,ustc,A-2,Weibo,Nsis-ay,0,3995,0.0
EARLY_16,S-Burst,ustc,A-2,Weibo,Facetime,0,3995,0.0
EARLY_16,S-Burst,ustc,A-2,Weibo,Weibo,3237,3995,0.8102628285356696
EARLY_16,S-Burst,ustc,A-2,Weibo,Cridex,0,3995,0.0
EARLY_16,S-Burst,ustc,A-2,Weibo,Zeus,0,3995,0.0
EARLY_16,S-Burst,ustc,A-2,Weibo,SMB,750,3995,0.18773466833541927
EARLY_16,S-Burst,ustc,A-2,Weibo,BitTorrent,0,3995,0.0
EARLY_16,S-Burst,ustc,A-2,Weibo,WorldOfWarcraft,0,3995,0.0
EARLY_16,S-Burst,ustc,A-2,Weibo,Shifu,0,3995,0.0
EARLY_16,S-Burst,ustc,A-2,Weibo,Outlook,0,3995,0.0
EARLY_16,S-Burst,ustc,A-2,Weibo,Virut,0,3995,0.0
EARLY_16,S-Burst,ustc,A-2,Weibo,MySQL,0,3995,0.0
EARLY_16,S-Burst,ustc,A-2,Weibo,Skype,8,3995,0.002002503128911139
EARLY_16,S-Burst,ustc,A-2,Weibo,Miuref,0,3995,0.0
EARLY_16,S-Burst,ustc,A-2,Weibo,Neris,0,3995,0.0
EARLY_16,S-Burst,ustc,A-2,Cridex,Gmail,0,1638,0.0
EARLY_16,S-Burst,ustc,A-2,Cridex,FTP,0,1638,0.0
EARLY_16,S-Burst,ustc,A-2,Cridex,Nsis-ay,0,1638,0.0
EARLY_16,S-Burst,ustc,A-2,Cridex,Facetime,0,1638,0.0
EARLY_16,S-Burst,ustc,A-2,Cridex,Weibo,0,1638,0.0
EARLY_16,S-Burst,ustc,A-2,Cridex,Cridex,1638,1638,1.0
EARLY_16,S-Burst,ustc,A-2,Cridex,Zeus,0,1638,0.0
EARLY_16,S-Burst,ustc,A-2,Cridex,SMB,0,1638,0.0
EARLY_16,S-Burst,ustc,A-2,Cridex,BitTorrent,0,1638,0.0
EARLY_16,S-Burst,ustc,A-2,Cridex,WorldOfWarcraft,0,1638,0.0
EARLY_16,S-Burst,ustc,A-2,Cridex,Shifu,0,1638,0.0
EARLY_16,S-Burst,ustc,A-2,Cridex,Outlook,0,1638,0.0
EARLY_16,S-Burst,ustc,A-2,Cridex,Virut,0,1638,0.0
EARLY_16,S-Burst,ustc,A-2,Cridex,MySQL,0,1638,0.0
EARLY_16,S-Burst,ustc,A-2,Cridex,Skype,0,1638,0.0
EARLY_16,S-Burst,ustc,A-2,Cridex,Miuref,0,1638,0.0
EARLY_16,S-Burst,ustc,A-2,Cridex,Neris,0,1638,0.0
EARLY_16,S-Burst,ustc,A-2,Zeus,Gmail,0,1097,0.0
EARLY_16,S-Burst,ustc,A-2,Zeus,FTP,0,1097,0.0
EARLY_16,S-Burst,ustc,A-2,Zeus,Nsis-ay,0,1097,0.0
EARLY_16,S-Burst,ustc,A-2,Zeus,Facetime,0,1097,0.0
EARLY_16,S-Burst,ustc,A-2,Zeus,Weibo,0,1097,0.0
EARLY_16,S-Burst,ustc,A-2,Zeus,Cridex,0,1097,0.0
EARLY_16,S-Burst,ustc,A-2,Zeus,Zeus,1096,1097,0.9990884229717412
EARLY_16,S-Burst,ustc,A-2,Zeus,SMB,0,1097,0.0
EARLY_16,S-Burst,ustc,A-2,Zeus,BitTorrent,0,1097,0.0
EARLY_16,S-Burst,ustc,A-2,Zeus,WorldOfWarcraft,0,1097,0.0
EARLY_16,S-Burst,ustc,A-2,Zeus,Shifu,0,1097,0.0
EARLY_16,S-Burst,ustc,A-2,Zeus,Outlook,0,1097,0.0
EARLY_16,S-Burst,ustc,A-2,Zeus,Virut,1,1097,0.0009115770282588879
EARLY_16,S-Burst,ustc,A-2,Zeus,MySQL,0,1097,0.0
EARLY_16,S-Burst,ustc,A-2,Zeus,Skype,0,1097,0.0
EARLY_16,S-Burst,ustc,A-2,Zeus,Miuref,0,1097,0.0
EARLY_16,S-Burst,ustc,A-2,Zeus,Neris,0,1097,0.0
EARLY_16,S-Burst,ustc,A-2,SMB,Gmail,4,3893,0.0010274852298998202
EARLY_16,S-Burst,ustc,A-2,SMB,FTP,0,3893,0.0
EARLY_16,S-Burst,ustc,A-2,SMB,Nsis-ay,0,3893,0.0
EARLY_16,S-Burst,ustc,A-2,SMB,Facetime,0,3893,0.0
EARLY_16,S-Burst,ustc,A-2,SMB,Weibo,1005,3893,0.2581556640123298
EARLY_16,S-Burst,ustc,A-2,SMB,Cridex,0,3893,0.0
EARLY_16,S-Burst,ustc,A-2,SMB,Zeus,0,3893,0.0
EARLY_16,S-Burst,ustc,A-2,SMB,SMB,2874,3893,0.7382481376830208
EARLY_16,S-Burst,ustc,A-2,SMB,BitTorrent,0,3893,0.0
EARLY_16,S-Burst,ustc,A-2,SMB,WorldOfWarcraft,0,3893,0.0
EARLY_16,S-Burst,ustc,A-2,SMB,Shifu,0,3893,0.0
EARLY_16,S-Burst,ustc,A-2,SMB,Outlook,0,3893,0.0
EARLY_16,S-Burst,ustc,A-2,SMB,Virut,0,3893,0.0
EARLY_16,S-Burst,ustc,A-2,SMB,MySQL,7,3893,0.0017980991523246853
EARLY_16,S-Burst,ustc,A-2,SMB,Skype,3,3893,0.0007706139224248652
EARLY_16,S-Burst,ustc,A-2,SMB,Miuref,0,3893,0.0
EARLY_16,S-Burst,ustc,A-2,SMB,Neris,0,3893,0.0
EARLY_16,S-Burst,ustc,A-2,BitTorrent,Gmail,1,752,0.0013297872340425532
EARLY_16,S-Burst,ustc,A-2,BitTorrent,FTP,0,752,0.0
EARLY_16,S-Burst,ustc,A-2,BitTorrent,Nsis-ay,0,752,0.0
EARLY_16,S-Burst,ustc,A-2,BitTorrent,Facetime,0,752,0.0
EARLY_16,S-Burst,ustc,A-2,BitTorrent,Weibo,0,752,0.0
EARLY_16,S-Burst,ustc,A-2,BitTorrent,Cridex,0,752,0.0
EARLY_16,S-Burst,ustc,A-2,BitTorrent,Zeus,0,752,0.0
EARLY_16,S-Burst,ustc,A-2,BitTorrent,SMB,0,752,0.0
EARLY_16,S-Burst,ustc,A-2,BitTorrent,BitTorrent,655,752,0.8710106382978723
EARLY_16,S-Burst,ustc,A-2,BitTorrent,WorldOfWarcraft,0,752,0.0
EARLY_16,S-Burst,ustc,A-2,BitTorrent,Shifu,0,752,0.0
EARLY_16,S-Burst,ustc,A-2,BitTorrent,Outlook,93,752,0.12367021276595745
EARLY_16,S-Burst,ustc,A-2,BitTorrent,Virut,0,752,0.0
EARLY_16,S-Burst,ustc,A-2,BitTorrent,MySQL,0,752,0.0
EARLY_16,S-Burst,ustc,A-2,BitTorrent,Skype,3,752,0.003989361702127659
EARLY_16,S-Burst,ustc,A-2,BitTorrent,Miuref,0,752,0.0
EARLY_16,S-Burst,ustc,A-2,BitTorrent,Neris,0,752,0.0
EARLY_16,S-Burst,ustc,A-2,WorldOfWarcraft,Gmail,1,789,0.0012674271229404308
EARLY_16,S-Burst,ustc,A-2,WorldOfWarcraft,FTP,0,789,0.0
EARLY_16,S-Burst,ustc,A-2,WorldOfWarcraft,Nsis-ay,0,789,0.0
EARLY_16,S-Burst,ustc,A-2,WorldOfWarcraft,Facetime,0,789,0.0
EARLY_16,S-Burst,ustc,A-2,WorldOfWarcraft,Weibo,0,789,0.0
EARLY_16,S-Burst,ustc,A-2,WorldOfWarcraft,Cridex,0,789,0.0
EARLY_16,S-Burst,ustc,A-2,WorldOfWarcraft,Zeus,0,789,0.0
EARLY_16,S-Burst,ustc,A-2,WorldOfWarcraft,SMB,0,789,0.0
EARLY_16,S-Burst,ustc,A-2,WorldOfWarcraft,BitTorrent,0,789,0.0
EARLY_16,S-Burst,ustc,A-2,WorldOfWarcraft,WorldOfWarcraft,786,789,0.9961977186311787
EARLY_16,S-Burst,ustc,A-2,WorldOfWarcraft,Shifu,0,789,0.0
EARLY_16,S-Burst,ustc,A-2,WorldOfWarcraft,Outlook,0,789,0.0
EARLY_16,S-Burst,ustc,A-2,WorldOfWarcraft,Virut,0,789,0.0
EARLY_16,S-Burst,ustc,A-2,WorldOfWarcraft,MySQL,2,789,0.0025348542458808617
EARLY_16,S-Burst,ustc,A-2,WorldOfWarcraft,Skype,0,789,0.0
EARLY_16,S-Burst,ustc,A-2,WorldOfWarcraft,Miuref,0,789,0.0
EARLY_16,S-Burst,ustc,A-2,WorldOfWarcraft,Neris,0,789,0.0
EARLY_16,S-Burst,ustc,A-2,Shifu,Gmail,0,963,0.0
EARLY_16,S-Burst,ustc,A-2,Shifu,FTP,0,963,0.0
EARLY_16,S-Burst,ustc,A-2,Shifu,Nsis-ay,0,963,0.0
EARLY_16,S-Burst,ustc,A-2,Shifu,Facetime,0,963,0.0
EARLY_16,S-Burst,ustc,A-2,Shifu,Weibo,0,963,0.0
EARLY_16,S-Burst,ustc,A-2,Shifu,Cridex,0,963,0.0
EARLY_16,S-Burst,ustc,A-2,Shifu,Zeus,0,963,0.0
EARLY_16,S-Burst,ustc,A-2,Shifu,SMB,0,963,0.0
EARLY_16,S-Burst,ustc,A-2,Shifu,BitTorrent,0,963,0.0
EARLY_16,S-Burst,ustc,A-2,Shifu,WorldOfWarcraft,0,963,0.0
EARLY_16,S-Burst,ustc,A-2,Shifu,Shifu,960,963,0.9968847352024922
EARLY_16,S-Burst,ustc,A-2,Shifu,Outlook,0,963,0.0
EARLY_16,S-Burst,ustc,A-2,Shifu,Virut,0,963,0.0
EARLY_16,S-Burst,ustc,A-2,Shifu,MySQL,0,963,0.0
EARLY_16,S-Burst,ustc,A-2,Shifu,Skype,0,963,0.0
EARLY_16,S-Burst,ustc,A-2,Shifu,Miuref,3,963,0.003115264797507788
EARLY_16,S-Burst,ustc,A-2,Shifu,Neris,0,963,0.0
EARLY_16,S-Burst,ustc,A-2,Outlook,Gmail,8,753,0.010624169986719787
EARLY_16,S-Burst,ustc,A-2,Outlook,FTP,0,753,0.0
EARLY_16,S-Burst,ustc,A-2,Outlook,Nsis-ay,0,753,0.0
EARLY_16,S-Burst,ustc,A-2,Outlook,Facetime,0,753,0.0
EARLY_16,S-Burst,ustc,A-2,Outlook,Weibo,0,753,0.0
EARLY_16,S-Burst,ustc,A-2,Outlook,Cridex,0,753,0.0
EARLY_16,S-Burst,ustc,A-2,Outlook,Zeus,0,753,0.0
EARLY_16,S-Burst,ustc,A-2,Outlook,SMB,1,753,0.0013280212483399733
EARLY_16,S-Burst,ustc,A-2,Outlook,BitTorrent,24,753,0.03187250996015936
EARLY_16,S-Burst,ustc,A-2,Outlook,WorldOfWarcraft,0,753,0.0
EARLY_16,S-Burst,ustc,A-2,Outlook,Shifu,0,753,0.0
EARLY_16,S-Burst,ustc,A-2,Outlook,Outlook,716,753,0.950863213811421
EARLY_16,S-Burst,ustc,A-2,Outlook,Virut,0,753,0.0
EARLY_16,S-Burst,ustc,A-2,Outlook,MySQL,0,753,0.0
EARLY_16,S-Burst,ustc,A-2,Outlook,Skype,4,753,0.005312084993359893
EARLY_16,S-Burst,ustc,A-2,Outlook,Miuref,0,753,0.0
EARLY_16,S-Burst,ustc,A-2,Outlook,Neris,0,753,0.0
EARLY_16,S-Burst,ustc,A-2,Virut,Gmail,0,3310,0.0
EARLY_16,S-Burst,ustc,A-2,Virut,FTP,0,3310,0.0
EARLY_16,S-Burst,ustc,A-2,Virut,Nsis-ay,0,3310,0.0
EARLY_16,S-Burst,ustc,A-2,Virut,Facetime,0,3310,0.0
EARLY_16,S-Burst,ustc,A-2,Virut,Weibo,0,3310,0.0
EARLY_16,S-Burst,ustc,A-2,Virut,Cridex,0,3310,0.0
EARLY_16,S-Burst,ustc,A-2,Virut,Zeus,0,3310,0.0
EARLY_16,S-Burst,ustc,A-2,Virut,SMB,0,3310,0.0
EARLY_16,S-Burst,ustc,A-2,Virut,BitTorrent,0,3310,0.0
EARLY_16,S-Burst,ustc,A-2,Virut,WorldOfWarcraft,0,3310,0.0
EARLY_16,S-Burst,ustc,A-2,Virut,Shifu,0,3310,0.0
EARLY_16,S-Burst,ustc,A-2,Virut,Outlook,0,3310,0.0
EARLY_16,S-Burst,ustc,A-2,Virut,Virut,3075,3310,0.9290030211480362
EARLY_16,S-Burst,ustc,A-2,Virut,MySQL,0,3310,0.0
EARLY_16,S-Burst,ustc,A-2,Virut,Skype,0,3310,0.0
EARLY_16,S-Burst,ustc,A-2,Virut,Miuref,0,3310,0.0
EARLY_16,S-Burst,ustc,A-2,Virut,Neris,235,3310,0.07099697885196375
EARLY_16,S-Burst,ustc,A-2,MySQL,Gmail,18,8609,0.0020908351724939016
EARLY_16,S-Burst,ustc,A-2,MySQL,FTP,47,8609,0.005459402950400744
EARLY_16,S-Burst,ustc,A-2,MySQL,Nsis-ay,1,8609,0.00011615750958299454
EARLY_16,S-Burst,ustc,A-2,MySQL,Facetime,0,8609,0.0
EARLY_16,S-Burst,ustc,A-2,MySQL,Weibo,0,8609,0.0
EARLY_16,S-Burst,ustc,A-2,MySQL,Cridex,0,8609,0.0
EARLY_16,S-Burst,ustc,A-2,MySQL,Zeus,0,8609,0.0
EARLY_16,S-Burst,ustc,A-2,MySQL,SMB,2,8609,0.00023231501916598908
EARLY_16,S-Burst,ustc,A-2,MySQL,BitTorrent,0,8609,0.0
EARLY_16,S-Burst,ustc,A-2,MySQL,WorldOfWarcraft,0,8609,0.0
EARLY_16,S-Burst,ustc,A-2,MySQL,Shifu,0,8609,0.0
EARLY_16,S-Burst,ustc,A-2,MySQL,Outlook,0,8609,0.0
EARLY_16,S-Burst,ustc,A-2,MySQL,Virut,0,8609,0.0
EARLY_16,S-Burst,ustc,A-2,MySQL,MySQL,8535,8609,0.9914043442908584
EARLY_16,S-Burst,ustc,A-2,MySQL,Skype,6,8609,0.0006969450574979672
EARLY_16,S-Burst,ustc,A-2,MySQL,Miuref,0,8609,0.0
EARLY_16,S-Burst,ustc,A-2,MySQL,Neris,0,8609,0.0
EARLY_16,S-Burst,ustc,A-2,Skype,Gmail,0,632,0.0
EARLY_16,S-Burst,ustc,A-2,Skype,FTP,0,632,0.0
EARLY_16,S-Burst,ustc,A-2,Skype,Nsis-ay,0,632,0.0
EARLY_16,S-Burst,ustc,A-2,Skype,Facetime,0,632,0.0
EARLY_16,S-Burst,ustc,A-2,Skype,Weibo,0,632,0.0
EARLY_16,S-Burst,ustc,A-2,Skype,Cridex,0,632,0.0
EARLY_16,S-Burst,ustc,A-2,Skype,Zeus,0,632,0.0
EARLY_16,S-Burst,ustc,A-2,Skype,SMB,0,632,0.0
EARLY_16,S-Burst,ustc,A-2,Skype,BitTorrent,0,632,0.0
EARLY_16,S-Burst,ustc,A-2,Skype,WorldOfWarcraft,0,632,0.0
EARLY_16,S-Burst,ustc,A-2,Skype,Shifu,0,632,0.0
EARLY_16,S-Burst,ustc,A-2,Skype,Outlook,0,632,0.0
EARLY_16,S-Burst,ustc,A-2,Skype,Virut,0,632,0.0
EARLY_16,S-Burst,ustc,A-2,Skype,MySQL,0,632,0.0
EARLY_16,S-Burst,ustc,A-2,Skype,Skype,632,632,1.0
EARLY_16,S-Burst,ustc,A-2,Skype,Miuref,0,632,0.0
EARLY_16,S-Burst,ustc,A-2,Skype,Neris,0,632,0.0
EARLY_16,S-Burst,ustc,A-2,Miuref,Gmail,0,1348,0.0
EARLY_16,S-Burst,ustc,A-2,Miuref,FTP,0,1348,0.0
EARLY_16,S-Burst,ustc,A-2,Miuref,Nsis-ay,0,1348,0.0
EARLY_16,S-Burst,ustc,A-2,Miuref,Facetime,0,1348,0.0
EARLY_16,S-Burst,ustc,A-2,Miuref,Weibo,0,1348,0.0
EARLY_16,S-Burst,ustc,A-2,Miuref,Cridex,0,1348,0.0
EARLY_16,S-Burst,ustc,A-2,Miuref,Zeus,0,1348,0.0
EARLY_16,S-Burst,ustc,A-2,Miuref,SMB,0,1348,0.0
EARLY_16,S-Burst,ustc,A-2,Miuref,BitTorrent,0,1348,0.0
EARLY_16,S-Burst,ustc,A-2,Miuref,WorldOfWarcraft,0,1348,0.0
EARLY_16,S-Burst,ustc,A-2,Miuref,Shifu,2,1348,0.001483679525222552
EARLY_16,S-Burst,ustc,A-2,Miuref,Outlook,0,1348,0.0
EARLY_16,S-Burst,ustc,A-2,Miuref,Virut,0,1348,0.0
EARLY_16,S-Burst,ustc,A-2,Miuref,MySQL,0,1348,0.0
EARLY_16,S-Burst,ustc,A-2,Miuref,Skype,0,1348,0.0
EARLY_16,S-Burst,ustc,A-2,Miuref,Miuref,1346,1348,0.9985163204747775
EARLY_16,S-Burst,ustc,A-2,Miuref,Neris,0,1348,0.0
EARLY_16,S-Burst,ustc,A-2,Neris,Gmail,0,3379,0.0
EARLY_16,S-Burst,ustc,A-2,Neris,FTP,0,3379,0.0
EARLY_16,S-Burst,ustc,A-2,Neris,Nsis-ay,1,3379,0.0002959455460195324
EARLY_16,S-Burst,ustc,A-2,Neris,Facetime,0,3379,0.0
EARLY_16,S-Burst,ustc,A-2,Neris,Weibo,0,3379,0.0
EARLY_16,S-Burst,ustc,A-2,Neris,Cridex,0,3379,0.0
EARLY_16,S-Burst,ustc,A-2,Neris,Zeus,2,3379,0.0005918910920390648
EARLY_16,S-Burst,ustc,A-2,Neris,SMB,0,3379,0.0
EARLY_16,S-Burst,ustc,A-2,Neris,BitTorrent,0,3379,0.0
EARLY_16,S-Burst,ustc,A-2,Neris,WorldOfWarcraft,0,3379,0.0
EARLY_16,S-Burst,ustc,A-2,Neris,Shifu,0,3379,0.0
EARLY_16,S-Burst,ustc,A-2,Neris,Outlook,0,3379,0.0
EARLY_16,S-Burst,ustc,A-2,Neris,Virut,230,3379,0.06806747558449246
EARLY_16,S-Burst,ustc,A-2,Neris,MySQL,0,3379,0.0
EARLY_16,S-Burst,ustc,A-2,Neris,Skype,0,3379,0.0
EARLY_16,S-Burst,ustc,A-2,Neris,Miuref,0,3379,0.0
EARLY_16,S-Burst,ustc,A-2,Neris,Neris,3146,3379,0.931044687777449
