dataset,protocol_id,window_id,true_class,predicted_class,count,true_class_support,row_rate
iscx_vpn,medium_seed2022,Native,AIM,AIM,38,53,0.7169811320754716
iscx_vpn,medium_seed2022,Native,AIM,BitTorrent,0,53,0.0
iscx_vpn,medium_seed2022,Native,AIM,Email,1,53,0.018867924528301886
iscx_vpn,medium_seed2022,Native,AIM,FTPS,0,53,0.0
iscx_vpn,medium_seed2022,Native,AIM,Facebook,0,53,0.0
iscx_vpn,medium_seed2022,Native,AIM,Gmail,3,53,0.05660377358490566
iscx_vpn,medium_seed2022,Native,AIM,ICQ,2,53,0.03773584905660377
iscx_vpn,medium_seed2022,Native,AIM,Netflix,0,53,0.0
iscx_vpn,medium_seed2022,Native,AIM,SCP,2,53,0.03773584905660377
iscx_vpn,medium_seed2022,Native,AIM,SFTP,0,53,0.0
iscx_vpn,medium_seed2022,Native,AIM,Spotify,0,53,0.0
iscx_vpn,medium_seed2022,Native,AIM,Vimeo,1,53,0.018867924528301886
iscx_vpn,medium_seed2022,Native,AIM,VoIPBuster,6,53,0.11320754716981132
iscx_vpn,medium_seed2022,Native,BitTorrent,AIM,0,100,0.0
iscx_vpn,medium_seed2022,Native,BitTorrent,BitTorrent,95,100,0.95
iscx_vpn,medium_seed2022,Native,BitTorrent,Email,2,100,0.02
iscx_vpn,medium_seed2022,Native,BitTorrent,FTPS,1,100,0.01
iscx_vpn,medium_seed2022,Native,BitTorrent,Facebook,0,100,0.0
iscx_vpn,medium_seed2022,Native,BitTorrent,Gmail,0,100,0.0
iscx_vpn,medium_seed2022,Native,BitTorrent,ICQ,0,100,0.0
iscx_vpn,medium_seed2022,Native,BitTorrent,Netflix,2,100,0.02
iscx_vpn,medium_seed2022,Native,BitTorrent,SCP,0,100,0.0
iscx_vpn,medium_seed2022,Native,BitTorrent,SFTP,0,100,0.0
iscx_vpn,medium_seed2022,Native,BitTorrent,Spotify,0,100,0.0
iscx_vpn,medium_seed2022,Native,BitTorrent,Vimeo,0,100,0.0
iscx_vpn,medium_seed2022,Native,BitTorrent,VoIPBuster,0,100,0.0
iscx_vpn,medium_seed2022,Native,Email,AIM,1,200,0.005
iscx_vpn,medium_seed2022,Native,Email,BitTorrent,0,200,0.0
iscx_vpn,medium_seed2022,Native,Email,Email,170,200,0.85
iscx_vpn,medium_seed2022,Native,Email,FTPS,1,200,0.005
iscx_vpn,medium_seed2022,Native,Email,Facebook,12,200,0.06
iscx_vpn,medium_seed2022,Native,Email,Gmail,1,200,0.005
iscx_vpn,medium_seed2022,Native,Email,ICQ,2,200,0.01
iscx_vpn,medium_seed2022,Native,Email,Netflix,2,200,0.01
iscx_vpn,medium_seed2022,Native,Email,SCP,6,200,0.03
iscx_vpn,medium_seed2022,Native,Email,SFTP,0,200,0.0
iscx_vpn,medium_seed2022,Native,Email,Spotify,2,200,0.01
iscx_vpn,medium_seed2022,Native,Email,Vimeo,2,200,0.01
iscx_vpn,medium_seed2022,Native,Email,VoIPBuster,1,200,0.005
iscx_vpn,medium_seed2022,Native,FTPS,AIM,2,200,0.01
iscx_vpn,medium_seed2022,Native,FTPS,BitTorrent,0,200,0.0
iscx_vpn,medium_seed2022,Native,FTPS,Email,3,200,0.015
iscx_vpn,medium_seed2022,Native,FTPS,FTPS,160,200,0.8
iscx_vpn,medium_seed2022,Native,FTPS,Facebook,0,200,0.0
iscx_vpn,medium_seed2022,Native,FTPS,Gmail,2,200,0.01
iscx_vpn,medium_seed2022,Native,FTPS,ICQ,1,200,0.005
iscx_vpn,medium_seed2022,Native,FTPS,Netflix,5,200,0.025
iscx_vpn,medium_seed2022,Native,FTPS,SCP,1,200,0.005
iscx_vpn,medium_seed2022,Native,FTPS,SFTP,0,200,0.0
iscx_vpn,medium_seed2022,Native,FTPS,Spotify,4,200,0.02
iscx_vpn,medium_seed2022,Native,FTPS,Vimeo,2,200,0.01
iscx_vpn,medium_seed2022,Native,FTPS,VoIPBuster,20,200,0.1
iscx_vpn,medium_seed2022,Native,Facebook,AIM,0,200,0.0
iscx_vpn,medium_seed2022,Native,Facebook,BitTorrent,0,200,0.0
iscx_vpn,medium_seed2022,Native,Facebook,Email,24,200,0.12
iscx_vpn,medium_seed2022,Native,Facebook,FTPS,3,200,0.015
iscx_vpn,medium_seed2022,Native,Facebook,Facebook,160,200,0.8
iscx_vpn,medium_seed2022,Native,Facebook,Gmail,2,200,0.01
iscx_vpn,medium_seed2022,Native,Facebook,ICQ,3,200,0.015
iscx_vpn,medium_seed2022,Native,Facebook,Netflix,0,200,0.0
iscx_vpn,medium_seed2022,Native,Facebook,SCP,6,200,0.03
iscx_vpn,medium_seed2022,Native,Facebook,SFTP,0,200,0.0
iscx_vpn,medium_seed2022,Native,Facebook,Spotify,1,200,0.005
iscx_vpn,medium_seed2022,Native,Facebook,Vimeo,1,200,0.005
iscx_vpn,medium_seed2022,Native,Facebook,VoIPBuster,0,200,0.0
iscx_vpn,medium_seed2022,Native,Gmail,AIM,0,54,0.0
iscx_vpn,medium_seed2022,Native,Gmail,BitTorrent,0,54,0.0
iscx_vpn,medium_seed2022,Native,Gmail,Email,2,54,0.037037037037037035
iscx_vpn,medium_seed2022,Native,Gmail,FTPS,2,54,0.037037037037037035
iscx_vpn,medium_seed2022,Native,Gmail,Facebook,1,54,0.018518518518518517
iscx_vpn,medium_seed2022,Native,Gmail,Gmail,42,54,0.7777777777777778
iscx_vpn,medium_seed2022,Native,Gmail,ICQ,3,54,0.05555555555555555
iscx_vpn,medium_seed2022,Native,Gmail,Netflix,0,54,0.0
iscx_vpn,medium_seed2022,Native,Gmail,SCP,3,54,0.05555555555555555
iscx_vpn,medium_seed2022,Native,Gmail,SFTP,0,54,0.0
iscx_vpn,medium_seed2022,Native,Gmail,Spotify,1,54,0.018518518518518517
iscx_vpn,medium_seed2022,Native,Gmail,Vimeo,0,54,0.0
iscx_vpn,medium_seed2022,Native,Gmail,VoIPBuster,0,54,0.0
iscx_vpn,medium_seed2022,Native,ICQ,AIM,2,53,0.03773584905660377
iscx_vpn,medium_seed2022,Native,ICQ,BitTorrent,0,53,0.0
iscx_vpn,medium_seed2022,Native,ICQ,Email,3,53,0.05660377358490566
iscx_vpn,medium_seed2022,Native,ICQ,FTPS,1,53,0.018867924528301886
iscx_vpn,medium_seed2022,Native,ICQ,Facebook,0,53,0.0
iscx_vpn,medium_seed2022,Native,ICQ,Gmail,1,53,0.018867924528301886
iscx_vpn,medium_seed2022,Native,ICQ,ICQ,36,53,0.6792452830188679
iscx_vpn,medium_seed2022,Native,ICQ,Netflix,0,53,0.0
iscx_vpn,medium_seed2022,Native,ICQ,SCP,6,53,0.11320754716981132
iscx_vpn,medium_seed2022,Native,ICQ,SFTP,0,53,0.0
iscx_vpn,medium_seed2022,Native,ICQ,Spotify,0,53,0.0
iscx_vpn,medium_seed2022,Native,ICQ,Vimeo,0,53,0.0
iscx_vpn,medium_seed2022,Native,ICQ,VoIPBuster,4,53,0.07547169811320754
iscx_vpn,medium_seed2022,Native,Netflix,AIM,0,118,0.0
iscx_vpn,medium_seed2022,Native,Netflix,BitTorrent,0,118,0.0
iscx_vpn,medium_seed2022,Native,Netflix,Email,0,118,0.0
iscx_vpn,medium_seed2022,Native,Netflix,FTPS,1,118,0.00847457627118644
iscx_vpn,medium_seed2022,Native,Netflix,Facebook,2,118,0.01694915254237288
iscx_vpn,medium_seed2022,Native,Netflix,Gmail,1,118,0.00847457627118644
iscx_vpn,medium_seed2022,Native,Netflix,ICQ,0,118,0.0
iscx_vpn,medium_seed2022,Native,Netflix,Netflix,75,118,0.635593220338983
iscx_vpn,medium_seed2022,Native,Netflix,SCP,7,118,0.059322033898305086
iscx_vpn,medium_seed2022,Native,Netflix,SFTP,0,118,0.0
iscx_vpn,medium_seed2022,Native,Netflix,Spotify,16,118,0.13559322033898305
iscx_vpn,medium_seed2022,Native,Netflix,Vimeo,16,118,0.13559322033898305
iscx_vpn,medium_seed2022,Native,Netflix,VoIPBuster,0,118,0.0
iscx_vpn,medium_seed2022,Native,SCP,AIM,2,200,0.01
iscx_vpn,medium_seed2022,Native,SCP,BitTorrent,1,200,0.005
iscx_vpn,medium_seed2022,Native,SCP,Email,3,200,0.015
iscx_vpn,medium_seed2022,Native,SCP,FTPS,0,200,0.0
iscx_vpn,medium_seed2022,Native,SCP,Facebook,10,200,0.05
iscx_vpn,medium_seed2022,Native,SCP,Gmail,1,200,0.005
iscx_vpn,medium_seed2022,Native,SCP,ICQ,2,200,0.01
iscx_vpn,medium_seed2022,Native,SCP,Netflix,10,200,0.05
iscx_vpn,medium_seed2022,Native,SCP,SCP,168,200,0.84
iscx_vpn,medium_seed2022,Native,SCP,SFTP,0,200,0.0
iscx_vpn,medium_seed2022,Native,SCP,Spotify,1,200,0.005
iscx_vpn,medium_seed2022,Native,SCP,Vimeo,2,200,0.01
iscx_vpn,medium_seed2022,Native,SCP,VoIPBuster,0,200,0.0
iscx_vpn,medium_seed2022,Native,SFTP,AIM,1,31,0.03225806451612903
iscx_vpn,medium_seed2022,Native,SFTP,BitTorrent,0,31,0.0
iscx_vpn,medium_seed2022,Native,SFTP,Email,2,31,0.06451612903225806
iscx_vpn,medium_seed2022,Native,SFTP,FTPS,3,31,0.0967741935483871
iscx_vpn,medium_seed2022,Native,SFTP,Facebook,1,31,0.03225806451612903
iscx_vpn,medium_seed2022,Native,SFTP,Gmail,0,31,0.0
iscx_vpn,medium_seed2022,Native,SFTP,ICQ,0,31,0.0
iscx_vpn,medium_seed2022,Native,SFTP,Netflix,1,31,0.03225806451612903
iscx_vpn,medium_seed2022,Native,SFTP,SCP,0,31,0.0
iscx_vpn,medium_seed2022,Native,SFTP,SFTP,21,31,0.6774193548387096
iscx_vpn,medium_seed2022,Native,SFTP,Spotify,1,31,0.03225806451612903
iscx_vpn,medium_seed2022,Native,SFTP,Vimeo,1,31,0.03225806451612903
iscx_vpn,medium_seed2022,Native,SFTP,VoIPBuster,0,31,0.0
iscx_vpn,medium_seed2022,Native,Spotify,AIM,0,79,0.0
iscx_vpn,medium_seed2022,Native,Spotify,BitTorrent,0,79,0.0
iscx_vpn,medium_seed2022,Native,Spotify,Email,0,79,0.0
iscx_vpn,medium_seed2022,Native,Spotify,FTPS,2,79,0.02531645569620253
iscx_vpn,medium_seed2022,Native,Spotify,Facebook,0,79,0.0
iscx_vpn,medium_seed2022,Native,Spotify,Gmail,2,79,0.02531645569620253
iscx_vpn,medium_seed2022,Native,Spotify,ICQ,0,79,0.0
iscx_vpn,medium_seed2022,Native,Spotify,Netflix,5,79,0.06329113924050633
iscx_vpn,medium_seed2022,Native,Spotify,SCP,0,79,0.0
iscx_vpn,medium_seed2022,Native,Spotify,SFTP,2,79,0.02531645569620253
iscx_vpn,medium_seed2022,Native,Spotify,Spotify,53,79,0.6708860759493671
iscx_vpn,medium_seed2022,Native,Spotify,Vimeo,14,79,0.17721518987341772
iscx_vpn,medium_seed2022,Native,Spotify,VoIPBuster,1,79,0.012658227848101266
iscx_vpn,medium_seed2022,Native,Vimeo,AIM,0,123,0.0
iscx_vpn,medium_seed2022,Native,Vimeo,BitTorrent,0,123,0.0
iscx_vpn,medium_seed2022,Native,Vimeo,Email,2,123,0.016260162601626018
iscx_vpn,medium_seed2022,Native,Vimeo,FTPS,2,123,0.016260162601626018
iscx_vpn,medium_seed2022,Native,Vimeo,Facebook,2,123,0.016260162601626018
iscx_vpn,medium_seed2022,Native,Vimeo,Gmail,0,123,0.0
iscx_vpn,medium_seed2022,Native,Vimeo,ICQ,0,123,0.0
iscx_vpn,medium_seed2022,Native,Vimeo,Netflix,15,123,0.12195121951219512
iscx_vpn,medium_seed2022,Native,Vimeo,SCP,3,123,0.024390243902439025
iscx_vpn,medium_seed2022,Native,Vimeo,SFTP,0,123,0.0
iscx_vpn,medium_seed2022,Native,Vimeo,Spotify,11,123,0.08943089430894309
iscx_vpn,medium_seed2022,Native,Vimeo,Vimeo,88,123,0.7154471544715447
iscx_vpn,medium_seed2022,Native,Vimeo,VoIPBuster,0,123,0.0
iscx_vpn,medium_seed2022,Native,VoIPBuster,AIM,1,200,0.005
iscx_vpn,medium_seed2022,Native,VoIPBuster,BitTorrent,1,200,0.005
iscx_vpn,medium_seed2022,Native,VoIPBuster,Email,0,200,0.0
iscx_vpn,medium_seed2022,Native,VoIPBuster,FTPS,23,200,0.115
iscx_vpn,medium_seed2022,Native,VoIPBuster,Facebook,3,200,0.015
iscx_vpn,medium_seed2022,Native,VoIPBuster,Gmail,2,200,0.01
iscx_vpn,medium_seed2022,Native,VoIPBuster,ICQ,2,200,0.01
iscx_vpn,medium_seed2022,Native,VoIPBuster,Netflix,1,200,0.005
iscx_vpn,medium_seed2022,Native,VoIPBuster,SCP,4,200,0.02
iscx_vpn,medium_seed2022,Native,VoIPBuster,SFTP,1,200,0.005
iscx_vpn,medium_seed2022,Native,VoIPBuster,Spotify,0,200,0.0
iscx_vpn,medium_seed2022,Native,VoIPBuster,Vimeo,1,200,0.005
iscx_vpn,medium_seed2022,Native,VoIPBuster,VoIPBuster,161,200,0.805
iscx_vpn,medium_seed2022,T8,AIM,AIM,3,53,0.05660377358490566
iscx_vpn,medium_seed2022,T8,AIM,BitTorrent,0,53,0.0
iscx_vpn,medium_seed2022,T8,AIM,Email,9,53,0.16981132075471697
iscx_vpn,medium_seed2022,T8,AIM,FTPS,4,53,0.07547169811320754
iscx_vpn,medium_seed2022,T8,AIM,Facebook,29,53,0.5471698113207547
iscx_vpn,medium_seed2022,T8,AIM,Gmail,0,53,0.0
iscx_vpn,medium_seed2022,T8,AIM,ICQ,2,53,0.03773584905660377
iscx_vpn,medium_seed2022,T8,AIM,Netflix,2,53,0.03773584905660377
iscx_vpn,medium_seed2022,T8,AIM,SCP,0,53,0.0
iscx_vpn,medium_seed2022,T8,AIM,SFTP,0,53,0.0
iscx_vpn,medium_seed2022,T8,AIM,Spotify,0,53,0.0
iscx_vpn,medium_seed2022,T8,AIM,Vimeo,2,53,0.03773584905660377
iscx_vpn,medium_seed2022,T8,AIM,VoIPBuster,2,53,0.03773584905660377
iscx_vpn,medium_seed2022,T8,BitTorrent,AIM,0,100,0.0
iscx_vpn,medium_seed2022,T8,BitTorrent,BitTorrent,50,100,0.5
iscx_vpn,medium_seed2022,T8,BitTorrent,Email,4,100,0.04
iscx_vpn,medium_seed2022,T8,BitTorrent,FTPS,5,100,0.05
iscx_vpn,medium_seed2022,T8,BitTorrent,Facebook,0,100,0.0
iscx_vpn,medium_seed2022,T8,BitTorrent,Gmail,0,100,0.0
iscx_vpn,medium_seed2022,T8,BitTorrent,ICQ,0,100,0.0
iscx_vpn,medium_seed2022,T8,BitTorrent,Netflix,29,100,0.29
iscx_vpn,medium_seed2022,T8,BitTorrent,SCP,0,100,0.0
iscx_vpn,medium_seed2022,T8,BitTorrent,SFTP,0,100,0.0
iscx_vpn,medium_seed2022,T8,BitTorrent,Spotify,1,100,0.01
iscx_vpn,medium_seed2022,T8,BitTorrent,Vimeo,2,100,0.02
iscx_vpn,medium_seed2022,T8,BitTorrent,VoIPBuster,9,100,0.09
iscx_vpn,medium_seed2022,T8,Email,AIM,0,200,0.0
iscx_vpn,medium_seed2022,T8,Email,BitTorrent,7,200,0.035
iscx_vpn,medium_seed2022,T8,Email,Email,70,200,0.35
iscx_vpn,medium_seed2022,T8,Email,FTPS,8,200,0.04
iscx_vpn,medium_seed2022,T8,Email,Facebook,91,200,0.455
iscx_vpn,medium_seed2022,T8,Email,Gmail,0,200,0.0
iscx_vpn,medium_seed2022,T8,Email,ICQ,0,200,0.0
iscx_vpn,medium_seed2022,T8,Email,Netflix,9,200,0.045
iscx_vpn,medium_seed2022,T8,Email,SCP,4,200,0.02
iscx_vpn,medium_seed2022,T8,Email,SFTP,0,200,0.0
iscx_vpn,medium_seed2022,T8,Email,Spotify,2,200,0.01
iscx_vpn,medium_seed2022,T8,Email,Vimeo,8,200,0.04
iscx_vpn,medium_seed2022,T8,Email,VoIPBuster,1,200,0.005
iscx_vpn,medium_seed2022,T8,FTPS,AIM,0,200,0.0
iscx_vpn,medium_seed2022,T8,FTPS,BitTorrent,14,200,0.07
iscx_vpn,medium_seed2022,T8,FTPS,Email,4,200,0.02
iscx_vpn,medium_seed2022,T8,FTPS,FTPS,110,200,0.55
iscx_vpn,medium_seed2022,T8,FTPS,Facebook,6,200,0.03
iscx_vpn,medium_seed2022,T8,FTPS,Gmail,0,200,0.0
iscx_vpn,medium_seed2022,T8,FTPS,ICQ,0,200,0.0
iscx_vpn,medium_seed2022,T8,FTPS,Netflix,21,200,0.105
iscx_vpn,medium_seed2022,T8,FTPS,SCP,2,200,0.01
iscx_vpn,medium_seed2022,T8,FTPS,SFTP,0,200,0.0
iscx_vpn,medium_seed2022,T8,FTPS,Spotify,1,200,0.005
iscx_vpn,medium_seed2022,T8,FTPS,Vimeo,1,200,0.005
iscx_vpn,medium_seed2022,T8,FTPS,VoIPBuster,41,200,0.205
iscx_vpn,medium_seed2022,T8,Facebook,AIM,0,200,0.0
iscx_vpn,medium_seed2022,T8,Facebook,BitTorrent,0,200,0.0
iscx_vpn,medium_seed2022,T8,Facebook,Email,28,200,0.14
iscx_vpn,medium_seed2022,T8,Facebook,FTPS,7,200,0.035
iscx_vpn,medium_seed2022,T8,Facebook,Facebook,155,200,0.775
iscx_vpn,medium_seed2022,T8,Facebook,Gmail,0,200,0.0
iscx_vpn,medium_seed2022,T8,Facebook,ICQ,0,200,0.0
iscx_vpn,medium_seed2022,T8,Facebook,Netflix,0,200,0.0
iscx_vpn,medium_seed2022,T8,Facebook,SCP,3,200,0.015
iscx_vpn,medium_seed2022,T8,Facebook,SFTP,3,200,0.015
iscx_vpn,medium_seed2022,T8,Facebook,Spotify,2,200,0.01
iscx_vpn,medium_seed2022,T8,Facebook,Vimeo,1,200,0.005
iscx_vpn,medium_seed2022,T8,Facebook,VoIPBuster,1,200,0.005
iscx_vpn,medium_seed2022,T8,Gmail,AIM,0,54,0.0
iscx_vpn,medium_seed2022,T8,Gmail,BitTorrent,0,54,0.0
iscx_vpn,medium_seed2022,T8,Gmail,Email,3,54,0.05555555555555555
iscx_vpn,medium_seed2022,T8,Gmail,FTPS,3,54,0.05555555555555555
iscx_vpn,medium_seed2022,T8,Gmail,Facebook,6,54,0.1111111111111111
iscx_vpn,medium_seed2022,T8,Gmail,Gmail,32,54,0.5925925925925926
iscx_vpn,medium_seed2022,T8,Gmail,ICQ,0,54,0.0
iscx_vpn,medium_seed2022,T8,Gmail,Netflix,5,54,0.09259259259259259
iscx_vpn,medium_seed2022,T8,Gmail,SCP,0,54,0.0
iscx_vpn,medium_seed2022,T8,Gmail,SFTP,3,54,0.05555555555555555
iscx_vpn,medium_seed2022,T8,Gmail,Spotify,1,54,0.018518518518518517
iscx_vpn,medium_seed2022,T8,Gmail,Vimeo,0,54,0.0
iscx_vpn,medium_seed2022,T8,Gmail,VoIPBuster,1,54,0.018518518518518517
iscx_vpn,medium_seed2022,T8,ICQ,AIM,3,53,0.05660377358490566
iscx_vpn,medium_seed2022,T8,ICQ,BitTorrent,0,53,0.0
iscx_vpn,medium_seed2022,T8,ICQ,Email,1,53,0.018867924528301886
iscx_vpn,medium_seed2022,T8,ICQ,FTPS,3,53,0.05660377358490566
iscx_vpn,medium_seed2022,T8,ICQ,Facebook,37,53,0.6981132075471698
iscx_vpn,medium_seed2022,T8,ICQ,Gmail,2,53,0.03773584905660377
iscx_vpn,medium_seed2022,T8,ICQ,ICQ,0,53,0.0
iscx_vpn,medium_seed2022,T8,ICQ,Netflix,3,53,0.05660377358490566
iscx_vpn,medium_seed2022,T8,ICQ,SCP,0,53,0.0
iscx_vpn,medium_seed2022,T8,ICQ,SFTP,0,53,0.0
iscx_vpn,medium_seed2022,T8,ICQ,Spotify,0,53,0.0
iscx_vpn,medium_seed2022,T8,ICQ,Vimeo,2,53,0.03773584905660377
iscx_vpn,medium_seed2022,T8,ICQ,VoIPBuster,2,53,0.03773584905660377
iscx_vpn,medium_seed2022,T8,Netflix,AIM,0,118,0.0
iscx_vpn,medium_seed2022,T8,Netflix,BitTorrent,4,118,0.03389830508474576
iscx_vpn,medium_seed2022,T8,Netflix,Email,5,118,0.0423728813559322
iscx_vpn,medium_seed2022,T8,Netflix,FTPS,4,118,0.03389830508474576
iscx_vpn,medium_seed2022,T8,Netflix,Facebook,0,118,0.0
iscx_vpn,medium_seed2022,T8,Netflix,Gmail,0,118,0.0
iscx_vpn,medium_seed2022,T8,Netflix,ICQ,0,118,0.0
iscx_vpn,medium_seed2022,T8,Netflix,Netflix,56,118,0.4745762711864407
iscx_vpn,medium_seed2022,T8,Netflix,SCP,36,118,0.3050847457627119
iscx_vpn,medium_seed2022,T8,Netflix,SFTP,0,118,0.0
iscx_vpn,medium_seed2022,T8,Netflix,Spotify,6,118,0.05084745762711865
iscx_vpn,medium_seed2022,T8,Netflix,Vimeo,7,118,0.059322033898305086
iscx_vpn,medium_seed2022,T8,Netflix,VoIPBuster,0,118,0.0
iscx_vpn,medium_seed2022,T8,SCP,AIM,0,200,0.0
iscx_vpn,medium_seed2022,T8,SCP,BitTorrent,3,200,0.015
iscx_vpn,medium_seed2022,T8,SCP,Email,20,200,0.1
iscx_vpn,medium_seed2022,T8,SCP,FTPS,6,200,0.03
iscx_vpn,medium_seed2022,T8,SCP,Facebook,83,200,0.415
iscx_vpn,medium_seed2022,T8,SCP,Gmail,1,200,0.005
iscx_vpn,medium_seed2022,T8,SCP,ICQ,0,200,0.0
iscx_vpn,medium_seed2022,T8,SCP,Netflix,19,200,0.095
iscx_vpn,medium_seed2022,T8,SCP,SCP,62,200,0.31
iscx_vpn,medium_seed2022,T8,SCP,SFTP,3,200,0.015
iscx_vpn,medium_seed2022,T8,SCP,Spotify,0,200,0.0
iscx_vpn,medium_seed2022,T8,SCP,Vimeo,3,200,0.015
iscx_vpn,medium_seed2022,T8,SCP,VoIPBuster,0,200,0.0
iscx_vpn,medium_seed2022,T8,SFTP,AIM,2,31,0.06451612903225806
iscx_vpn,medium_seed2022,T8,SFTP,BitTorrent,0,31,0.0
iscx_vpn,medium_seed2022,T8,SFTP,Email,1,31,0.03225806451612903
iscx_vpn,medium_seed2022,T8,SFTP,FTPS,4,31,0.12903225806451613
iscx_vpn,medium_seed2022,T8,SFTP,Facebook,1,31,0.03225806451612903
iscx_vpn,medium_seed2022,T8,SFTP,Gmail,1,31,0.03225806451612903
iscx_vpn,medium_seed2022,T8,SFTP,ICQ,0,31,0.0
iscx_vpn,medium_seed2022,T8,SFTP,Netflix,8,31,0.25806451612903225
iscx_vpn,medium_seed2022,T8,SFTP,SCP,1,31,0.03225806451612903
iscx_vpn,medium_seed2022,T8,SFTP,SFTP,10,31,0.3225806451612903
iscx_vpn,medium_seed2022,T8,SFTP,Spotify,1,31,0.03225806451612903
iscx_vpn,medium_seed2022,T8,SFTP,Vimeo,2,31,0.06451612903225806
iscx_vpn,medium_seed2022,T8,SFTP,VoIPBuster,0,31,0.0
iscx_vpn,medium_seed2022,T8,Spotify,AIM,0,79,0.0
iscx_vpn,medium_seed2022,T8,Spotify,BitTorrent,0,79,0.0
iscx_vpn,medium_seed2022,T8,Spotify,Email,5,79,0.06329113924050633
iscx_vpn,medium_seed2022,T8,Spotify,FTPS,2,79,0.02531645569620253
iscx_vpn,medium_seed2022,T8,Spotify,Facebook,2,79,0.02531645569620253
iscx_vpn,medium_seed2022,T8,Spotify,Gmail,2,79,0.02531645569620253
iscx_vpn,medium_seed2022,T8,Spotify,ICQ,0,79,0.0
iscx_vpn,medium_seed2022,T8,Spotify,Netflix,21,79,0.26582278481012656
iscx_vpn,medium_seed2022,T8,Spotify,SCP,14,79,0.17721518987341772
iscx_vpn,medium_seed2022,T8,Spotify,SFTP,3,79,0.0379746835443038
iscx_vpn,medium_seed2022,T8,Spotify,Spotify,19,79,0.24050632911392406
iscx_vpn,medium_seed2022,T8,Spotify,Vimeo,10,79,0.12658227848101267
iscx_vpn,medium_seed2022,T8,Spotify,VoIPBuster,1,79,0.012658227848101266
iscx_vpn,medium_seed2022,T8,Vimeo,AIM,1,123,0.008130081300813009
iscx_vpn,medium_seed2022,T8,Vimeo,BitTorrent,4,123,0.032520325203252036
iscx_vpn,medium_seed2022,T8,Vimeo,Email,6,123,0.04878048780487805
iscx_vpn,medium_seed2022,T8,Vimeo,FTPS,3,123,0.024390243902439025
iscx_vpn,medium_seed2022,T8,Vimeo,Facebook,3,123,0.024390243902439025
iscx_vpn,medium_seed2022,T8,Vimeo,Gmail,2,123,0.016260162601626018
iscx_vpn,medium_seed2022,T8,Vimeo,ICQ,1,123,0.008130081300813009
iscx_vpn,medium_seed2022,T8,Vimeo,Netflix,23,123,0.18699186991869918
iscx_vpn,medium_seed2022,T8,Vimeo,SCP,29,123,0.23577235772357724
iscx_vpn,medium_seed2022,T8,Vimeo,SFTP,0,123,0.0
iscx_vpn,medium_seed2022,T8,Vimeo,Spotify,5,123,0.04065040650406504
iscx_vpn,medium_seed2022,T8,Vimeo,Vimeo,46,123,0.37398373983739835
iscx_vpn,medium_seed2022,T8,Vimeo,VoIPBuster,0,123,0.0
iscx_vpn,medium_seed2022,T8,VoIPBuster,AIM,0,200,0.0
iscx_vpn,medium_seed2022,T8,VoIPBuster,BitTorrent,0,200,0.0
iscx_vpn,medium_seed2022,T8,VoIPBuster,Email,12,200,0.06
iscx_vpn,medium_seed2022,T8,VoIPBuster,FTPS,24,200,0.12
iscx_vpn,medium_seed2022,T8,VoIPBuster,Facebook,113,200,0.565
iscx_vpn,medium_seed2022,T8,VoIPBuster,Gmail,2,200,0.01
iscx_vpn,medium_seed2022,T8,VoIPBuster,ICQ,0,200,0.0
iscx_vpn,medium_seed2022,T8,VoIPBuster,Netflix,11,200,0.055
iscx_vpn,medium_seed2022,T8,VoIPBuster,SCP,2,200,0.01
iscx_vpn,medium_seed2022,T8,VoIPBuster,SFTP,2,200,0.01
iscx_vpn,medium_seed2022,T8,VoIPBuster,Spotify,1,200,0.005
iscx_vpn,medium_seed2022,T8,VoIPBuster,Vimeo,1,200,0.005
iscx_vpn,medium_seed2022,T8,VoIPBuster,VoIPBuster,32,200,0.16
iscx_vpn,medium_seed2022,T16,AIM,AIM,2,53,0.03773584905660377
iscx_vpn,medium_seed2022,T16,AIM,BitTorrent,0,53,0.0
iscx_vpn,medium_seed2022,T16,AIM,Email,7,53,0.1320754716981132
iscx_vpn,medium_seed2022,T16,AIM,FTPS,4,53,0.07547169811320754
iscx_vpn,medium_seed2022,T16,AIM,Facebook,29,53,0.5471698113207547
iscx_vpn,medium_seed2022,T16,AIM,Gmail,0,53,0.0
iscx_vpn,medium_seed2022,T16,AIM,ICQ,2,53,0.03773584905660377
iscx_vpn,medium_seed2022,T16,AIM,Netflix,2,53,0.03773584905660377
iscx_vpn,medium_seed2022,T16,AIM,SCP,0,53,0.0
iscx_vpn,medium_seed2022,T16,AIM,SFTP,0,53,0.0
iscx_vpn,medium_seed2022,T16,AIM,Spotify,1,53,0.018867924528301886
iscx_vpn,medium_seed2022,T16,AIM,Vimeo,2,53,0.03773584905660377
iscx_vpn,medium_seed2022,T16,AIM,VoIPBuster,4,53,0.07547169811320754
iscx_vpn,medium_seed2022,T16,BitTorrent,AIM,0,100,0.0
iscx_vpn,medium_seed2022,T16,BitTorrent,BitTorrent,55,100,0.55
iscx_vpn,medium_seed2022,T16,BitTorrent,Email,3,100,0.03
iscx_vpn,medium_seed2022,T16,BitTorrent,FTPS,9,100,0.09
iscx_vpn,medium_seed2022,T16,BitTorrent,Facebook,0,100,0.0
iscx_vpn,medium_seed2022,T16,BitTorrent,Gmail,0,100,0.0
iscx_vpn,medium_seed2022,T16,BitTorrent,ICQ,0,100,0.0
iscx_vpn,medium_seed2022,T16,BitTorrent,Netflix,29,100,0.29
iscx_vpn,medium_seed2022,T16,BitTorrent,SCP,0,100,0.0
iscx_vpn,medium_seed2022,T16,BitTorrent,SFTP,0,100,0.0
iscx_vpn,medium_seed2022,T16,BitTorrent,Spotify,1,100,0.01
iscx_vpn,medium_seed2022,T16,BitTorrent,Vimeo,1,100,0.01
iscx_vpn,medium_seed2022,T16,BitTorrent,VoIPBuster,2,100,0.02
iscx_vpn,medium_seed2022,T16,Email,AIM,1,200,0.005
iscx_vpn,medium_seed2022,T16,Email,BitTorrent,10,200,0.05
iscx_vpn,medium_seed2022,T16,Email,Email,76,200,0.38
iscx_vpn,medium_seed2022,T16,Email,FTPS,3,200,0.015
iscx_vpn,medium_seed2022,T16,Email,Facebook,92,200,0.46
iscx_vpn,medium_seed2022,T16,Email,Gmail,0,200,0.0
iscx_vpn,medium_seed2022,T16,Email,ICQ,1,200,0.005
iscx_vpn,medium_seed2022,T16,Email,Netflix,9,200,0.045
iscx_vpn,medium_seed2022,T16,Email,SCP,4,200,0.02
iscx_vpn,medium_seed2022,T16,Email,SFTP,0,200,0.0
iscx_vpn,medium_seed2022,T16,Email,Spotify,0,200,0.0
iscx_vpn,medium_seed2022,T16,Email,Vimeo,3,200,0.015
iscx_vpn,medium_seed2022,T16,Email,VoIPBuster,1,200,0.005
iscx_vpn,medium_seed2022,T16,FTPS,AIM,1,200,0.005
iscx_vpn,medium_seed2022,T16,FTPS,BitTorrent,16,200,0.08
iscx_vpn,medium_seed2022,T16,FTPS,Email,26,200,0.13
iscx_vpn,medium_seed2022,T16,FTPS,FTPS,103,200,0.515
iscx_vpn,medium_seed2022,T16,FTPS,Facebook,7,200,0.035
iscx_vpn,medium_seed2022,T16,FTPS,Gmail,0,200,0.0
iscx_vpn,medium_seed2022,T16,FTPS,ICQ,0,200,0.0
iscx_vpn,medium_seed2022,T16,FTPS,Netflix,21,200,0.105
iscx_vpn,medium_seed2022,T16,FTPS,SCP,2,200,0.01
iscx_vpn,medium_seed2022,T16,FTPS,SFTP,2,200,0.01
iscx_vpn,medium_seed2022,T16,FTPS,Spotify,0,200,0.0
iscx_vpn,medium_seed2022,T16,FTPS,Vimeo,0,200,0.0
iscx_vpn,medium_seed2022,T16,FTPS,VoIPBuster,22,200,0.11
iscx_vpn,medium_seed2022,T16,Facebook,AIM,0,200,0.0
iscx_vpn,medium_seed2022,T16,Facebook,BitTorrent,0,200,0.0
iscx_vpn,medium_seed2022,T16,Facebook,Email,34,200,0.17
iscx_vpn,medium_seed2022,T16,Facebook,FTPS,2,200,0.01
iscx_vpn,medium_seed2022,T16,Facebook,Facebook,156,200,0.78
iscx_vpn,medium_seed2022,T16,Facebook,Gmail,0,200,0.0
iscx_vpn,medium_seed2022,T16,Facebook,ICQ,0,200,0.0
iscx_vpn,medium_seed2022,T16,Facebook,Netflix,0,200,0.0
iscx_vpn,medium_seed2022,T16,Facebook,SCP,2,200,0.01
iscx_vpn,medium_seed2022,T16,Facebook,SFTP,3,200,0.015
iscx_vpn,medium_seed2022,T16,Facebook,Spotify,2,200,0.01
iscx_vpn,medium_seed2022,T16,Facebook,Vimeo,1,200,0.005
iscx_vpn,medium_seed2022,T16,Facebook,VoIPBuster,0,200,0.0
iscx_vpn,medium_seed2022,T16,Gmail,AIM,0,54,0.0
iscx_vpn,medium_seed2022,T16,Gmail,BitTorrent,0,54,0.0
iscx_vpn,medium_seed2022,T16,Gmail,Email,4,54,0.07407407407407407
iscx_vpn,medium_seed2022,T16,Gmail,FTPS,3,54,0.05555555555555555
iscx_vpn,medium_seed2022,T16,Gmail,Facebook,6,54,0.1111111111111111
iscx_vpn,medium_seed2022,T16,Gmail,Gmail,33,54,0.6111111111111112
iscx_vpn,medium_seed2022,T16,Gmail,ICQ,0,54,0.0
iscx_vpn,medium_seed2022,T16,Gmail,Netflix,5,54,0.09259259259259259
iscx_vpn,medium_seed2022,T16,Gmail,SCP,0,54,0.0
iscx_vpn,medium_seed2022,T16,Gmail,SFTP,2,54,0.037037037037037035
iscx_vpn,medium_seed2022,T16,Gmail,Spotify,0,54,0.0
iscx_vpn,medium_seed2022,T16,Gmail,Vimeo,0,54,0.0
iscx_vpn,medium_seed2022,T16,Gmail,VoIPBuster,1,54,0.018518518518518517
iscx_vpn,medium_seed2022,T16,ICQ,AIM,2,53,0.03773584905660377
iscx_vpn,medium_seed2022,T16,ICQ,BitTorrent,1,53,0.018867924528301886
iscx_vpn,medium_seed2022,T16,ICQ,Email,2,53,0.03773584905660377
iscx_vpn,medium_seed2022,T16,ICQ,FTPS,1,53,0.018867924528301886
iscx_vpn,medium_seed2022,T16,ICQ,Facebook,37,53,0.6981132075471698
iscx_vpn,medium_seed2022,T16,ICQ,Gmail,0,53,0.0
iscx_vpn,medium_seed2022,T16,ICQ,ICQ,3,53,0.05660377358490566
iscx_vpn,medium_seed2022,T16,ICQ,Netflix,3,53,0.05660377358490566
iscx_vpn,medium_seed2022,T16,ICQ,SCP,0,53,0.0
iscx_vpn,medium_seed2022,T16,ICQ,SFTP,0,53,0.0
iscx_vpn,medium_seed2022,T16,ICQ,Spotify,1,53,0.018867924528301886
iscx_vpn,medium_seed2022,T16,ICQ,Vimeo,1,53,0.018867924528301886
iscx_vpn,medium_seed2022,T16,ICQ,VoIPBuster,2,53,0.03773584905660377
iscx_vpn,medium_seed2022,T16,Netflix,AIM,0,118,0.0
iscx_vpn,medium_seed2022,T16,Netflix,BitTorrent,6,118,0.05084745762711865
iscx_vpn,medium_seed2022,T16,Netflix,Email,3,118,0.025423728813559324
iscx_vpn,medium_seed2022,T16,Netflix,FTPS,4,118,0.03389830508474576
iscx_vpn,medium_seed2022,T16,Netflix,Facebook,1,118,0.00847457627118644
iscx_vpn,medium_seed2022,T16,Netflix,Gmail,0,118,0.0
iscx_vpn,medium_seed2022,T16,Netflix,ICQ,0,118,0.0
iscx_vpn,medium_seed2022,T16,Netflix,Netflix,52,118,0.4406779661016949
iscx_vpn,medium_seed2022,T16,Netflix,SCP,35,118,0.2966101694915254
iscx_vpn,medium_seed2022,T16,Netflix,SFTP,0,118,0.0
iscx_vpn,medium_seed2022,T16,Netflix,Spotify,10,118,0.0847457627118644
iscx_vpn,medium_seed2022,T16,Netflix,Vimeo,7,118,0.059322033898305086
iscx_vpn,medium_seed2022,T16,Netflix,VoIPBuster,0,118,0.0
iscx_vpn,medium_seed2022,T16,SCP,AIM,0,200,0.0
iscx_vpn,medium_seed2022,T16,SCP,BitTorrent,2,200,0.01
iscx_vpn,medium_seed2022,T16,SCP,Email,26,200,0.13
iscx_vpn,medium_seed2022,T16,SCP,FTPS,1,200,0.005
iscx_vpn,medium_seed2022,T16,SCP,Facebook,83,200,0.415
iscx_vpn,medium_seed2022,T16,SCP,Gmail,1,200,0.005
iscx_vpn,medium_seed2022,T16,SCP,ICQ,0,200,0.0
iscx_vpn,medium_seed2022,T16,SCP,Netflix,19,200,0.095
iscx_vpn,medium_seed2022,T16,SCP,SCP,63,200,0.315
iscx_vpn,medium_seed2022,T16,SCP,SFTP,3,200,0.015
iscx_vpn,medium_seed2022,T16,SCP,Spotify,0,200,0.0
iscx_vpn,medium_seed2022,T16,SCP,Vimeo,2,200,0.01
iscx_vpn,medium_seed2022,T16,SCP,VoIPBuster,0,200,0.0
iscx_vpn,medium_seed2022,T16,SFTP,AIM,1,31,0.03225806451612903
iscx_vpn,medium_seed2022,T16,SFTP,BitTorrent,2,31,0.06451612903225806
iscx_vpn,medium_seed2022,T16,SFTP,Email,3,31,0.0967741935483871
iscx_vpn,medium_seed2022,T16,SFTP,FTPS,0,31,0.0
iscx_vpn,medium_seed2022,T16,SFTP,Facebook,1,31,0.03225806451612903
iscx_vpn,medium_seed2022,T16,SFTP,Gmail,1,31,0.03225806451612903
iscx_vpn,medium_seed2022,T16,SFTP,ICQ,0,31,0.0
iscx_vpn,medium_seed2022,T16,SFTP,Netflix,7,31,0.22580645161290322
iscx_vpn,medium_seed2022,T16,SFTP,SCP,1,31,0.03225806451612903
iscx_vpn,medium_seed2022,T16,SFTP,SFTP,13,31,0.41935483870967744
iscx_vpn,medium_seed2022,T16,SFTP,Spotify,1,31,0.03225806451612903
iscx_vpn,medium_seed2022,T16,SFTP,Vimeo,1,31,0.03225806451612903
iscx_vpn,medium_seed2022,T16,SFTP,VoIPBuster,0,31,0.0
iscx_vpn,medium_seed2022,T16,Spotify,AIM,0,79,0.0
iscx_vpn,medium_seed2022,T16,Spotify,BitTorrent,2,79,0.02531645569620253
iscx_vpn,medium_seed2022,T16,Spotify,Email,5,79,0.06329113924050633
iscx_vpn,medium_seed2022,T16,Spotify,FTPS,2,79,0.02531645569620253
iscx_vpn,medium_seed2022,T16,Spotify,Facebook,1,79,0.012658227848101266
iscx_vpn,medium_seed2022,T16,Spotify,Gmail,2,79,0.02531645569620253
iscx_vpn,medium_seed2022,T16,Spotify,ICQ,0,79,0.0
iscx_vpn,medium_seed2022,T16,Spotify,Netflix,20,79,0.25316455696202533
iscx_vpn,medium_seed2022,T16,Spotify,SCP,14,79,0.17721518987341772
iscx_vpn,medium_seed2022,T16,Spotify,SFTP,1,79,0.012658227848101266
iscx_vpn,medium_seed2022,T16,Spotify,Spotify,18,79,0.22784810126582278
iscx_vpn,medium_seed2022,T16,Spotify,Vimeo,14,79,0.17721518987341772
iscx_vpn,medium_seed2022,T16,Spotify,VoIPBuster,0,79,0.0
iscx_vpn,medium_seed2022,T16,Vimeo,AIM,0,123,0.0
iscx_vpn,medium_seed2022,T16,Vimeo,BitTorrent,6,123,0.04878048780487805
iscx_vpn,medium_seed2022,T16,Vimeo,Email,3,123,0.024390243902439025
iscx_vpn,medium_seed2022,T16,Vimeo,FTPS,1,123,0.008130081300813009
iscx_vpn,medium_seed2022,T16,Vimeo,Facebook,4,123,0.032520325203252036
iscx_vpn,medium_seed2022,T16,Vimeo,Gmail,1,123,0.008130081300813009
iscx_vpn,medium_seed2022,T16,Vimeo,ICQ,2,123,0.016260162601626018
iscx_vpn,medium_seed2022,T16,Vimeo,Netflix,24,123,0.1951219512195122
iscx_vpn,medium_seed2022,T16,Vimeo,SCP,29,123,0.23577235772357724
iscx_vpn,medium_seed2022,T16,Vimeo,SFTP,1,123,0.008130081300813009
iscx_vpn,medium_seed2022,T16,Vimeo,Spotify,7,123,0.056910569105691054
iscx_vpn,medium_seed2022,T16,Vimeo,Vimeo,45,123,0.36585365853658536
iscx_vpn,medium_seed2022,T16,Vimeo,VoIPBuster,0,123,0.0
iscx_vpn,medium_seed2022,T16,VoIPBuster,AIM,0,200,0.0
iscx_vpn,medium_seed2022,T16,VoIPBuster,BitTorrent,1,200,0.005
iscx_vpn,medium_seed2022,T16,VoIPBuster,Email,14,200,0.07
iscx_vpn,medium_seed2022,T16,VoIPBuster,FTPS,30,200,0.15
iscx_vpn,medium_seed2022,T16,VoIPBuster,Facebook,113,200,0.565
iscx_vpn,medium_seed2022,T16,VoIPBuster,Gmail,2,200,0.01
iscx_vpn,medium_seed2022,T16,VoIPBuster,ICQ,0,200,0.0
iscx_vpn,medium_seed2022,T16,VoIPBuster,Netflix,11,200,0.055
iscx_vpn,medium_seed2022,T16,VoIPBuster,SCP,2,200,0.01
iscx_vpn,medium_seed2022,T16,VoIPBuster,SFTP,2,200,0.01
iscx_vpn,medium_seed2022,T16,VoIPBuster,Spotify,0,200,0.0
iscx_vpn,medium_seed2022,T16,VoIPBuster,Vimeo,2,200,0.01
iscx_vpn,medium_seed2022,T16,VoIPBuster,VoIPBuster,23,200,0.115
iscx_vpn,medium_seed2022,T32,AIM,AIM,2,53,0.03773584905660377
iscx_vpn,medium_seed2022,T32,AIM,BitTorrent,1,53,0.018867924528301886
iscx_vpn,medium_seed2022,T32,AIM,Email,7,53,0.1320754716981132
iscx_vpn,medium_seed2022,T32,AIM,FTPS,5,53,0.09433962264150944
iscx_vpn,medium_seed2022,T32,AIM,Facebook,30,53,0.5660377358490566
iscx_vpn,medium_seed2022,T32,AIM,Gmail,0,53,0.0
iscx_vpn,medium_seed2022,T32,AIM,ICQ,2,53,0.03773584905660377
iscx_vpn,medium_seed2022,T32,AIM,Netflix,2,53,0.03773584905660377
iscx_vpn,medium_seed2022,T32,AIM,SCP,0,53,0.0
iscx_vpn,medium_seed2022,T32,AIM,SFTP,0,53,0.0
iscx_vpn,medium_seed2022,T32,AIM,Spotify,1,53,0.018867924528301886
iscx_vpn,medium_seed2022,T32,AIM,Vimeo,1,53,0.018867924528301886
iscx_vpn,medium_seed2022,T32,AIM,VoIPBuster,2,53,0.03773584905660377
iscx_vpn,medium_seed2022,T32,BitTorrent,AIM,0,100,0.0
iscx_vpn,medium_seed2022,T32,BitTorrent,BitTorrent,56,100,0.56
iscx_vpn,medium_seed2022,T32,BitTorrent,Email,4,100,0.04
iscx_vpn,medium_seed2022,T32,BitTorrent,FTPS,9,100,0.09
iscx_vpn,medium_seed2022,T32,BitTorrent,Facebook,0,100,0.0
iscx_vpn,medium_seed2022,T32,BitTorrent,Gmail,0,100,0.0
iscx_vpn,medium_seed2022,T32,BitTorrent,ICQ,0,100,0.0
iscx_vpn,medium_seed2022,T32,BitTorrent,Netflix,29,100,0.29
iscx_vpn,medium_seed2022,T32,BitTorrent,SCP,0,100,0.0
iscx_vpn,medium_seed2022,T32,BitTorrent,SFTP,0,100,0.0
iscx_vpn,medium_seed2022,T32,BitTorrent,Spotify,1,100,0.01
iscx_vpn,medium_seed2022,T32,BitTorrent,Vimeo,1,100,0.01
iscx_vpn,medium_seed2022,T32,BitTorrent,VoIPBuster,0,100,0.0
iscx_vpn,medium_seed2022,T32,Email,AIM,0,200,0.0
iscx_vpn,medium_seed2022,T32,Email,BitTorrent,10,200,0.05
iscx_vpn,medium_seed2022,T32,Email,Email,74,200,0.37
iscx_vpn,medium_seed2022,T32,Email,FTPS,3,200,0.015
iscx_vpn,medium_seed2022,T32,Email,Facebook,94,200,0.47
iscx_vpn,medium_seed2022,T32,Email,Gmail,0,200,0.0
iscx_vpn,medium_seed2022,T32,Email,ICQ,0,200,0.0
iscx_vpn,medium_seed2022,T32,Email,Netflix,10,200,0.05
iscx_vpn,medium_seed2022,T32,Email,SCP,6,200,0.03
iscx_vpn,medium_seed2022,T32,Email,SFTP,0,200,0.0
iscx_vpn,medium_seed2022,T32,Email,Spotify,0,200,0.0
iscx_vpn,medium_seed2022,T32,Email,Vimeo,3,200,0.015
iscx_vpn,medium_seed2022,T32,Email,VoIPBuster,0,200,0.0
iscx_vpn,medium_seed2022,T32,FTPS,AIM,0,200,0.0
iscx_vpn,medium_seed2022,T32,FTPS,BitTorrent,14,200,0.07
iscx_vpn,medium_seed2022,T32,FTPS,Email,28,200,0.14
iscx_vpn,medium_seed2022,T32,FTPS,FTPS,111,200,0.555
iscx_vpn,medium_seed2022,T32,FTPS,Facebook,7,200,0.035
iscx_vpn,medium_seed2022,T32,FTPS,Gmail,0,200,0.0
iscx_vpn,medium_seed2022,T32,FTPS,ICQ,0,200,0.0
iscx_vpn,medium_seed2022,T32,FTPS,Netflix,21,200,0.105
iscx_vpn,medium_seed2022,T32,FTPS,SCP,2,200,0.01
iscx_vpn,medium_seed2022,T32,FTPS,SFTP,1,200,0.005
iscx_vpn,medium_seed2022,T32,FTPS,Spotify,1,200,0.005
iscx_vpn,medium_seed2022,T32,FTPS,Vimeo,0,200,0.0
iscx_vpn,medium_seed2022,T32,FTPS,VoIPBuster,15,200,0.075
iscx_vpn,medium_seed2022,T32,Facebook,AIM,0,200,0.0
iscx_vpn,medium_seed2022,T32,Facebook,BitTorrent,0,200,0.0
iscx_vpn,medium_seed2022,T32,Facebook,Email,32,200,0.16
iscx_vpn,medium_seed2022,T32,Facebook,FTPS,2,200,0.01
iscx_vpn,medium_seed2022,T32,Facebook,Facebook,155,200,0.775
iscx_vpn,medium_seed2022,T32,Facebook,Gmail,0,200,0.0
iscx_vpn,medium_seed2022,T32,Facebook,ICQ,0,200,0.0
iscx_vpn,medium_seed2022,T32,Facebook,Netflix,1,200,0.005
iscx_vpn,medium_seed2022,T32,Facebook,SCP,4,200,0.02
iscx_vpn,medium_seed2022,T32,Facebook,SFTP,3,200,0.015
iscx_vpn,medium_seed2022,T32,Facebook,Spotify,1,200,0.005
iscx_vpn,medium_seed2022,T32,Facebook,Vimeo,1,200,0.005
iscx_vpn,medium_seed2022,T32,Facebook,VoIPBuster,1,200,0.005
iscx_vpn,medium_seed2022,T32,Gmail,AIM,0,54,0.0
iscx_vpn,medium_seed2022,T32,Gmail,BitTorrent,0,54,0.0
iscx_vpn,medium_seed2022,T32,Gmail,Email,4,54,0.07407407407407407
iscx_vpn,medium_seed2022,T32,Gmail,FTPS,3,54,0.05555555555555555
iscx_vpn,medium_seed2022,T32,Gmail,Facebook,6,54,0.1111111111111111
iscx_vpn,medium_seed2022,T32,Gmail,Gmail,32,54,0.5925925925925926
iscx_vpn,medium_seed2022,T32,Gmail,ICQ,0,54,0.0
iscx_vpn,medium_seed2022,T32,Gmail,Netflix,5,54,0.09259259259259259
iscx_vpn,medium_seed2022,T32,Gmail,SCP,1,54,0.018518518518518517
iscx_vpn,medium_seed2022,T32,Gmail,SFTP,1,54,0.018518518518518517
iscx_vpn,medium_seed2022,T32,Gmail,Spotify,0,54,0.0
iscx_vpn,medium_seed2022,T32,Gmail,Vimeo,0,54,0.0
iscx_vpn,medium_seed2022,T32,Gmail,VoIPBuster,2,54,0.037037037037037035
iscx_vpn,medium_seed2022,T32,ICQ,AIM,3,53,0.05660377358490566
iscx_vpn,medium_seed2022,T32,ICQ,BitTorrent,1,53,0.018867924528301886
iscx_vpn,medium_seed2022,T32,ICQ,Email,3,53,0.05660377358490566
iscx_vpn,medium_seed2022,T32,ICQ,FTPS,1,53,0.018867924528301886
iscx_vpn,medium_seed2022,T32,ICQ,Facebook,37,53,0.6981132075471698
iscx_vpn,medium_seed2022,T32,ICQ,Gmail,1,53,0.018867924528301886
iscx_vpn,medium_seed2022,T32,ICQ,ICQ,1,53,0.018867924528301886
iscx_vpn,medium_seed2022,T32,ICQ,Netflix,3,53,0.05660377358490566
iscx_vpn,medium_seed2022,T32,ICQ,SCP,0,53,0.0
iscx_vpn,medium_seed2022,T32,ICQ,SFTP,0,53,0.0
iscx_vpn,medium_seed2022,T32,ICQ,Spotify,0,53,0.0
iscx_vpn,medium_seed2022,T32,ICQ,Vimeo,1,53,0.018867924528301886
iscx_vpn,medium_seed2022,T32,ICQ,VoIPBuster,2,53,0.03773584905660377
iscx_vpn,medium_seed2022,T32,Netflix,AIM,0,118,0.0
iscx_vpn,medium_seed2022,T32,Netflix,BitTorrent,6,118,0.05084745762711865
iscx_vpn,medium_seed2022,T32,Netflix,Email,2,118,0.01694915254237288
iscx_vpn,medium_seed2022,T32,Netflix,FTPS,2,118,0.01694915254237288
iscx_vpn,medium_seed2022,T32,Netflix,Facebook,1,118,0.00847457627118644
iscx_vpn,medium_seed2022,T32,Netflix,Gmail,0,118,0.0
iscx_vpn,medium_seed2022,T32,Netflix,ICQ,0,118,0.0
iscx_vpn,medium_seed2022,T32,Netflix,Netflix,51,118,0.4322033898305085
iscx_vpn,medium_seed2022,T32,Netflix,SCP,35,118,0.2966101694915254
iscx_vpn,medium_seed2022,T32,Netflix,SFTP,0,118,0.0
iscx_vpn,medium_seed2022,T32,Netflix,Spotify,13,118,0.11016949152542373
iscx_vpn,medium_seed2022,T32,Netflix,Vimeo,8,118,0.06779661016949153
iscx_vpn,medium_seed2022,T32,Netflix,VoIPBuster,0,118,0.0
iscx_vpn,medium_seed2022,T32,SCP,AIM,0,200,0.0
iscx_vpn,medium_seed2022,T32,SCP,BitTorrent,4,200,0.02
iscx_vpn,medium_seed2022,T32,SCP,Email,26,200,0.13
iscx_vpn,medium_seed2022,T32,SCP,FTPS,1,200,0.005
iscx_vpn,medium_seed2022,T32,SCP,Facebook,83,200,0.415
iscx_vpn,medium_seed2022,T32,SCP,Gmail,0,200,0.0
iscx_vpn,medium_seed2022,T32,SCP,ICQ,0,200,0.0
iscx_vpn,medium_seed2022,T32,SCP,Netflix,19,200,0.095
iscx_vpn,medium_seed2022,T32,SCP,SCP,62,200,0.31
iscx_vpn,medium_seed2022,T32,SCP,SFTP,3,200,0.015
iscx_vpn,medium_seed2022,T32,SCP,Spotify,0,200,0.0
iscx_vpn,medium_seed2022,T32,SCP,Vimeo,2,200,0.01
iscx_vpn,medium_seed2022,T32,SCP,VoIPBuster,0,200,0.0
iscx_vpn,medium_seed2022,T32,SFTP,AIM,1,31,0.03225806451612903
iscx_vpn,medium_seed2022,T32,SFTP,BitTorrent,0,31,0.0
iscx_vpn,medium_seed2022,T32,SFTP,Email,3,31,0.0967741935483871
iscx_vpn,medium_seed2022,T32,SFTP,FTPS,1,31,0.03225806451612903
iscx_vpn,medium_seed2022,T32,SFTP,Facebook,1,31,0.03225806451612903
iscx_vpn,medium_seed2022,T32,SFTP,Gmail,1,31,0.03225806451612903
iscx_vpn,medium_seed2022,T32,SFTP,ICQ,0,31,0.0
iscx_vpn,medium_seed2022,T32,SFTP,Netflix,7,31,0.22580645161290322
iscx_vpn,medium_seed2022,T32,SFTP,SCP,1,31,0.03225806451612903
iscx_vpn,medium_seed2022,T32,SFTP,SFTP,12,31,0.3870967741935484
iscx_vpn,medium_seed2022,T32,SFTP,Spotify,3,31,0.0967741935483871
iscx_vpn,medium_seed2022,T32,SFTP,Vimeo,0,31,0.0
iscx_vpn,medium_seed2022,T32,SFTP,VoIPBuster,1,31,0.03225806451612903
iscx_vpn,medium_seed2022,T32,Spotify,AIM,0,79,0.0
iscx_vpn,medium_seed2022,T32,Spotify,BitTorrent,2,79,0.02531645569620253
iscx_vpn,medium_seed2022,T32,Spotify,Email,4,79,0.05063291139240506
iscx_vpn,medium_seed2022,T32,Spotify,FTPS,2,79,0.02531645569620253
iscx_vpn,medium_seed2022,T32,Spotify,Facebook,1,79,0.012658227848101266
iscx_vpn,medium_seed2022,T32,Spotify,Gmail,2,79,0.02531645569620253
iscx_vpn,medium_seed2022,T32,Spotify,ICQ,0,79,0.0
iscx_vpn,medium_seed2022,T32,Spotify,Netflix,20,79,0.25316455696202533
iscx_vpn,medium_seed2022,T32,Spotify,SCP,14,79,0.17721518987341772
iscx_vpn,medium_seed2022,T32,Spotify,SFTP,1,79,0.012658227848101266
iscx_vpn,medium_seed2022,T32,Spotify,Spotify,17,79,0.21518987341772153
iscx_vpn,medium_seed2022,T32,Spotify,Vimeo,15,79,0.189873417721519
iscx_vpn,medium_seed2022,T32,Spotify,VoIPBuster,1,79,0.012658227848101266
iscx_vpn,medium_seed2022,T32,Vimeo,AIM,0,123,0.0
iscx_vpn,medium_seed2022,T32,Vimeo,BitTorrent,6,123,0.04878048780487805
iscx_vpn,medium_seed2022,T32,Vimeo,Email,3,123,0.024390243902439025
iscx_vpn,medium_seed2022,T32,Vimeo,FTPS,2,123,0.016260162601626018
iscx_vpn,medium_seed2022,T32,Vimeo,Facebook,4,123,0.032520325203252036
iscx_vpn,medium_seed2022,T32,Vimeo,Gmail,2,123,0.016260162601626018
iscx_vpn,medium_seed2022,T32,Vimeo,ICQ,1,123,0.008130081300813009
iscx_vpn,medium_seed2022,T32,Vimeo,Netflix,21,123,0.17073170731707318
iscx_vpn,medium_seed2022,T32,Vimeo,SCP,29,123,0.23577235772357724
iscx_vpn,medium_seed2022,T32,Vimeo,SFTP,1,123,0.008130081300813009
iscx_vpn,medium_seed2022,T32,Vimeo,Spotify,8,123,0.06504065040650407
iscx_vpn,medium_seed2022,T32,Vimeo,Vimeo,45,123,0.36585365853658536
iscx_vpn,medium_seed2022,T32,Vimeo,VoIPBuster,1,123,0.008130081300813009
iscx_vpn,medium_seed2022,T32,VoIPBuster,AIM,0,200,0.0
iscx_vpn,medium_seed2022,T32,VoIPBuster,BitTorrent,1,200,0.005
iscx_vpn,medium_seed2022,T32,VoIPBuster,Email,14,200,0.07
iscx_vpn,medium_seed2022,T32,VoIPBuster,FTPS,32,200,0.16
iscx_vpn,medium_seed2022,T32,VoIPBuster,Facebook,113,200,0.565
iscx_vpn,medium_seed2022,T32,VoIPBuster,Gmail,2,200,0.01
iscx_vpn,medium_seed2022,T32,VoIPBuster,ICQ,0,200,0.0
iscx_vpn,medium_seed2022,T32,VoIPBuster,Netflix,11,200,0.055
iscx_vpn,medium_seed2022,T32,VoIPBuster,SCP,2,200,0.01
iscx_vpn,medium_seed2022,T32,VoIPBuster,SFTP,0,200,0.0
iscx_vpn,medium_seed2022,T32,VoIPBuster,Spotify,0,200,0.0
iscx_vpn,medium_seed2022,T32,VoIPBuster,Vimeo,2,200,0.01
iscx_vpn,medium_seed2022,T32,VoIPBuster,VoIPBuster,23,200,0.115
iscx_tor,medium_seed2022,Native,Browsing,Browsing,131,200,0.655
iscx_tor,medium_seed2022,Native,Browsing,Email,0,200,0.0
iscx_tor,medium_seed2022,Native,Browsing,FTP,1,200,0.005
iscx_tor,medium_seed2022,Native,Browsing,Facebook,4,200,0.02
iscx_tor,medium_seed2022,Native,Browsing,Hangouts,3,200,0.015
iscx_tor,medium_seed2022,Native,Browsing,Spotify,12,200,0.06
iscx_tor,medium_seed2022,Native,Browsing,Vimeo,33,200,0.165
iscx_tor,medium_seed2022,Native,Browsing,YouTube,16,200,0.08
iscx_tor,medium_seed2022,Native,Email,Browsing,3,54,0.05555555555555555
iscx_tor,medium_seed2022,Native,Email,Email,44,54,0.8148148148148148
iscx_tor,medium_seed2022,Native,Email,FTP,0,54,0.0
iscx_tor,medium_seed2022,Native,Email,Facebook,0,54,0.0
iscx_tor,medium_seed2022,Native,Email,Hangouts,0,54,0.0
iscx_tor,medium_seed2022,Native,Email,Spotify,0,54,0.0
iscx_tor,medium_seed2022,Native,Email,Vimeo,3,54,0.05555555555555555
iscx_tor,medium_seed2022,Native,Email,YouTube,4,54,0.07407407407407407
iscx_tor,medium_seed2022,Native,FTP,Browsing,1,200,0.005
iscx_tor,medium_seed2022,Native,FTP,Email,1,200,0.005
iscx_tor,medium_seed2022,Native,FTP,FTP,190,200,0.95
iscx_tor,medium_seed2022,Native,FTP,Facebook,4,200,0.02
iscx_tor,medium_seed2022,Native,FTP,Hangouts,0,200,0.0
iscx_tor,medium_seed2022,Native,FTP,Spotify,3,200,0.015
iscx_tor,medium_seed2022,Native,FTP,Vimeo,0,200,0.0
iscx_tor,medium_seed2022,Native,FTP,YouTube,1,200,0.005
iscx_tor,medium_seed2022,Native,Facebook,Browsing,3,85,0.03529411764705882
iscx_tor,medium_seed2022,Native,Facebook,Email,0,85,0.0
iscx_tor,medium_seed2022,Native,Facebook,FTP,5,85,0.058823529411764705
iscx_tor,medium_seed2022,Native,Facebook,Facebook,35,85,0.4117647058823529
iscx_tor,medium_seed2022,Native,Facebook,Hangouts,6,85,0.07058823529411765
iscx_tor,medium_seed2022,Native,Facebook,Spotify,1,85,0.011764705882352941
iscx_tor,medium_seed2022,Native,Facebook,Vimeo,33,85,0.38823529411764707
iscx_tor,medium_seed2022,Native,Facebook,YouTube,2,85,0.023529411764705882
iscx_tor,medium_seed2022,Native,Hangouts,Browsing,2,69,0.028985507246376812
iscx_tor,medium_seed2022,Native,Hangouts,Email,0,69,0.0
iscx_tor,medium_seed2022,Native,Hangouts,FTP,1,69,0.014492753623188406
iscx_tor,medium_seed2022,Native,Hangouts,Facebook,2,69,0.028985507246376812
iscx_tor,medium_seed2022,Native,Hangouts,Hangouts,30,69,0.43478260869565216
iscx_tor,medium_seed2022,Native,Hangouts,Spotify,1,69,0.014492753623188406
iscx_tor,medium_seed2022,Native,Hangouts,Vimeo,20,69,0.2898550724637681
iscx_tor,medium_seed2022,Native,Hangouts,YouTube,13,69,0.18840579710144928
iscx_tor,medium_seed2022,Native,Spotify,Browsing,26,147,0.17687074829931973
iscx_tor,medium_seed2022,Native,Spotify,Email,2,147,0.013605442176870748
iscx_tor,medium_seed2022,Native,Spotify,FTP,0,147,0.0
iscx_tor,medium_seed2022,Native,Spotify,Facebook,0,147,0.0
iscx_tor,medium_seed2022,Native,Spotify,Hangouts,2,147,0.013605442176870748
iscx_tor,medium_seed2022,Native,Spotify,Spotify,111,147,0.7551020408163265
iscx_tor,medium_seed2022,Native,Spotify,Vimeo,2,147,0.013605442176870748
iscx_tor,medium_seed2022,Native,Spotify,YouTube,4,147,0.027210884353741496
iscx_tor,medium_seed2022,Native,Vimeo,Browsing,9,152,0.05921052631578947
iscx_tor,medium_seed2022,Native,Vimeo,Email,0,152,0.0
iscx_tor,medium_seed2022,Native,Vimeo,FTP,1,152,0.006578947368421052
iscx_tor,medium_seed2022,Native,Vimeo,Facebook,6,152,0.039473684210526314
iscx_tor,medium_seed2022,Native,Vimeo,Hangouts,1,152,0.006578947368421052
iscx_tor,medium_seed2022,Native,Vimeo,Spotify,0,152,0.0
iscx_tor,medium_seed2022,Native,Vimeo,Vimeo,105,152,0.6907894736842105
iscx_tor,medium_seed2022,Native,Vimeo,YouTube,30,152,0.19736842105263158
iscx_tor,medium_seed2022,Native,YouTube,Browsing,18,200,0.09
iscx_tor,medium_seed2022,Native,YouTube,Email,1,200,0.005
iscx_tor,medium_seed2022,Native,YouTube,FTP,3,200,0.015
iscx_tor,medium_seed2022,Native,YouTube,Facebook,6,200,0.03
iscx_tor,medium_seed2022,Native,YouTube,Hangouts,3,200,0.015
iscx_tor,medium_seed2022,Native,YouTube,Spotify,2,200,0.01
iscx_tor,medium_seed2022,Native,YouTube,Vimeo,53,200,0.265
iscx_tor,medium_seed2022,Native,YouTube,YouTube,114,200,0.57
iscx_tor,medium_seed2022,T8,Browsing,Browsing,133,200,0.665
iscx_tor,medium_seed2022,T8,Browsing,Email,6,200,0.03
iscx_tor,medium_seed2022,T8,Browsing,FTP,41,200,0.205
iscx_tor,medium_seed2022,T8,Browsing,Facebook,1,200,0.005
iscx_tor,medium_seed2022,T8,Browsing,Hangouts,0,200,0.0
iscx_tor,medium_seed2022,T8,Browsing,Spotify,8,200,0.04
iscx_tor,medium_seed2022,T8,Browsing,Vimeo,0,200,0.0
iscx_tor,medium_seed2022,T8,Browsing,YouTube,11,200,0.055
iscx_tor,medium_seed2022,T8,Email,Browsing,19,54,0.35185185185185186
iscx_tor,medium_seed2022,T8,Email,Email,12,54,0.2222222222222222
iscx_tor,medium_seed2022,T8,Email,FTP,11,54,0.2037037037037037
iscx_tor,medium_seed2022,T8,Email,Facebook,0,54,0.0
iscx_tor,medium_seed2022,T8,Email,Hangouts,0,54,0.0
iscx_tor,medium_seed2022,T8,Email,Spotify,1,54,0.018518518518518517
iscx_tor,medium_seed2022,T8,Email,Vimeo,0,54,0.0
iscx_tor,medium_seed2022,T8,Email,YouTube,11,54,0.2037037037037037
iscx_tor,medium_seed2022,T8,FTP,Browsing,44,200,0.22
iscx_tor,medium_seed2022,T8,FTP,Email,0,200,0.0
iscx_tor,medium_seed2022,T8,FTP,FTP,153,200,0.765
iscx_tor,medium_seed2022,T8,FTP,Facebook,2,200,0.01
iscx_tor,medium_seed2022,T8,FTP,Hangouts,0,200,0.0
iscx_tor,medium_seed2022,T8,FTP,Spotify,1,200,0.005
iscx_tor,medium_seed2022,T8,FTP,Vimeo,0,200,0.0
iscx_tor,medium_seed2022,T8,FTP,YouTube,0,200,0.0
iscx_tor,medium_seed2022,T8,Facebook,Browsing,20,85,0.23529411764705882
iscx_tor,medium_seed2022,T8,Facebook,Email,0,85,0.0
iscx_tor,medium_seed2022,T8,Facebook,FTP,18,85,0.21176470588235294
iscx_tor,medium_seed2022,T8,Facebook,Facebook,23,85,0.27058823529411763
iscx_tor,medium_seed2022,T8,Facebook,Hangouts,2,85,0.023529411764705882
iscx_tor,medium_seed2022,T8,Facebook,Spotify,9,85,0.10588235294117647
iscx_tor,medium_seed2022,T8,Facebook,Vimeo,4,85,0.047058823529411764
iscx_tor,medium_seed2022,T8,Facebook,YouTube,9,85,0.10588235294117647
iscx_tor,medium_seed2022,T8,Hangouts,Browsing,13,69,0.18840579710144928
iscx_tor,medium_seed2022,T8,Hangouts,Email,1,69,0.014492753623188406
iscx_tor,medium_seed2022,T8,Hangouts,FTP,12,69,0.17391304347826086
iscx_tor,medium_seed2022,T8,Hangouts,Facebook,5,69,0.07246376811594203
iscx_tor,medium_seed2022,T8,Hangouts,Hangouts,9,69,0.13043478260869565
iscx_tor,medium_seed2022,T8,Hangouts,Spotify,9,69,0.13043478260869565
iscx_tor,medium_seed2022,T8,Hangouts,Vimeo,14,69,0.2028985507246377
iscx_tor,medium_seed2022,T8,Hangouts,YouTube,6,69,0.08695652173913043
iscx_tor,medium_seed2022,T8,Spotify,Browsing,30,147,0.20408163265306123
iscx_tor,medium_seed2022,T8,Spotify,Email,0,147,0.0
iscx_tor,medium_seed2022,T8,Spotify,FTP,43,147,0.2925170068027211
iscx_tor,medium_seed2022,T8,Spotify,Facebook,4,147,0.027210884353741496
iscx_tor,medium_seed2022,T8,Spotify,Hangouts,0,147,0.0
iscx_tor,medium_seed2022,T8,Spotify,Spotify,64,147,0.43537414965986393
iscx_tor,medium_seed2022,T8,Spotify,Vimeo,0,147,0.0
iscx_tor,medium_seed2022,T8,Spotify,YouTube,6,147,0.04081632653061224
iscx_tor,medium_seed2022,T8,Vimeo,Browsing,24,152,0.15789473684210525
iscx_tor,medium_seed2022,T8,Vimeo,Email,1,152,0.006578947368421052
iscx_tor,medium_seed2022,T8,Vimeo,FTP,33,152,0.21710526315789475
iscx_tor,medium_seed2022,T8,Vimeo,Facebook,0,152,0.0
iscx_tor,medium_seed2022,T8,Vimeo,Hangouts,1,152,0.006578947368421052
iscx_tor,medium_seed2022,T8,Vimeo,Spotify,13,152,0.08552631578947369
iscx_tor,medium_seed2022,T8,Vimeo,Vimeo,48,152,0.3157894736842105
iscx_tor,medium_seed2022,T8,Vimeo,YouTube,32,152,0.21052631578947367
iscx_tor,medium_seed2022,T8,YouTube,Browsing,41,200,0.205
iscx_tor,medium_seed2022,T8,YouTube,Email,1,200,0.005
iscx_tor,medium_seed2022,T8,YouTube,FTP,46,200,0.23
iscx_tor,medium_seed2022,T8,YouTube,Facebook,2,200,0.01
iscx_tor,medium_seed2022,T8,YouTube,Hangouts,2,200,0.01
iscx_tor,medium_seed2022,T8,YouTube,Spotify,8,200,0.04
iscx_tor,medium_seed2022,T8,YouTube,Vimeo,13,200,0.065
iscx_tor,medium_seed2022,T8,YouTube,YouTube,87,200,0.435
iscx_tor,medium_seed2022,T16,Browsing,Browsing,85,200,0.425
iscx_tor,medium_seed2022,T16,Browsing,Email,2,200,0.01
iscx_tor,medium_seed2022,T16,Browsing,FTP,89,200,0.445
iscx_tor,medium_seed2022,T16,Browsing,Facebook,2,200,0.01
iscx_tor,medium_seed2022,T16,Browsing,Hangouts,0,200,0.0
iscx_tor,medium_seed2022,T16,Browsing,Spotify,8,200,0.04
iscx_tor,medium_seed2022,T16,Browsing,Vimeo,1,200,0.005
iscx_tor,medium_seed2022,T16,Browsing,YouTube,13,200,0.065
iscx_tor,medium_seed2022,T16,Email,Browsing,10,54,0.18518518518518517
iscx_tor,medium_seed2022,T16,Email,Email,12,54,0.2222222222222222
iscx_tor,medium_seed2022,T16,Email,FTP,20,54,0.37037037037037035
iscx_tor,medium_seed2022,T16,Email,Facebook,0,54,0.0
iscx_tor,medium_seed2022,T16,Email,Hangouts,0,54,0.0
iscx_tor,medium_seed2022,T16,Email,Spotify,0,54,0.0
iscx_tor,medium_seed2022,T16,Email,Vimeo,2,54,0.037037037037037035
iscx_tor,medium_seed2022,T16,Email,YouTube,10,54,0.18518518518518517
iscx_tor,medium_seed2022,T16,FTP,Browsing,0,200,0.0
iscx_tor,medium_seed2022,T16,FTP,Email,0,200,0.0
iscx_tor,medium_seed2022,T16,FTP,FTP,198,200,0.99
iscx_tor,medium_seed2022,T16,FTP,Facebook,0,200,0.0
iscx_tor,medium_seed2022,T16,FTP,Hangouts,0,200,0.0
iscx_tor,medium_seed2022,T16,FTP,Spotify,1,200,0.005
iscx_tor,medium_seed2022,T16,FTP,Vimeo,0,200,0.0
iscx_tor,medium_seed2022,T16,FTP,YouTube,1,200,0.005
iscx_tor,medium_seed2022,T16,Facebook,Browsing,4,85,0.047058823529411764
iscx_tor,medium_seed2022,T16,Facebook,Email,0,85,0.0
iscx_tor,medium_seed2022,T16,Facebook,FTP,34,85,0.4
iscx_tor,medium_seed2022,T16,Facebook,Facebook,22,85,0.25882352941176473
iscx_tor,medium_seed2022,T16,Facebook,Hangouts,2,85,0.023529411764705882
iscx_tor,medium_seed2022,T16,Facebook,Spotify,8,85,0.09411764705882353
iscx_tor,medium_seed2022,T16,Facebook,Vimeo,4,85,0.047058823529411764
iscx_tor,medium_seed2022,T16,Facebook,YouTube,11,85,0.12941176470588237
iscx_tor,medium_seed2022,T16,Hangouts,Browsing,0,69,0.0
iscx_tor,medium_seed2022,T16,Hangouts,Email,1,69,0.014492753623188406
iscx_tor,medium_seed2022,T16,Hangouts,FTP,25,69,0.36231884057971014
iscx_tor,medium_seed2022,T16,Hangouts,Facebook,4,69,0.057971014492753624
iscx_tor,medium_seed2022,T16,Hangouts,Hangouts,15,69,0.21739130434782608
iscx_tor,medium_seed2022,T16,Hangouts,Spotify,9,69,0.13043478260869565
iscx_tor,medium_seed2022,T16,Hangouts,Vimeo,5,69,0.07246376811594203
iscx_tor,medium_seed2022,T16,Hangouts,YouTube,10,69,0.14492753623188406
iscx_tor,medium_seed2022,T16,Spotify,Browsing,0,147,0.0
iscx_tor,medium_seed2022,T16,Spotify,Email,0,147,0.0
iscx_tor,medium_seed2022,T16,Spotify,FTP,72,147,0.4897959183673469
iscx_tor,medium_seed2022,T16,Spotify,Facebook,4,147,0.027210884353741496
iscx_tor,medium_seed2022,T16,Spotify,Hangouts,0,147,0.0
iscx_tor,medium_seed2022,T16,Spotify,Spotify,64,147,0.43537414965986393
iscx_tor,medium_seed2022,T16,Spotify,Vimeo,0,147,0.0
iscx_tor,medium_seed2022,T16,Spotify,YouTube,7,147,0.047619047619047616
iscx_tor,medium_seed2022,T16,Vimeo,Browsing,0,152,0.0
iscx_tor,medium_seed2022,T16,Vimeo,Email,0,152,0.0
iscx_tor,medium_seed2022,T16,Vimeo,FTP,57,152,0.375
iscx_tor,medium_seed2022,T16,Vimeo,Facebook,0,152,0.0
iscx_tor,medium_seed2022,T16,Vimeo,Hangouts,4,152,0.02631578947368421
iscx_tor,medium_seed2022,T16,Vimeo,Spotify,12,152,0.07894736842105263
iscx_tor,medium_seed2022,T16,Vimeo,Vimeo,45,152,0.29605263157894735
iscx_tor,medium_seed2022,T16,Vimeo,YouTube,34,152,0.2236842105263158
iscx_tor,medium_seed2022,T16,YouTube,Browsing,9,200,0.045
iscx_tor,medium_seed2022,T16,YouTube,Email,0,200,0.0
iscx_tor,medium_seed2022,T16,YouTube,FTP,75,200,0.375
iscx_tor,medium_seed2022,T16,YouTube,Facebook,3,200,0.015
iscx_tor,medium_seed2022,T16,YouTube,Hangouts,3,200,0.015
iscx_tor,medium_seed2022,T16,YouTube,Spotify,7,200,0.035
iscx_tor,medium_seed2022,T16,YouTube,Vimeo,13,200,0.065
iscx_tor,medium_seed2022,T16,YouTube,YouTube,90,200,0.45
iscx_tor,medium_seed2022,T32,Browsing,Browsing,86,200,0.43
iscx_tor,medium_seed2022,T32,Browsing,Email,1,200,0.005
iscx_tor,medium_seed2022,T32,Browsing,FTP,89,200,0.445
iscx_tor,medium_seed2022,T32,Browsing,Facebook,1,200,0.005
iscx_tor,medium_seed2022,T32,Browsing,Hangouts,0,200,0.0
iscx_tor,medium_seed2022,T32,Browsing,Spotify,10,200,0.05
iscx_tor,medium_seed2022,T32,Browsing,Vimeo,0,200,0.0
iscx_tor,medium_seed2022,T32,Browsing,YouTube,13,200,0.065
iscx_tor,medium_seed2022,T32,Email,Browsing,11,54,0.2037037037037037
iscx_tor,medium_seed2022,T32,Email,Email,14,54,0.25925925925925924
iscx_tor,medium_seed2022,T32,Email,FTP,20,54,0.37037037037037035
iscx_tor,medium_seed2022,T32,Email,Facebook,0,54,0.0
iscx_tor,medium_seed2022,T32,Email,Hangouts,0,54,0.0
iscx_tor,medium_seed2022,T32,Email,Spotify,0,54,0.0
iscx_tor,medium_seed2022,T32,Email,Vimeo,1,54,0.018518518518518517
iscx_tor,medium_seed2022,T32,Email,YouTube,8,54,0.14814814814814814
iscx_tor,medium_seed2022,T32,FTP,Browsing,0,200,0.0
iscx_tor,medium_seed2022,T32,FTP,Email,0,200,0.0
iscx_tor,medium_seed2022,T32,FTP,FTP,197,200,0.985
iscx_tor,medium_seed2022,T32,FTP,Facebook,0,200,0.0
iscx_tor,medium_seed2022,T32,FTP,Hangouts,1,200,0.005
iscx_tor,medium_seed2022,T32,FTP,Spotify,1,200,0.005
iscx_tor,medium_seed2022,T32,FTP,Vimeo,0,200,0.0
iscx_tor,medium_seed2022,T32,FTP,YouTube,1,200,0.005
iscx_tor,medium_seed2022,T32,Facebook,Browsing,4,85,0.047058823529411764
iscx_tor,medium_seed2022,T32,Facebook,Email,0,85,0.0
iscx_tor,medium_seed2022,T32,Facebook,FTP,34,85,0.4
iscx_tor,medium_seed2022,T32,Facebook,Facebook,24,85,0.2823529411764706
iscx_tor,medium_seed2022,T32,Facebook,Hangouts,2,85,0.023529411764705882
iscx_tor,medium_seed2022,T32,Facebook,Spotify,10,85,0.11764705882352941
iscx_tor,medium_seed2022,T32,Facebook,Vimeo,3,85,0.03529411764705882
iscx_tor,medium_seed2022,T32,Facebook,YouTube,8,85,0.09411764705882353
iscx_tor,medium_seed2022,T32,Hangouts,Browsing,0,69,0.0
iscx_tor,medium_seed2022,T32,Hangouts,Email,0,69,0.0
iscx_tor,medium_seed2022,T32,Hangouts,FTP,25,69,0.36231884057971014
iscx_tor,medium_seed2022,T32,Hangouts,Facebook,3,69,0.043478260869565216
iscx_tor,medium_seed2022,T32,Hangouts,Hangouts,15,69,0.21739130434782608
iscx_tor,medium_seed2022,T32,Hangouts,Spotify,10,69,0.14492753623188406
iscx_tor,medium_seed2022,T32,Hangouts,Vimeo,4,69,0.057971014492753624
iscx_tor,medium_seed2022,T32,Hangouts,YouTube,12,69,0.17391304347826086
iscx_tor,medium_seed2022,T32,Spotify,Browsing,0,147,0.0
iscx_tor,medium_seed2022,T32,Spotify,Email,2,147,0.013605442176870748
iscx_tor,medium_seed2022,T32,Spotify,FTP,72,147,0.4897959183673469
iscx_tor,medium_seed2022,T32,Spotify,Facebook,4,147,0.027210884353741496
iscx_tor,medium_seed2022,T32,Spotify,Hangouts,0,147,0.0
iscx_tor,medium_seed2022,T32,Spotify,Spotify,62,147,0.4217687074829932
iscx_tor,medium_seed2022,T32,Spotify,Vimeo,0,147,0.0
iscx_tor,medium_seed2022,T32,Spotify,YouTube,7,147,0.047619047619047616
iscx_tor,medium_seed2022,T32,Vimeo,Browsing,0,152,0.0
iscx_tor,medium_seed2022,T32,Vimeo,Email,0,152,0.0
iscx_tor,medium_seed2022,T32,Vimeo,FTP,57,152,0.375
iscx_tor,medium_seed2022,T32,Vimeo,Facebook,0,152,0.0
iscx_tor,medium_seed2022,T32,Vimeo,Hangouts,3,152,0.019736842105263157
iscx_tor,medium_seed2022,T32,Vimeo,Spotify,15,152,0.09868421052631579
iscx_tor,medium_seed2022,T32,Vimeo,Vimeo,43,152,0.28289473684210525
iscx_tor,medium_seed2022,T32,Vimeo,YouTube,34,152,0.2236842105263158
iscx_tor,medium_seed2022,T32,YouTube,Browsing,8,200,0.04
iscx_tor,medium_seed2022,T32,YouTube,Email,0,200,0.0
iscx_tor,medium_seed2022,T32,YouTube,FTP,76,200,0.38
iscx_tor,medium_seed2022,T32,YouTube,Facebook,2,200,0.01
iscx_tor,medium_seed2022,T32,YouTube,Hangouts,3,200,0.015
iscx_tor,medium_seed2022,T32,YouTube,Spotify,11,200,0.055
iscx_tor,medium_seed2022,T32,YouTube,Vimeo,16,200,0.08
iscx_tor,medium_seed2022,T32,YouTube,YouTube,84,200,0.42
vnat,medium_seed2025,Native,netflix,netflix,16,20,0.8
vnat,medium_seed2025,Native,netflix,rdp,0,20,0.0
vnat,medium_seed2025,Native,netflix,rsync,0,20,0.0
vnat,medium_seed2025,Native,netflix,scp,0,20,0.0
vnat,medium_seed2025,Native,netflix,skype,0,20,0.0
vnat,medium_seed2025,Native,netflix,ssh,0,20,0.0
vnat,medium_seed2025,Native,netflix,youtube,4,20,0.2
vnat,medium_seed2025,Native,rdp,netflix,0,4,0.0
vnat,medium_seed2025,Native,rdp,rdp,2,4,0.5
vnat,medium_seed2025,Native,rdp,rsync,0,4,0.0
vnat,medium_seed2025,Native,rdp,scp,0,4,0.0
vnat,medium_seed2025,Native,rdp,skype,2,4,0.5
vnat,medium_seed2025,Native,rdp,ssh,0,4,0.0
vnat,medium_seed2025,Native,rdp,youtube,0,4,0.0
vnat,medium_seed2025,Native,rsync,netflix,0,191,0.0
vnat,medium_seed2025,Native,rsync,rdp,0,191,0.0
vnat,medium_seed2025,Native,rsync,rsync,1,191,0.005235602094240838
vnat,medium_seed2025,Native,rsync,scp,188,191,0.9842931937172775
vnat,medium_seed2025,Native,rsync,skype,0,191,0.0
vnat,medium_seed2025,Native,rsync,ssh,2,191,0.010471204188481676
vnat,medium_seed2025,Native,rsync,youtube,0,191,0.0
vnat,medium_seed2025,Native,scp,netflix,0,229,0.0
vnat,medium_seed2025,Native,scp,rdp,0,229,0.0
vnat,medium_seed2025,Native,scp,rsync,0,229,0.0
vnat,medium_seed2025,Native,scp,scp,225,229,0.982532751091703
vnat,medium_seed2025,Native,scp,skype,0,229,0.0
vnat,medium_seed2025,Native,scp,ssh,4,229,0.017467248908296942
vnat,medium_seed2025,Native,scp,youtube,0,229,0.0
vnat,medium_seed2025,Native,skype,netflix,0,126,0.0
vnat,medium_seed2025,Native,skype,rdp,0,126,0.0
vnat,medium_seed2025,Native,skype,rsync,0,126,0.0
vnat,medium_seed2025,Native,skype,scp,0,126,0.0
vnat,medium_seed2025,Native,skype,skype,126,126,1.0
vnat,medium_seed2025,Native,skype,ssh,0,126,0.0
vnat,medium_seed2025,Native,skype,youtube,0,126,0.0
vnat,medium_seed2025,Native,ssh,netflix,0,1356,0.0
vnat,medium_seed2025,Native,ssh,rdp,0,1356,0.0
vnat,medium_seed2025,Native,ssh,rsync,0,1356,0.0
vnat,medium_seed2025,Native,ssh,scp,0,1356,0.0
vnat,medium_seed2025,Native,ssh,skype,1,1356,0.0007374631268436578
vnat,medium_seed2025,Native,ssh,ssh,1355,1356,0.9992625368731564
vnat,medium_seed2025,Native,ssh,youtube,0,1356,0.0
vnat,medium_seed2025,Native,youtube,netflix,0,34,0.0
vnat,medium_seed2025,Native,youtube,rdp,0,34,0.0
vnat,medium_seed2025,Native,youtube,rsync,0,34,0.0
vnat,medium_seed2025,Native,youtube,scp,0,34,0.0
vnat,medium_seed2025,Native,youtube,skype,1,34,0.029411764705882353
vnat,medium_seed2025,Native,youtube,ssh,0,34,0.0
vnat,medium_seed2025,Native,youtube,youtube,33,34,0.9705882352941176
vnat,medium_seed2025,T8,netflix,netflix,15,20,0.75
vnat,medium_seed2025,T8,netflix,rdp,0,20,0.0
vnat,medium_seed2025,T8,netflix,rsync,0,20,0.0
vnat,medium_seed2025,T8,netflix,scp,5,20,0.25
vnat,medium_seed2025,T8,netflix,skype,0,20,0.0
vnat,medium_seed2025,T8,netflix,ssh,0,20,0.0
vnat,medium_seed2025,T8,netflix,youtube,0,20,0.0
vnat,medium_seed2025,T8,rdp,netflix,0,4,0.0
vnat,medium_seed2025,T8,rdp,rdp,2,4,0.5
vnat,medium_seed2025,T8,rdp,rsync,0,4,0.0
vnat,medium_seed2025,T8,rdp,scp,0,4,0.0
vnat,medium_seed2025,T8,rdp,skype,0,4,0.0
vnat,medium_seed2025,T8,rdp,ssh,1,4,0.25
vnat,medium_seed2025,T8,rdp,youtube,1,4,0.25
vnat,medium_seed2025,T8,rsync,netflix,0,191,0.0
vnat,medium_seed2025,T8,rsync,rdp,0,191,0.0
vnat,medium_seed2025,T8,rsync,rsync,45,191,0.2356020942408377
vnat,medium_seed2025,T8,rsync,scp,142,191,0.743455497382199
vnat,medium_seed2025,T8,rsync,skype,0,191,0.0
vnat,medium_seed2025,T8,rsync,ssh,4,191,0.020942408376963352
vnat,medium_seed2025,T8,rsync,youtube,0,191,0.0
vnat,medium_seed2025,T8,scp,netflix,0,229,0.0
vnat,medium_seed2025,T8,scp,rdp,0,229,0.0
vnat,medium_seed2025,T8,scp,rsync,46,229,0.20087336244541484
vnat,medium_seed2025,T8,scp,scp,175,229,0.7641921397379913
vnat,medium_seed2025,T8,scp,skype,0,229,0.0
vnat,medium_seed2025,T8,scp,ssh,8,229,0.034934497816593885
vnat,medium_seed2025,T8,scp,youtube,0,229,0.0
vnat,medium_seed2025,T8,skype,netflix,0,126,0.0
vnat,medium_seed2025,T8,skype,rdp,1,126,0.007936507936507936
vnat,medium_seed2025,T8,skype,rsync,0,126,0.0
vnat,medium_seed2025,T8,skype,scp,0,126,0.0
vnat,medium_seed2025,T8,skype,skype,116,126,0.9206349206349206
vnat,medium_seed2025,T8,skype,ssh,8,126,0.06349206349206349
vnat,medium_seed2025,T8,skype,youtube,1,126,0.007936507936507936
vnat,medium_seed2025,T8,ssh,netflix,1,1356,0.0007374631268436578
vnat,medium_seed2025,T8,ssh,rdp,0,1356,0.0
vnat,medium_seed2025,T8,ssh,rsync,0,1356,0.0
vnat,medium_seed2025,T8,ssh,scp,0,1356,0.0
vnat,medium_seed2025,T8,ssh,skype,0,1356,0.0
vnat,medium_seed2025,T8,ssh,ssh,1355,1356,0.9992625368731564
vnat,medium_seed2025,T8,ssh,youtube,0,1356,0.0
vnat,medium_seed2025,T8,youtube,netflix,0,34,0.0
vnat,medium_seed2025,T8,youtube,rdp,0,34,0.0
vnat,medium_seed2025,T8,youtube,rsync,0,34,0.0
vnat,medium_seed2025,T8,youtube,scp,6,34,0.17647058823529413
vnat,medium_seed2025,T8,youtube,skype,0,34,0.0
vnat,medium_seed2025,T8,youtube,ssh,0,34,0.0
vnat,medium_seed2025,T8,youtube,youtube,28,34,0.8235294117647058
vnat,medium_seed2025,T16,netflix,netflix,13,20,0.65
vnat,medium_seed2025,T16,netflix,rdp,0,20,0.0
vnat,medium_seed2025,T16,netflix,rsync,0,20,0.0
vnat,medium_seed2025,T16,netflix,scp,5,20,0.25
vnat,medium_seed2025,T16,netflix,skype,0,20,0.0
vnat,medium_seed2025,T16,netflix,ssh,0,20,0.0
vnat,medium_seed2025,T16,netflix,youtube,2,20,0.1
vnat,medium_seed2025,T16,rdp,netflix,0,4,0.0
vnat,medium_seed2025,T16,rdp,rdp,3,4,0.75
vnat,medium_seed2025,T16,rdp,rsync,0,4,0.0
vnat,medium_seed2025,T16,rdp,scp,0,4,0.0
vnat,medium_seed2025,T16,rdp,skype,0,4,0.0
vnat,medium_seed2025,T16,rdp,ssh,1,4,0.25
vnat,medium_seed2025,T16,rdp,youtube,0,4,0.0
vnat,medium_seed2025,T16,rsync,netflix,0,191,0.0
vnat,medium_seed2025,T16,rsync,rdp,0,191,0.0
vnat,medium_seed2025,T16,rsync,rsync,51,191,0.2670157068062827
vnat,medium_seed2025,T16,rsync,scp,136,191,0.7120418848167539
vnat,medium_seed2025,T16,rsync,skype,0,191,0.0
vnat,medium_seed2025,T16,rsync,ssh,4,191,0.020942408376963352
vnat,medium_seed2025,T16,rsync,youtube,0,191,0.0
vnat,medium_seed2025,T16,scp,netflix,0,229,0.0
vnat,medium_seed2025,T16,scp,rdp,0,229,0.0
vnat,medium_seed2025,T16,scp,rsync,51,229,0.22270742358078602
vnat,medium_seed2025,T16,scp,scp,170,229,0.74235807860262
vnat,medium_seed2025,T16,scp,skype,0,229,0.0
vnat,medium_seed2025,T16,scp,ssh,8,229,0.034934497816593885
vnat,medium_seed2025,T16,scp,youtube,0,229,0.0
vnat,medium_seed2025,T16,skype,netflix,0,126,0.0
vnat,medium_seed2025,T16,skype,rdp,0,126,0.0
vnat,medium_seed2025,T16,skype,rsync,0,126,0.0
vnat,medium_seed2025,T16,skype,scp,1,126,0.007936507936507936
vnat,medium_seed2025,T16,skype,skype,115,126,0.9126984126984127
vnat,medium_seed2025,T16,skype,ssh,9,126,0.07142857142857142
vnat,medium_seed2025,T16,skype,youtube,1,126,0.007936507936507936
vnat,medium_seed2025,T16,ssh,netflix,0,1356,0.0
vnat,medium_seed2025,T16,ssh,rdp,0,1356,0.0
vnat,medium_seed2025,T16,ssh,rsync,0,1356,0.0
vnat,medium_seed2025,T16,ssh,scp,0,1356,0.0
vnat,medium_seed2025,T16,ssh,skype,0,1356,0.0
vnat,medium_seed2025,T16,ssh,ssh,1356,1356,1.0
vnat,medium_seed2025,T16,ssh,youtube,0,1356,0.0
vnat,medium_seed2025,T16,youtube,netflix,1,34,0.029411764705882353
vnat,medium_seed2025,T16,youtube,rdp,1,34,0.029411764705882353
vnat,medium_seed2025,T16,youtube,rsync,0,34,0.0
vnat,medium_seed2025,T16,youtube,scp,6,34,0.17647058823529413
vnat,medium_seed2025,T16,youtube,skype,0,34,0.0
vnat,medium_seed2025,T16,youtube,ssh,0,34,0.0
vnat,medium_seed2025,T16,youtube,youtube,26,34,0.7647058823529411
vnat,medium_seed2025,T32,netflix,netflix,14,20,0.7
vnat,medium_seed2025,T32,netflix,rdp,0,20,0.0
vnat,medium_seed2025,T32,netflix,rsync,0,20,0.0
vnat,medium_seed2025,T32,netflix,scp,5,20,0.25
vnat,medium_seed2025,T32,netflix,skype,0,20,0.0
vnat,medium_seed2025,T32,netflix,ssh,0,20,0.0
vnat,medium_seed2025,T32,netflix,youtube,1,20,0.05
vnat,medium_seed2025,T32,rdp,netflix,1,4,0.25
vnat,medium_seed2025,T32,rdp,rdp,1,4,0.25
vnat,medium_seed2025,T32,rdp,rsync,0,4,0.0
vnat,medium_seed2025,T32,rdp,scp,0,4,0.0
vnat,medium_seed2025,T32,rdp,skype,0,4,0.0
vnat,medium_seed2025,T32,rdp,ssh,2,4,0.5
vnat,medium_seed2025,T32,rdp,youtube,0,4,0.0
vnat,medium_seed2025,T32,rsync,netflix,0,191,0.0
vnat,medium_seed2025,T32,rsync,rdp,0,191,0.0
vnat,medium_seed2025,T32,rsync,rsync,35,191,0.18324607329842932
vnat,medium_seed2025,T32,rsync,scp,152,191,0.7958115183246073
vnat,medium_seed2025,T32,rsync,skype,0,191,0.0
vnat,medium_seed2025,T32,rsync,ssh,4,191,0.020942408376963352
vnat,medium_seed2025,T32,rsync,youtube,0,191,0.0
vnat,medium_seed2025,T32,scp,netflix,0,229,0.0
vnat,medium_seed2025,T32,scp,rdp,0,229,0.0
vnat,medium_seed2025,T32,scp,rsync,37,229,0.1615720524017467
vnat,medium_seed2025,T32,scp,scp,183,229,0.7991266375545851
vnat,medium_seed2025,T32,scp,skype,0,229,0.0
vnat,medium_seed2025,T32,scp,ssh,9,229,0.039301310043668124
vnat,medium_seed2025,T32,scp,youtube,0,229,0.0
vnat,medium_seed2025,T32,skype,netflix,0,126,0.0
vnat,medium_seed2025,T32,skype,rdp,0,126,0.0
vnat,medium_seed2025,T32,skype,rsync,0,126,0.0
vnat,medium_seed2025,T32,skype,scp,2,126,0.015873015873015872
vnat,medium_seed2025,T32,skype,skype,115,126,0.9126984126984127
vnat,medium_seed2025,T32,skype,ssh,9,126,0.07142857142857142
vnat,medium_seed2025,T32,skype,youtube,0,126,0.0
vnat,medium_seed2025,T32,ssh,netflix,0,1356,0.0
vnat,medium_seed2025,T32,ssh,rdp,0,1356,0.0
vnat,medium_seed2025,T32,ssh,rsync,0,1356,0.0
vnat,medium_seed2025,T32,ssh,scp,0,1356,0.0
vnat,medium_seed2025,T32,ssh,skype,1,1356,0.0007374631268436578
vnat,medium_seed2025,T32,ssh,ssh,1355,1356,0.9992625368731564
vnat,medium_seed2025,T32,ssh,youtube,0,1356,0.0
vnat,medium_seed2025,T32,youtube,netflix,1,34,0.029411764705882353
vnat,medium_seed2025,T32,youtube,rdp,1,34,0.029411764705882353
vnat,medium_seed2025,T32,youtube,rsync,0,34,0.0
vnat,medium_seed2025,T32,youtube,scp,6,34,0.17647058823529413
vnat,medium_seed2025,T32,youtube,skype,0,34,0.0
vnat,medium_seed2025,T32,youtube,ssh,1,34,0.029411764705882353
vnat,medium_seed2025,T32,youtube,youtube,25,34,0.7352941176470589
vnat,medium_seed2026,Native,netflix,netflix,17,20,0.85
vnat,medium_seed2026,Native,netflix,rdp,0,20,0.0
vnat,medium_seed2026,Native,netflix,rsync,0,20,0.0
vnat,medium_seed2026,Native,netflix,skype,0,20,0.0
vnat,medium_seed2026,Native,netflix,ssh,0,20,0.0
vnat,medium_seed2026,Native,netflix,vimeo,2,20,0.1
vnat,medium_seed2026,Native,netflix,zoiper,1,20,0.05
vnat,medium_seed2026,Native,rdp,netflix,0,4,0.0
vnat,medium_seed2026,Native,rdp,rdp,4,4,1.0
vnat,medium_seed2026,Native,rdp,rsync,0,4,0.0
vnat,medium_seed2026,Native,rdp,skype,0,4,0.0
vnat,medium_seed2026,Native,rdp,ssh,0,4,0.0
vnat,medium_seed2026,Native,rdp,vimeo,0,4,0.0
vnat,medium_seed2026,Native,rdp,zoiper,0,4,0.0
vnat,medium_seed2026,Native,rsync,netflix,0,191,0.0
vnat,medium_seed2026,Native,rsync,rdp,0,191,0.0
vnat,medium_seed2026,Native,rsync,rsync,187,191,0.9790575916230366
vnat,medium_seed2026,Native,rsync,skype,0,191,0.0
vnat,medium_seed2026,Native,rsync,ssh,4,191,0.020942408376963352
vnat,medium_seed2026,Native,rsync,vimeo,0,191,0.0
vnat,medium_seed2026,Native,rsync,zoiper,0,191,0.0
vnat,medium_seed2026,Native,skype,netflix,0,126,0.0
vnat,medium_seed2026,Native,skype,rdp,0,126,0.0
vnat,medium_seed2026,Native,skype,rsync,0,126,0.0
vnat,medium_seed2026,Native,skype,skype,126,126,1.0
vnat,medium_seed2026,Native,skype,ssh,0,126,0.0
vnat,medium_seed2026,Native,skype,vimeo,0,126,0.0
vnat,medium_seed2026,Native,skype,zoiper,0,126,0.0
vnat,medium_seed2026,Native,ssh,netflix,0,1356,0.0
vnat,medium_seed2026,Native,ssh,rdp,0,1356,0.0
vnat,medium_seed2026,Native,ssh,rsync,0,1356,0.0
vnat,medium_seed2026,Native,ssh,skype,1,1356,0.0007374631268436578
vnat,medium_seed2026,Native,ssh,ssh,1355,1356,0.9992625368731564
vnat,medium_seed2026,Native,ssh,vimeo,0,1356,0.0
vnat,medium_seed2026,Native,ssh,zoiper,0,1356,0.0
vnat,medium_seed2026,Native,vimeo,netflix,0,121,0.0
vnat,medium_seed2026,Native,vimeo,rdp,0,121,0.0
vnat,medium_seed2026,Native,vimeo,rsync,0,121,0.0
vnat,medium_seed2026,Native,vimeo,skype,0,121,0.0
vnat,medium_seed2026,Native,vimeo,ssh,0,121,0.0
vnat,medium_seed2026,Native,vimeo,vimeo,121,121,1.0
vnat,medium_seed2026,Native,vimeo,zoiper,0,121,0.0
vnat,medium_seed2026,Native,zoiper,netflix,0,93,0.0
vnat,medium_seed2026,Native,zoiper,rdp,0,93,0.0
vnat,medium_seed2026,Native,zoiper,rsync,0,93,0.0
vnat,medium_seed2026,Native,zoiper,skype,0,93,0.0
vnat,medium_seed2026,Native,zoiper,ssh,1,93,0.010752688172043012
vnat,medium_seed2026,Native,zoiper,vimeo,0,93,0.0
vnat,medium_seed2026,Native,zoiper,zoiper,92,93,0.989247311827957
vnat,medium_seed2026,T8,netflix,netflix,8,20,0.4
vnat,medium_seed2026,T8,netflix,rdp,0,20,0.0
vnat,medium_seed2026,T8,netflix,rsync,2,20,0.1
vnat,medium_seed2026,T8,netflix,skype,0,20,0.0
vnat,medium_seed2026,T8,netflix,ssh,0,20,0.0
vnat,medium_seed2026,T8,netflix,vimeo,10,20,0.5
vnat,medium_seed2026,T8,netflix,zoiper,0,20,0.0
vnat,medium_seed2026,T8,rdp,netflix,0,4,0.0
vnat,medium_seed2026,T8,rdp,rdp,3,4,0.75
vnat,medium_seed2026,T8,rdp,rsync,0,4,0.0
vnat,medium_seed2026,T8,rdp,skype,0,4,0.0
vnat,medium_seed2026,T8,rdp,ssh,1,4,0.25
vnat,medium_seed2026,T8,rdp,vimeo,0,4,0.0
vnat,medium_seed2026,T8,rdp,zoiper,0,4,0.0
vnat,medium_seed2026,T8,rsync,netflix,0,191,0.0
vnat,medium_seed2026,T8,rsync,rdp,0,191,0.0
vnat,medium_seed2026,T8,rsync,rsync,178,191,0.9319371727748691
vnat,medium_seed2026,T8,rsync,skype,0,191,0.0
vnat,medium_seed2026,T8,rsync,ssh,10,191,0.05235602094240838
vnat,medium_seed2026,T8,rsync,vimeo,0,191,0.0
vnat,medium_seed2026,T8,rsync,zoiper,3,191,0.015706806282722512
vnat,medium_seed2026,T8,skype,netflix,1,126,0.007936507936507936
vnat,medium_seed2026,T8,skype,rdp,0,126,0.0
vnat,medium_seed2026,T8,skype,rsync,0,126,0.0
vnat,medium_seed2026,T8,skype,skype,123,126,0.9761904761904762
vnat,medium_seed2026,T8,skype,ssh,2,126,0.015873015873015872
vnat,medium_seed2026,T8,skype,vimeo,0,126,0.0
vnat,medium_seed2026,T8,skype,zoiper,0,126,0.0
vnat,medium_seed2026,T8,ssh,netflix,0,1356,0.0
vnat,medium_seed2026,T8,ssh,rdp,0,1356,0.0
vnat,medium_seed2026,T8,ssh,rsync,0,1356,0.0
vnat,medium_seed2026,T8,ssh,skype,1,1356,0.0007374631268436578
vnat,medium_seed2026,T8,ssh,ssh,1355,1356,0.9992625368731564
vnat,medium_seed2026,T8,ssh,vimeo,0,1356,0.0
vnat,medium_seed2026,T8,ssh,zoiper,0,1356,0.0
vnat,medium_seed2026,T8,vimeo,netflix,1,121,0.008264462809917356
vnat,medium_seed2026,T8,vimeo,rdp,0,121,0.0
vnat,medium_seed2026,T8,vimeo,rsync,3,121,0.024793388429752067
vnat,medium_seed2026,T8,vimeo,skype,0,121,0.0
vnat,medium_seed2026,T8,vimeo,ssh,0,121,0.0
vnat,medium_seed2026,T8,vimeo,vimeo,117,121,0.9669421487603306
vnat,medium_seed2026,T8,vimeo,zoiper,0,121,0.0
vnat,medium_seed2026,T8,zoiper,netflix,0,93,0.0
vnat,medium_seed2026,T8,zoiper,rdp,0,93,0.0
vnat,medium_seed2026,T8,zoiper,rsync,1,93,0.010752688172043012
vnat,medium_seed2026,T8,zoiper,skype,0,93,0.0
vnat,medium_seed2026,T8,zoiper,ssh,9,93,0.0967741935483871
vnat,medium_seed2026,T8,zoiper,vimeo,0,93,0.0
vnat,medium_seed2026,T8,zoiper,zoiper,83,93,0.8924731182795699
vnat,medium_seed2026,T16,netflix,netflix,13,20,0.65
vnat,medium_seed2026,T16,netflix,rdp,0,20,0.0
vnat,medium_seed2026,T16,netflix,rsync,2,20,0.1
vnat,medium_seed2026,T16,netflix,skype,0,20,0.0
vnat,medium_seed2026,T16,netflix,ssh,0,20,0.0
vnat,medium_seed2026,T16,netflix,vimeo,5,20,0.25
vnat,medium_seed2026,T16,netflix,zoiper,0,20,0.0
vnat,medium_seed2026,T16,rdp,netflix,0,4,0.0
vnat,medium_seed2026,T16,rdp,rdp,3,4,0.75
vnat,medium_seed2026,T16,rdp,rsync,0,4,0.0
vnat,medium_seed2026,T16,rdp,skype,0,4,0.0
vnat,medium_seed2026,T16,rdp,ssh,1,4,0.25
vnat,medium_seed2026,T16,rdp,vimeo,0,4,0.0
vnat,medium_seed2026,T16,rdp,zoiper,0,4,0.0
vnat,medium_seed2026,T16,rsync,netflix,0,191,0.0
vnat,medium_seed2026,T16,rsync,rdp,0,191,0.0
vnat,medium_seed2026,T16,rsync,rsync,170,191,0.8900523560209425
vnat,medium_seed2026,T16,rsync,skype,0,191,0.0
vnat,medium_seed2026,T16,rsync,ssh,10,191,0.05235602094240838
vnat,medium_seed2026,T16,rsync,vimeo,0,191,0.0
vnat,medium_seed2026,T16,rsync,zoiper,11,191,0.05759162303664921
vnat,medium_seed2026,T16,skype,netflix,0,126,0.0
vnat,medium_seed2026,T16,skype,rdp,0,126,0.0
vnat,medium_seed2026,T16,skype,rsync,0,126,0.0
vnat,medium_seed2026,T16,skype,skype,122,126,0.9682539682539683
vnat,medium_seed2026,T16,skype,ssh,3,126,0.023809523809523808
vnat,medium_seed2026,T16,skype,vimeo,0,126,0.0
vnat,medium_seed2026,T16,skype,zoiper,1,126,0.007936507936507936
vnat,medium_seed2026,T16,ssh,netflix,0,1356,0.0
vnat,medium_seed2026,T16,ssh,rdp,0,1356,0.0
vnat,medium_seed2026,T16,ssh,rsync,0,1356,0.0
vnat,medium_seed2026,T16,ssh,skype,1,1356,0.0007374631268436578
vnat,medium_seed2026,T16,ssh,ssh,1355,1356,0.9992625368731564
vnat,medium_seed2026,T16,ssh,vimeo,0,1356,0.0
vnat,medium_seed2026,T16,ssh,zoiper,0,1356,0.0
vnat,medium_seed2026,T16,vimeo,netflix,0,121,0.0
vnat,medium_seed2026,T16,vimeo,rdp,0,121,0.0
vnat,medium_seed2026,T16,vimeo,rsync,3,121,0.024793388429752067
vnat,medium_seed2026,T16,vimeo,skype,0,121,0.0
vnat,medium_seed2026,T16,vimeo,ssh,0,121,0.0
vnat,medium_seed2026,T16,vimeo,vimeo,118,121,0.9752066115702479
vnat,medium_seed2026,T16,vimeo,zoiper,0,121,0.0
vnat,medium_seed2026,T16,zoiper,netflix,0,93,0.0
vnat,medium_seed2026,T16,zoiper,rdp,0,93,0.0
vnat,medium_seed2026,T16,zoiper,rsync,2,93,0.021505376344086023
vnat,medium_seed2026,T16,zoiper,skype,0,93,0.0
vnat,medium_seed2026,T16,zoiper,ssh,0,93,0.0
vnat,medium_seed2026,T16,zoiper,vimeo,0,93,0.0
vnat,medium_seed2026,T16,zoiper,zoiper,91,93,0.978494623655914
vnat,medium_seed2026,T32,netflix,netflix,12,20,0.6
vnat,medium_seed2026,T32,netflix,rdp,0,20,0.0
vnat,medium_seed2026,T32,netflix,rsync,2,20,0.1
vnat,medium_seed2026,T32,netflix,skype,1,20,0.05
vnat,medium_seed2026,T32,netflix,ssh,0,20,0.0
vnat,medium_seed2026,T32,netflix,vimeo,5,20,0.25
vnat,medium_seed2026,T32,netflix,zoiper,0,20,0.0
vnat,medium_seed2026,T32,rdp,netflix,0,4,0.0
vnat,medium_seed2026,T32,rdp,rdp,3,4,0.75
vnat,medium_seed2026,T32,rdp,rsync,0,4,0.0
vnat,medium_seed2026,T32,rdp,skype,0,4,0.0
vnat,medium_seed2026,T32,rdp,ssh,1,4,0.25
vnat,medium_seed2026,T32,rdp,vimeo,0,4,0.0
vnat,medium_seed2026,T32,rdp,zoiper,0,4,0.0
vnat,medium_seed2026,T32,rsync,netflix,0,191,0.0
vnat,medium_seed2026,T32,rsync,rdp,0,191,0.0
vnat,medium_seed2026,T32,rsync,rsync,142,191,0.743455497382199
vnat,medium_seed2026,T32,rsync,skype,0,191,0.0
vnat,medium_seed2026,T32,rsync,ssh,39,191,0.20418848167539266
vnat,medium_seed2026,T32,rsync,vimeo,0,191,0.0
vnat,medium_seed2026,T32,rsync,zoiper,10,191,0.05235602094240838
vnat,medium_seed2026,T32,skype,netflix,0,126,0.0
vnat,medium_seed2026,T32,skype,rdp,0,126,0.0
vnat,medium_seed2026,T32,skype,rsync,0,126,0.0
vnat,medium_seed2026,T32,skype,skype,123,126,0.9761904761904762
vnat,medium_seed2026,T32,skype,ssh,3,126,0.023809523809523808
vnat,medium_seed2026,T32,skype,vimeo,0,126,0.0
vnat,medium_seed2026,T32,skype,zoiper,0,126,0.0
vnat,medium_seed2026,T32,ssh,netflix,1,1356,0.0007374631268436578
vnat,medium_seed2026,T32,ssh,rdp,0,1356,0.0
vnat,medium_seed2026,T32,ssh,rsync,0,1356,0.0
vnat,medium_seed2026,T32,ssh,skype,0,1356,0.0
vnat,medium_seed2026,T32,ssh,ssh,1355,1356,0.9992625368731564
vnat,medium_seed2026,T32,ssh,vimeo,0,1356,0.0
vnat,medium_seed2026,T32,ssh,zoiper,0,1356,0.0
vnat,medium_seed2026,T32,vimeo,netflix,1,121,0.008264462809917356
vnat,medium_seed2026,T32,vimeo,rdp,0,121,0.0
vnat,medium_seed2026,T32,vimeo,rsync,3,121,0.024793388429752067
vnat,medium_seed2026,T32,vimeo,skype,1,121,0.008264462809917356
vnat,medium_seed2026,T32,vimeo,ssh,0,121,0.0
vnat,medium_seed2026,T32,vimeo,vimeo,116,121,0.9586776859504132
vnat,medium_seed2026,T32,vimeo,zoiper,0,121,0.0
vnat,medium_seed2026,T32,zoiper,netflix,0,93,0.0
vnat,medium_seed2026,T32,zoiper,rdp,0,93,0.0
vnat,medium_seed2026,T32,zoiper,rsync,4,93,0.043010752688172046
vnat,medium_seed2026,T32,zoiper,skype,0,93,0.0
vnat,medium_seed2026,T32,zoiper,ssh,0,93,0.0
vnat,medium_seed2026,T32,zoiper,vimeo,0,93,0.0
vnat,medium_seed2026,T32,zoiper,zoiper,89,93,0.956989247311828
ustc,A-2,Native,Gmail,Gmail,862,863,0.9988412514484357
ustc,A-2,Native,Gmail,FTP,0,863,0.0
ustc,A-2,Native,Gmail,Nsis-ay,0,863,0.0
ustc,A-2,Native,Gmail,Facetime,0,863,0.0
ustc,A-2,Native,Gmail,Weibo,0,863,0.0
ustc,A-2,Native,Gmail,Cridex,0,863,0.0
ustc,A-2,Native,Gmail,Zeus,0,863,0.0
ustc,A-2,Native,Gmail,SMB,0,863,0.0
ustc,A-2,Native,Gmail,BitTorrent,0,863,0.0
ustc,A-2,Native,Gmail,WorldOfWarcraft,0,863,0.0
ustc,A-2,Native,Gmail,Shifu,0,863,0.0
ustc,A-2,Native,Gmail,Outlook,0,863,0.0
ustc,A-2,Native,Gmail,Virut,0,863,0.0
ustc,A-2,Native,Gmail,MySQL,0,863,0.0
ustc,A-2,Native,Gmail,Skype,1,863,0.0011587485515643105
ustc,A-2,Native,Gmail,Miuref,0,863,0.0
ustc,A-2,Native,Gmail,Neris,0,863,0.0
ustc,A-2,Native,FTP,Gmail,1,10103,9.898050084133426e-05
ustc,A-2,Native,FTP,FTP,10101,10103,0.9998020389983173
ustc,A-2,Native,FTP,Nsis-ay,0,10103,0.0
ustc,A-2,Native,FTP,Facetime,0,10103,0.0
ustc,A-2,Native,FTP,Weibo,1,10103,9.898050084133426e-05
ustc,A-2,Native,FTP,Cridex,0,10103,0.0
ustc,A-2,Native,FTP,Zeus,0,10103,0.0
ustc,A-2,Native,FTP,SMB,0,10103,0.0
ustc,A-2,Native,FTP,BitTorrent,0,10103,0.0
ustc,A-2,Native,FTP,WorldOfWarcraft,0,10103,0.0
ustc,A-2,Native,FTP,Shifu,0,10103,0.0
ustc,A-2,Native,FTP,Outlook,0,10103,0.0
ustc,A-2,Native,FTP,Virut,0,10103,0.0
ustc,A-2,Native,FTP,MySQL,0,10103,0.0
ustc,A-2,Native,FTP,Skype,0,10103,0.0
ustc,A-2,Native,FTP,Miuref,0,10103,0.0
ustc,A-2,Native,FTP,Neris,0,10103,0.0
ustc,A-2,Native,Nsis-ay,Gmail,0,607,0.0
ustc,A-2,Native,Nsis-ay,FTP,0,607,0.0
ustc,A-2,Native,Nsis-ay,Nsis-ay,592,607,0.9752883031301482
ustc,A-2,Native,Nsis-ay,Facetime,0,607,0.0
ustc,A-2,Native,Nsis-ay,Weibo,0,607,0.0
ustc,A-2,Native,Nsis-ay,Cridex,0,607,0.0
ustc,A-2,Native,Nsis-ay,Zeus,0,607,0.0
ustc,A-2,Native,Nsis-ay,SMB,0,607,0.0
ustc,A-2,Native,Nsis-ay,BitTorrent,0,607,0.0
ustc,A-2,Native,Nsis-ay,WorldOfWarcraft,0,607,0.0
ustc,A-2,Native,Nsis-ay,Shifu,0,607,0.0
ustc,A-2,Native,Nsis-ay,Outlook,0,607,0.0
ustc,A-2,Native,Nsis-ay,Virut,11,607,0.018121911037891267
ustc,A-2,Native,Nsis-ay,MySQL,0,607,0.0
ustc,A-2,Native,Nsis-ay,Skype,0,607,0.0
ustc,A-2,Native,Nsis-ay,Miuref,0,607,0.0
ustc,A-2,Native,Nsis-ay,Neris,4,607,0.006589785831960461
ustc,A-2,Native,Facetime,Gmail,0,600,0.0
ustc,A-2,Native,Facetime,FTP,0,600,0.0
ustc,A-2,Native,Facetime,Nsis-ay,0,600,0.0
ustc,A-2,Native,Facetime,Facetime,600,600,1.0
ustc,A-2,Native,Facetime,Weibo,0,600,0.0
ustc,A-2,Native,Facetime,Cridex,0,600,0.0
ustc,A-2,Native,Facetime,Zeus,0,600,0.0
ustc,A-2,Native,Facetime,SMB,0,600,0.0
ustc,A-2,Native,Facetime,BitTorrent,0,600,0.0
ustc,A-2,Native,Facetime,WorldOfWarcraft,0,600,0.0
ustc,A-2,Native,Facetime,Shifu,0,600,0.0
ustc,A-2,Native,Facetime,Outlook,0,600,0.0
ustc,A-2,Native,Facetime,Virut,0,600,0.0
ustc,A-2,Native,Facetime,MySQL,0,600,0.0
ustc,A-2,Native,Facetime,Skype,0,600,0.0
ustc,A-2,Native,Facetime,Miuref,0,600,0.0
ustc,A-2,Native,Facetime,Neris,0,600,0.0
ustc,A-2,Native,Weibo,Gmail,4,3995,0.0010012515644555694
ustc,A-2,Native,Weibo,FTP,2,3995,0.0005006257822277847
ustc,A-2,Native,Weibo,Nsis-ay,0,3995,0.0
ustc,A-2,Native,Weibo,Facetime,0,3995,0.0
ustc,A-2,Native,Weibo,Weibo,3982,3995,0.9967459324155195
ustc,A-2,Native,Weibo,Cridex,0,3995,0.0
ustc,A-2,Native,Weibo,Zeus,0,3995,0.0
ustc,A-2,Native,Weibo,SMB,5,3995,0.0012515644555694619
ustc,A-2,Native,Weibo,BitTorrent,2,3995,0.0005006257822277847
ustc,A-2,Native,Weibo,WorldOfWarcraft,0,3995,0.0
ustc,A-2,Native,Weibo,Shifu,0,3995,0.0
ustc,A-2,Native,Weibo,Outlook,0,3995,0.0
ustc,A-2,Native,Weibo,Virut,0,3995,0.0
ustc,A-2,Native,Weibo,MySQL,0,3995,0.0
ustc,A-2,Native,Weibo,Skype,0,3995,0.0
ustc,A-2,Native,Weibo,Miuref,0,3995,0.0
ustc,A-2,Native,Weibo,Neris,0,3995,0.0
ustc,A-2,Native,Cridex,Gmail,0,1638,0.0
ustc,A-2,Native,Cridex,FTP,0,1638,0.0
ustc,A-2,Native,Cridex,Nsis-ay,0,1638,0.0
ustc,A-2,Native,Cridex,Facetime,0,1638,0.0
ustc,A-2,Native,Cridex,Weibo,0,1638,0.0
ustc,A-2,Native,Cridex,Cridex,1638,1638,1.0
ustc,A-2,Native,Cridex,Zeus,0,1638,0.0
ustc,A-2,Native,Cridex,SMB,0,1638,0.0
ustc,A-2,Native,Cridex,BitTorrent,0,1638,0.0
ustc,A-2,Native,Cridex,WorldOfWarcraft,0,1638,0.0
ustc,A-2,Native,Cridex,Shifu,0,1638,0.0
ustc,A-2,Native,Cridex,Outlook,0,1638,0.0
ustc,A-2,Native,Cridex,Virut,0,1638,0.0
ustc,A-2,Native,Cridex,MySQL,0,1638,0.0
ustc,A-2,Native,Cridex,Skype,0,1638,0.0
ustc,A-2,Native,Cridex,Miuref,0,1638,0.0
ustc,A-2,Native,Cridex,Neris,0,1638,0.0
ustc,A-2,Native,Zeus,Gmail,0,1097,0.0
ustc,A-2,Native,Zeus,FTP,0,1097,0.0
ustc,A-2,Native,Zeus,Nsis-ay,1,1097,0.0009115770282588879
ustc,A-2,Native,Zeus,Facetime,0,1097,0.0
ustc,A-2,Native,Zeus,Weibo,0,1097,0.0
ustc,A-2,Native,Zeus,Cridex,0,1097,0.0
ustc,A-2,Native,Zeus,Zeus,1094,1097,0.9972652689152234
ustc,A-2,Native,Zeus,SMB,0,1097,0.0
ustc,A-2,Native,Zeus,BitTorrent,0,1097,0.0
ustc,A-2,Native,Zeus,WorldOfWarcraft,0,1097,0.0
ustc,A-2,Native,Zeus,Shifu,1,1097,0.0009115770282588879
ustc,A-2,Native,Zeus,Outlook,0,1097,0.0
ustc,A-2,Native,Zeus,Virut,1,1097,0.0009115770282588879
ustc,A-2,Native,Zeus,MySQL,0,1097,0.0
ustc,A-2,Native,Zeus,Skype,0,1097,0.0
ustc,A-2,Native,Zeus,Miuref,0,1097,0.0
ustc,A-2,Native,Zeus,Neris,0,1097,0.0
ustc,A-2,Native,SMB,Gmail,3,3893,0.0007706139224248652
ustc,A-2,Native,SMB,FTP,1,3893,0.00025687130747495504
ustc,A-2,Native,SMB,Nsis-ay,0,3893,0.0
ustc,A-2,Native,SMB,Facetime,0,3893,0.0
ustc,A-2,Native,SMB,Weibo,0,3893,0.0
ustc,A-2,Native,SMB,Cridex,0,3893,0.0
ustc,A-2,Native,SMB,Zeus,0,3893,0.0
ustc,A-2,Native,SMB,SMB,3888,3893,0.9987156434626252
ustc,A-2,Native,SMB,BitTorrent,0,3893,0.0
ustc,A-2,Native,SMB,WorldOfWarcraft,0,3893,0.0
ustc,A-2,Native,SMB,Shifu,0,3893,0.0
ustc,A-2,Native,SMB,Outlook,0,3893,0.0
ustc,A-2,Native,SMB,Virut,0,3893,0.0
ustc,A-2,Native,SMB,MySQL,1,3893,0.00025687130747495504
ustc,A-2,Native,SMB,Skype,0,3893,0.0
ustc,A-2,Native,SMB,Miuref,0,3893,0.0
ustc,A-2,Native,SMB,Neris,0,3893,0.0
ustc,A-2,Native,BitTorrent,Gmail,0,752,0.0
ustc,A-2,Native,BitTorrent,FTP,0,752,0.0
ustc,A-2,Native,BitTorrent,Nsis-ay,0,752,0.0
ustc,A-2,Native,BitTorrent,Facetime,0,752,0.0
ustc,A-2,Native,BitTorrent,Weibo,0,752,0.0
ustc,A-2,Native,BitTorrent,Cridex,0,752,0.0
ustc,A-2,Native,BitTorrent,Zeus,0,752,0.0
ustc,A-2,Native,BitTorrent,SMB,0,752,0.0
ustc,A-2,Native,BitTorrent,BitTorrent,750,752,0.9973404255319149
ustc,A-2,Native,BitTorrent,WorldOfWarcraft,0,752,0.0
ustc,A-2,Native,BitTorrent,Shifu,0,752,0.0
ustc,A-2,Native,BitTorrent,Outlook,0,752,0.0
ustc,A-2,Native,BitTorrent,Virut,0,752,0.0
ustc,A-2,Native,BitTorrent,MySQL,0,752,0.0
ustc,A-2,Native,BitTorrent,Skype,2,752,0.0026595744680851063
ustc,A-2,Native,BitTorrent,Miuref,0,752,0.0
ustc,A-2,Native,BitTorrent,Neris,0,752,0.0
ustc,A-2,Native,WorldOfWarcraft,Gmail,0,789,0.0
ustc,A-2,Native,WorldOfWarcraft,FTP,0,789,0.0
ustc,A-2,Native,WorldOfWarcraft,Nsis-ay,0,789,0.0
ustc,A-2,Native,WorldOfWarcraft,Facetime,0,789,0.0
ustc,A-2,Native,WorldOfWarcraft,Weibo,0,789,0.0
ustc,A-2,Native,WorldOfWarcraft,Cridex,0,789,0.0
ustc,A-2,Native,WorldOfWarcraft,Zeus,0,789,0.0
ustc,A-2,Native,WorldOfWarcraft,SMB,0,789,0.0
ustc,A-2,Native,WorldOfWarcraft,BitTorrent,0,789,0.0
ustc,A-2,Native,WorldOfWarcraft,WorldOfWarcraft,789,789,1.0
ustc,A-2,Native,WorldOfWarcraft,Shifu,0,789,0.0
ustc,A-2,Native,WorldOfWarcraft,Outlook,0,789,0.0
ustc,A-2,Native,WorldOfWarcraft,Virut,0,789,0.0
ustc,A-2,Native,WorldOfWarcraft,MySQL,0,789,0.0
ustc,A-2,Native,WorldOfWarcraft,Skype,0,789,0.0
ustc,A-2,Native,WorldOfWarcraft,Miuref,0,789,0.0
ustc,A-2,Native,WorldOfWarcraft,Neris,0,789,0.0
ustc,A-2,Native,Shifu,Gmail,0,963,0.0
ustc,A-2,Native,Shifu,FTP,0,963,0.0
ustc,A-2,Native,Shifu,Nsis-ay,0,963,0.0
ustc,A-2,Native,Shifu,Facetime,0,963,0.0
ustc,A-2,Native,Shifu,Weibo,0,963,0.0
ustc,A-2,Native,Shifu,Cridex,0,963,0.0
ustc,A-2,Native,Shifu,Zeus,2,963,0.0020768431983385254
ustc,A-2,Native,Shifu,SMB,0,963,0.0
ustc,A-2,Native,Shifu,BitTorrent,0,963,0.0
ustc,A-2,Native,Shifu,WorldOfWarcraft,0,963,0.0
ustc,A-2,Native,Shifu,Shifu,958,963,0.9948078920041536
ustc,A-2,Native,Shifu,Outlook,0,963,0.0
ustc,A-2,Native,Shifu,Virut,0,963,0.0
ustc,A-2,Native,Shifu,MySQL,0,963,0.0
ustc,A-2,Native,Shifu,Skype,0,963,0.0
ustc,A-2,Native,Shifu,Miuref,3,963,0.003115264797507788
ustc,A-2,Native,Shifu,Neris,0,963,0.0
ustc,A-2,Native,Outlook,Gmail,33,753,0.043824701195219126
ustc,A-2,Native,Outlook,FTP,0,753,0.0
ustc,A-2,Native,Outlook,Nsis-ay,0,753,0.0
ustc,A-2,Native,Outlook,Facetime,0,753,0.0
ustc,A-2,Native,Outlook,Weibo,0,753,0.0
ustc,A-2,Native,Outlook,Cridex,0,753,0.0
ustc,A-2,Native,Outlook,Zeus,0,753,0.0
ustc,A-2,Native,Outlook,SMB,0,753,0.0
ustc,A-2,Native,Outlook,BitTorrent,0,753,0.0
ustc,A-2,Native,Outlook,WorldOfWarcraft,0,753,0.0
ustc,A-2,Native,Outlook,Shifu,0,753,0.0
ustc,A-2,Native,Outlook,Outlook,713,753,0.9468791500664011
ustc,A-2,Native,Outlook,Virut,0,753,0.0
ustc,A-2,Native,Outlook,MySQL,0,753,0.0
ustc,A-2,Native,Outlook,Skype,7,753,0.009296148738379814
ustc,A-2,Native,Outlook,Miuref,0,753,0.0
ustc,A-2,Native,Outlook,Neris,0,753,0.0
ustc,A-2,Native,Virut,Gmail,0,3310,0.0
ustc,A-2,Native,Virut,FTP,0,3310,0.0
ustc,A-2,Native,Virut,Nsis-ay,12,3310,0.0036253776435045317
ustc,A-2,Native,Virut,Facetime,0,3310,0.0
ustc,A-2,Native,Virut,Weibo,0,3310,0.0
ustc,A-2,Native,Virut,Cridex,0,3310,0.0
ustc,A-2,Native,Virut,Zeus,0,3310,0.0
ustc,A-2,Native,Virut,SMB,0,3310,0.0
ustc,A-2,Native,Virut,BitTorrent,0,3310,0.0
ustc,A-2,Native,Virut,WorldOfWarcraft,0,3310,0.0
ustc,A-2,Native,Virut,Shifu,0,3310,0.0
ustc,A-2,Native,Virut,Outlook,0,3310,0.0
ustc,A-2,Native,Virut,Virut,2663,3310,0.8045317220543806
ustc,A-2,Native,Virut,MySQL,0,3310,0.0
ustc,A-2,Native,Virut,Skype,0,3310,0.0
ustc,A-2,Native,Virut,Miuref,0,3310,0.0
ustc,A-2,Native,Virut,Neris,635,3310,0.19184290030211482
ustc,A-2,Native,MySQL,Gmail,0,8609,0.0
ustc,A-2,Native,MySQL,FTP,0,8609,0.0
ustc,A-2,Native,MySQL,Nsis-ay,0,8609,0.0
ustc,A-2,Native,MySQL,Facetime,0,8609,0.0
ustc,A-2,Native,MySQL,Weibo,0,8609,0.0
ustc,A-2,Native,MySQL,Cridex,0,8609,0.0
ustc,A-2,Native,MySQL,Zeus,0,8609,0.0
ustc,A-2,Native,MySQL,SMB,0,8609,0.0
ustc,A-2,Native,MySQL,BitTorrent,0,8609,0.0
ustc,A-2,Native,MySQL,WorldOfWarcraft,0,8609,0.0
ustc,A-2,Native,MySQL,Shifu,0,8609,0.0
ustc,A-2,Native,MySQL,Outlook,0,8609,0.0
ustc,A-2,Native,MySQL,Virut,0,8609,0.0
ustc,A-2,Native,MySQL,MySQL,8609,8609,1.0
ustc,A-2,Native,MySQL,Skype,0,8609,0.0
ustc,A-2,Native,MySQL,Miuref,0,8609,0.0
ustc,A-2,Native,MySQL,Neris,0,8609,0.0
ustc,A-2,Native,Skype,Gmail,2,632,0.0031645569620253164
ustc,A-2,Native,Skype,FTP,0,632,0.0
ustc,A-2,Native,Skype,Nsis-ay,0,632,0.0
ustc,A-2,Native,Skype,Facetime,0,632,0.0
ustc,A-2,Native,Skype,Weibo,0,632,0.0
ustc,A-2,Native,Skype,Cridex,0,632,0.0
ustc,A-2,Native,Skype,Zeus,0,632,0.0
ustc,A-2,Native,Skype,SMB,0,632,0.0
ustc,A-2,Native,Skype,BitTorrent,0,632,0.0
ustc,A-2,Native,Skype,WorldOfWarcraft,0,632,0.0
ustc,A-2,Native,Skype,Shifu,0,632,0.0
ustc,A-2,Native,Skype,Outlook,0,632,0.0
ustc,A-2,Native,Skype,Virut,0,632,0.0
ustc,A-2,Native,Skype,MySQL,0,632,0.0
ustc,A-2,Native,Skype,Skype,630,632,0.9968354430379747
ustc,A-2,Native,Skype,Miuref,0,632,0.0
ustc,A-2,Native,Skype,Neris,0,632,0.0
ustc,A-2,Native,Miuref,Gmail,0,1348,0.0
ustc,A-2,Native,Miuref,FTP,0,1348,0.0
ustc,A-2,Native,Miuref,Nsis-ay,0,1348,0.0
ustc,A-2,Native,Miuref,Facetime,0,1348,0.0
ustc,A-2,Native,Miuref,Weibo,0,1348,0.0
ustc,A-2,Native,Miuref,Cridex,0,1348,0.0
ustc,A-2,Native,Miuref,Zeus,5,1348,0.00370919881305638
ustc,A-2,Native,Miuref,SMB,0,1348,0.0
ustc,A-2,Native,Miuref,BitTorrent,0,1348,0.0
ustc,A-2,Native,Miuref,WorldOfWarcraft,0,1348,0.0
ustc,A-2,Native,Miuref,Shifu,0,1348,0.0
ustc,A-2,Native,Miuref,Outlook,0,1348,0.0
ustc,A-2,Native,Miuref,Virut,0,1348,0.0
ustc,A-2,Native,Miuref,MySQL,0,1348,0.0
ustc,A-2,Native,Miuref,Skype,0,1348,0.0
ustc,A-2,Native,Miuref,Miuref,1343,1348,0.9962908011869436
ustc,A-2,Native,Miuref,Neris,0,1348,0.0
ustc,A-2,Native,Neris,Gmail,0,3379,0.0
ustc,A-2,Native,Neris,FTP,0,3379,0.0
ustc,A-2,Native,Neris,Nsis-ay,8,3379,0.0023675643681562593
ustc,A-2,Native,Neris,Facetime,0,3379,0.0
ustc,A-2,Native,Neris,Weibo,0,3379,0.0
ustc,A-2,Native,Neris,Cridex,0,3379,0.0
ustc,A-2,Native,Neris,Zeus,0,3379,0.0
ustc,A-2,Native,Neris,SMB,0,3379,0.0
ustc,A-2,Native,Neris,BitTorrent,0,3379,0.0
ustc,A-2,Native,Neris,WorldOfWarcraft,0,3379,0.0
ustc,A-2,Native,Neris,Shifu,2,3379,0.0005918910920390648
ustc,A-2,Native,Neris,Outlook,0,3379,0.0
ustc,A-2,Native,Neris,Virut,254,3379,0.07517016868896123
ustc,A-2,Native,Neris,MySQL,0,3379,0.0
ustc,A-2,Native,Neris,Skype,0,3379,0.0
ustc,A-2,Native,Neris,Miuref,0,3379,0.0
ustc,A-2,Native,Neris,Neris,3115,3379,0.9218703758508434
ustc,A-2,T8,Gmail,Gmail,553,863,0.6407879490150638
ustc,A-2,T8,Gmail,FTP,77,863,0.08922363847045191
ustc,A-2,T8,Gmail,Nsis-ay,0,863,0.0
ustc,A-2,T8,Gmail,Facetime,0,863,0.0
ustc,A-2,T8,Gmail,Weibo,0,863,0.0
ustc,A-2,T8,Gmail,Cridex,0,863,0.0
ustc,A-2,T8,Gmail,Zeus,0,863,0.0
ustc,A-2,T8,Gmail,SMB,10,863,0.011587485515643106
ustc,A-2,T8,Gmail,BitTorrent,80,863,0.09269988412514485
ustc,A-2,T8,Gmail,WorldOfWarcraft,0,863,0.0
ustc,A-2,T8,Gmail,Shifu,0,863,0.0
ustc,A-2,T8,Gmail,Outlook,82,863,0.09501738122827347
ustc,A-2,T8,Gmail,Virut,0,863,0.0
ustc,A-2,T8,Gmail,MySQL,55,863,0.06373117033603708
ustc,A-2,T8,Gmail,Skype,6,863,0.006952491309385863
ustc,A-2,T8,Gmail,Miuref,0,863,0.0
ustc,A-2,T8,Gmail,Neris,0,863,0.0
ustc,A-2,T8,FTP,Gmail,6,10103,0.0005938830050480055
ustc,A-2,T8,FTP,FTP,8337,10103,0.8252004355142037
ustc,A-2,T8,FTP,Nsis-ay,2,10103,0.00019796100168266851
ustc,A-2,T8,FTP,Facetime,0,10103,0.0
ustc,A-2,T8,FTP,Weibo,1,10103,9.898050084133426e-05
ustc,A-2,T8,FTP,Cridex,0,10103,0.0
ustc,A-2,T8,FTP,Zeus,0,10103,0.0
ustc,A-2,T8,FTP,SMB,1,10103,9.898050084133426e-05
ustc,A-2,T8,FTP,BitTorrent,0,10103,0.0
ustc,A-2,T8,FTP,WorldOfWarcraft,0,10103,0.0
ustc,A-2,T8,FTP,Shifu,0,10103,0.0
ustc,A-2,T8,FTP,Outlook,0,10103,0.0
ustc,A-2,T8,FTP,Virut,0,10103,0.0
ustc,A-2,T8,FTP,MySQL,1755,10103,0.1737107789765416
ustc,A-2,T8,FTP,Skype,1,10103,9.898050084133426e-05
ustc,A-2,T8,FTP,Miuref,0,10103,0.0
ustc,A-2,T8,FTP,Neris,0,10103,0.0
ustc,A-2,T8,Nsis-ay,Gmail,0,607,0.0
ustc,A-2,T8,Nsis-ay,FTP,0,607,0.0
ustc,A-2,T8,Nsis-ay,Nsis-ay,598,607,0.985172981878089
ustc,A-2,T8,Nsis-ay,Facetime,1,607,0.0016474464579901153
ustc,A-2,T8,Nsis-ay,Weibo,0,607,0.0
ustc,A-2,T8,Nsis-ay,Cridex,0,607,0.0
ustc,A-2,T8,Nsis-ay,Zeus,0,607,0.0
ustc,A-2,T8,Nsis-ay,SMB,0,607,0.0
ustc,A-2,T8,Nsis-ay,BitTorrent,0,607,0.0
ustc,A-2,T8,Nsis-ay,WorldOfWarcraft,0,607,0.0
ustc,A-2,T8,Nsis-ay,Shifu,0,607,0.0
ustc,A-2,T8,Nsis-ay,Outlook,0,607,0.0
ustc,A-2,T8,Nsis-ay,Virut,5,607,0.008237232289950576
ustc,A-2,T8,Nsis-ay,MySQL,0,607,0.0
ustc,A-2,T8,Nsis-ay,Skype,0,607,0.0
ustc,A-2,T8,Nsis-ay,Miuref,0,607,0.0
ustc,A-2,T8,Nsis-ay,Neris,3,607,0.004942339373970346
ustc,A-2,T8,Facetime,Gmail,0,600,0.0
ustc,A-2,T8,Facetime,FTP,0,600,0.0
ustc,A-2,T8,Facetime,Nsis-ay,0,600,0.0
ustc,A-2,T8,Facetime,Facetime,600,600,1.0
ustc,A-2,T8,Facetime,Weibo,0,600,0.0
ustc,A-2,T8,Facetime,Cridex,0,600,0.0
ustc,A-2,T8,Facetime,Zeus,0,600,0.0
ustc,A-2,T8,Facetime,SMB,0,600,0.0
ustc,A-2,T8,Facetime,BitTorrent,0,600,0.0
ustc,A-2,T8,Facetime,WorldOfWarcraft,0,600,0.0
ustc,A-2,T8,Facetime,Shifu,0,600,0.0
ustc,A-2,T8,Facetime,Outlook,0,600,0.0
ustc,A-2,T8,Facetime,Virut,0,600,0.0
ustc,A-2,T8,Facetime,MySQL,0,600,0.0
ustc,A-2,T8,Facetime,Skype,0,600,0.0
ustc,A-2,T8,Facetime,Miuref,0,600,0.0
ustc,A-2,T8,Facetime,Neris,0,600,0.0
ustc,A-2,T8,Weibo,Gmail,1,3995,0.00025031289111389235
ustc,A-2,T8,Weibo,FTP,0,3995,0.0
ustc,A-2,T8,Weibo,Nsis-ay,0,3995,0.0
ustc,A-2,T8,Weibo,Facetime,0,3995,0.0
ustc,A-2,T8,Weibo,Weibo,3246,3995,0.8125156445556946
ustc,A-2,T8,Weibo,Cridex,0,3995,0.0
ustc,A-2,T8,Weibo,Zeus,0,3995,0.0
ustc,A-2,T8,Weibo,SMB,739,3995,0.18498122653316645
ustc,A-2,T8,Weibo,BitTorrent,0,3995,0.0
ustc,A-2,T8,Weibo,WorldOfWarcraft,0,3995,0.0
ustc,A-2,T8,Weibo,Shifu,0,3995,0.0
ustc,A-2,T8,Weibo,Outlook,1,3995,0.00025031289111389235
ustc,A-2,T8,Weibo,Virut,0,3995,0.0
ustc,A-2,T8,Weibo,MySQL,0,3995,0.0
ustc,A-2,T8,Weibo,Skype,8,3995,0.002002503128911139
ustc,A-2,T8,Weibo,Miuref,0,3995,0.0
ustc,A-2,T8,Weibo,Neris,0,3995,0.0
ustc,A-2,T8,Cridex,Gmail,0,1638,0.0
ustc,A-2,T8,Cridex,FTP,0,1638,0.0
ustc,A-2,T8,Cridex,Nsis-ay,0,1638,0.0
ustc,A-2,T8,Cridex,Facetime,0,1638,0.0
ustc,A-2,T8,Cridex,Weibo,0,1638,0.0
ustc,A-2,T8,Cridex,Cridex,1638,1638,1.0
ustc,A-2,T8,Cridex,Zeus,0,1638,0.0
ustc,A-2,T8,Cridex,SMB,0,1638,0.0
ustc,A-2,T8,Cridex,BitTorrent,0,1638,0.0
ustc,A-2,T8,Cridex,WorldOfWarcraft,0,1638,0.0
ustc,A-2,T8,Cridex,Shifu,0,1638,0.0
ustc,A-2,T8,Cridex,Outlook,0,1638,0.0
ustc,A-2,T8,Cridex,Virut,0,1638,0.0
ustc,A-2,T8,Cridex,MySQL,0,1638,0.0
ustc,A-2,T8,Cridex,Skype,0,1638,0.0
ustc,A-2,T8,Cridex,Miuref,0,1638,0.0
ustc,A-2,T8,Cridex,Neris,0,1638,0.0
ustc,A-2,T8,Zeus,Gmail,0,1097,0.0
ustc,A-2,T8,Zeus,FTP,0,1097,0.0
ustc,A-2,T8,Zeus,Nsis-ay,0,1097,0.0
ustc,A-2,T8,Zeus,Facetime,0,1097,0.0
ustc,A-2,T8,Zeus,Weibo,0,1097,0.0
ustc,A-2,T8,Zeus,Cridex,0,1097,0.0
ustc,A-2,T8,Zeus,Zeus,1095,1097,0.9981768459434822
ustc,A-2,T8,Zeus,SMB,0,1097,0.0
ustc,A-2,T8,Zeus,BitTorrent,0,1097,0.0
ustc,A-2,T8,Zeus,WorldOfWarcraft,0,1097,0.0
ustc,A-2,T8,Zeus,Shifu,0,1097,0.0
ustc,A-2,T8,Zeus,Outlook,0,1097,0.0
ustc,A-2,T8,Zeus,Virut,1,1097,0.0009115770282588879
ustc,A-2,T8,Zeus,MySQL,0,1097,0.0
ustc,A-2,T8,Zeus,Skype,0,1097,0.0
ustc,A-2,T8,Zeus,Miuref,0,1097,0.0
ustc,A-2,T8,Zeus,Neris,1,1097,0.0009115770282588879
ustc,A-2,T8,SMB,Gmail,28,3893,0.007192396609298741
ustc,A-2,T8,SMB,FTP,42,3893,0.010788594913948112
ustc,A-2,T8,SMB,Nsis-ay,0,3893,0.0
ustc,A-2,T8,SMB,Facetime,0,3893,0.0
ustc,A-2,T8,SMB,Weibo,1692,3893,0.43462625224762397
ustc,A-2,T8,SMB,Cridex,0,3893,0.0
ustc,A-2,T8,SMB,Zeus,0,3893,0.0
ustc,A-2,T8,SMB,SMB,2061,3893,0.5294117647058824
ustc,A-2,T8,SMB,BitTorrent,7,3893,0.0017980991523246853
ustc,A-2,T8,SMB,WorldOfWarcraft,0,3893,0.0
ustc,A-2,T8,SMB,Shifu,0,3893,0.0
ustc,A-2,T8,SMB,Outlook,0,3893,0.0
ustc,A-2,T8,SMB,Virut,1,3893,0.00025687130747495504
ustc,A-2,T8,SMB,MySQL,59,3893,0.015155407141022348
ustc,A-2,T8,SMB,Skype,3,3893,0.0007706139224248652
ustc,A-2,T8,SMB,Miuref,0,3893,0.0
ustc,A-2,T8,SMB,Neris,0,3893,0.0
ustc,A-2,T8,BitTorrent,Gmail,55,752,0.07313829787234043
ustc,A-2,T8,BitTorrent,FTP,0,752,0.0
ustc,A-2,T8,BitTorrent,Nsis-ay,0,752,0.0
ustc,A-2,T8,BitTorrent,Facetime,1,752,0.0013297872340425532
ustc,A-2,T8,BitTorrent,Weibo,0,752,0.0
ustc,A-2,T8,BitTorrent,Cridex,0,752,0.0
ustc,A-2,T8,BitTorrent,Zeus,0,752,0.0
ustc,A-2,T8,BitTorrent,SMB,1,752,0.0013297872340425532
ustc,A-2,T8,BitTorrent,BitTorrent,373,752,0.49601063829787234
ustc,A-2,T8,BitTorrent,WorldOfWarcraft,0,752,0.0
ustc,A-2,T8,BitTorrent,Shifu,0,752,0.0
ustc,A-2,T8,BitTorrent,Outlook,184,752,0.24468085106382978
ustc,A-2,T8,BitTorrent,Virut,0,752,0.0
ustc,A-2,T8,BitTorrent,MySQL,135,752,0.17952127659574468
ustc,A-2,T8,BitTorrent,Skype,3,752,0.003989361702127659
ustc,A-2,T8,BitTorrent,Miuref,0,752,0.0
ustc,A-2,T8,BitTorrent,Neris,0,752,0.0
ustc,A-2,T8,WorldOfWarcraft,Gmail,0,789,0.0
ustc,A-2,T8,WorldOfWarcraft,FTP,1,789,0.0012674271229404308
ustc,A-2,T8,WorldOfWarcraft,Nsis-ay,0,789,0.0
ustc,A-2,T8,WorldOfWarcraft,Facetime,0,789,0.0
ustc,A-2,T8,WorldOfWarcraft,Weibo,0,789,0.0
ustc,A-2,T8,WorldOfWarcraft,Cridex,0,789,0.0
ustc,A-2,T8,WorldOfWarcraft,Zeus,0,789,0.0
ustc,A-2,T8,WorldOfWarcraft,SMB,0,789,0.0
ustc,A-2,T8,WorldOfWarcraft,BitTorrent,0,789,0.0
ustc,A-2,T8,WorldOfWarcraft,WorldOfWarcraft,786,789,0.9961977186311787
ustc,A-2,T8,WorldOfWarcraft,Shifu,0,789,0.0
ustc,A-2,T8,WorldOfWarcraft,Outlook,0,789,0.0
ustc,A-2,T8,WorldOfWarcraft,Virut,0,789,0.0
ustc,A-2,T8,WorldOfWarcraft,MySQL,2,789,0.0025348542458808617
ustc,A-2,T8,WorldOfWarcraft,Skype,0,789,0.0
ustc,A-2,T8,WorldOfWarcraft,Miuref,0,789,0.0
ustc,A-2,T8,WorldOfWarcraft,Neris,0,789,0.0
ustc,A-2,T8,Shifu,Gmail,0,963,0.0
ustc,A-2,T8,Shifu,FTP,0,963,0.0
ustc,A-2,T8,Shifu,Nsis-ay,0,963,0.0
ustc,A-2,T8,Shifu,Facetime,0,963,0.0
ustc,A-2,T8,Shifu,Weibo,0,963,0.0
ustc,A-2,T8,Shifu,Cridex,0,963,0.0
ustc,A-2,T8,Shifu,Zeus,0,963,0.0
ustc,A-2,T8,Shifu,SMB,0,963,0.0
ustc,A-2,T8,Shifu,BitTorrent,0,963,0.0
ustc,A-2,T8,Shifu,WorldOfWarcraft,0,963,0.0
ustc,A-2,T8,Shifu,Shifu,958,963,0.9948078920041536
ustc,A-2,T8,Shifu,Outlook,0,963,0.0
ustc,A-2,T8,Shifu,Virut,0,963,0.0
ustc,A-2,T8,Shifu,MySQL,0,963,0.0
ustc,A-2,T8,Shifu,Skype,0,963,0.0
ustc,A-2,T8,Shifu,Miuref,5,963,0.005192107995846314
ustc,A-2,T8,Shifu,Neris,0,963,0.0
ustc,A-2,T8,Outlook,Gmail,7,753,0.009296148738379814
ustc,A-2,T8,Outlook,FTP,1,753,0.0013280212483399733
ustc,A-2,T8,Outlook,Nsis-ay,0,753,0.0
ustc,A-2,T8,Outlook,Facetime,0,753,0.0
ustc,A-2,T8,Outlook,Weibo,0,753,0.0
ustc,A-2,T8,Outlook,Cridex,0,753,0.0
ustc,A-2,T8,Outlook,Zeus,0,753,0.0
ustc,A-2,T8,Outlook,SMB,1,753,0.0013280212483399733
ustc,A-2,T8,Outlook,BitTorrent,102,753,0.13545816733067728
ustc,A-2,T8,Outlook,WorldOfWarcraft,0,753,0.0
ustc,A-2,T8,Outlook,Shifu,0,753,0.0
ustc,A-2,T8,Outlook,Outlook,635,753,0.8432934926958832
ustc,A-2,T8,Outlook,Virut,0,753,0.0
ustc,A-2,T8,Outlook,MySQL,3,753,0.00398406374501992
ustc,A-2,T8,Outlook,Skype,4,753,0.005312084993359893
ustc,A-2,T8,Outlook,Miuref,0,753,0.0
ustc,A-2,T8,Outlook,Neris,0,753,0.0
ustc,A-2,T8,Virut,Gmail,0,3310,0.0
ustc,A-2,T8,Virut,FTP,0,3310,0.0
ustc,A-2,T8,Virut,Nsis-ay,1,3310,0.00030211480362537764
ustc,A-2,T8,Virut,Facetime,0,3310,0.0
ustc,A-2,T8,Virut,Weibo,0,3310,0.0
ustc,A-2,T8,Virut,Cridex,0,3310,0.0
ustc,A-2,T8,Virut,Zeus,0,3310,0.0
ustc,A-2,T8,Virut,SMB,0,3310,0.0
ustc,A-2,T8,Virut,BitTorrent,0,3310,0.0
ustc,A-2,T8,Virut,WorldOfWarcraft,0,3310,0.0
ustc,A-2,T8,Virut,Shifu,0,3310,0.0
ustc,A-2,T8,Virut,Outlook,0,3310,0.0
ustc,A-2,T8,Virut,Virut,3032,3310,0.916012084592145
ustc,A-2,T8,Virut,MySQL,0,3310,0.0
ustc,A-2,T8,Virut,Skype,1,3310,0.00030211480362537764
ustc,A-2,T8,Virut,Miuref,0,3310,0.0
ustc,A-2,T8,Virut,Neris,276,3310,0.08338368580060423
ustc,A-2,T8,MySQL,Gmail,2,8609,0.00023231501916598908
ustc,A-2,T8,MySQL,FTP,331,8609,0.038448135671971195
ustc,A-2,T8,MySQL,Nsis-ay,1,8609,0.00011615750958299454
ustc,A-2,T8,MySQL,Facetime,0,8609,0.0
ustc,A-2,T8,MySQL,Weibo,0,8609,0.0
ustc,A-2,T8,MySQL,Cridex,0,8609,0.0
ustc,A-2,T8,MySQL,Zeus,0,8609,0.0
ustc,A-2,T8,MySQL,SMB,2,8609,0.00023231501916598908
ustc,A-2,T8,MySQL,BitTorrent,6,8609,0.0006969450574979672
ustc,A-2,T8,MySQL,WorldOfWarcraft,0,8609,0.0
ustc,A-2,T8,MySQL,Shifu,1,8609,0.00011615750958299454
ustc,A-2,T8,MySQL,Outlook,0,8609,0.0
ustc,A-2,T8,MySQL,Virut,0,8609,0.0
ustc,A-2,T8,MySQL,MySQL,8260,8609,0.9594610291555349
ustc,A-2,T8,MySQL,Skype,6,8609,0.0006969450574979672
ustc,A-2,T8,MySQL,Miuref,0,8609,0.0
ustc,A-2,T8,MySQL,Neris,0,8609,0.0
ustc,A-2,T8,Skype,Gmail,0,632,0.0
ustc,A-2,T8,Skype,FTP,0,632,0.0
ustc,A-2,T8,Skype,Nsis-ay,0,632,0.0
ustc,A-2,T8,Skype,Facetime,0,632,0.0
ustc,A-2,T8,Skype,Weibo,0,632,0.0
ustc,A-2,T8,Skype,Cridex,0,632,0.0
ustc,A-2,T8,Skype,Zeus,0,632,0.0
ustc,A-2,T8,Skype,SMB,0,632,0.0
ustc,A-2,T8,Skype,BitTorrent,0,632,0.0
ustc,A-2,T8,Skype,WorldOfWarcraft,0,632,0.0
ustc,A-2,T8,Skype,Shifu,0,632,0.0
ustc,A-2,T8,Skype,Outlook,0,632,0.0
ustc,A-2,T8,Skype,Virut,0,632,0.0
ustc,A-2,T8,Skype,MySQL,0,632,0.0
ustc,A-2,T8,Skype,Skype,632,632,1.0
ustc,A-2,T8,Skype,Miuref,0,632,0.0
ustc,A-2,T8,Skype,Neris,0,632,0.0
ustc,A-2,T8,Miuref,Gmail,0,1348,0.0
ustc,A-2,T8,Miuref,FTP,0,1348,0.0
ustc,A-2,T8,Miuref,Nsis-ay,0,1348,0.0
ustc,A-2,T8,Miuref,Facetime,0,1348,0.0
ustc,A-2,T8,Miuref,Weibo,0,1348,0.0
ustc,A-2,T8,Miuref,Cridex,0,1348,0.0
ustc,A-2,T8,Miuref,Zeus,0,1348,0.0
ustc,A-2,T8,Miuref,SMB,0,1348,0.0
ustc,A-2,T8,Miuref,BitTorrent,0,1348,0.0
ustc,A-2,T8,Miuref,WorldOfWarcraft,0,1348,0.0
ustc,A-2,T8,Miuref,Shifu,3,1348,0.002225519287833828
ustc,A-2,T8,Miuref,Outlook,0,1348,0.0
ustc,A-2,T8,Miuref,Virut,0,1348,0.0
ustc,A-2,T8,Miuref,MySQL,0,1348,0.0
ustc,A-2,T8,Miuref,Skype,0,1348,0.0
ustc,A-2,T8,Miuref,Miuref,1345,1348,0.9977744807121661
ustc,A-2,T8,Miuref,Neris,0,1348,0.0
ustc,A-2,T8,Neris,Gmail,0,3379,0.0
ustc,A-2,T8,Neris,FTP,0,3379,0.0
ustc,A-2,T8,Neris,Nsis-ay,5,3379,0.001479727730097662
ustc,A-2,T8,Neris,Facetime,0,3379,0.0
ustc,A-2,T8,Neris,Weibo,0,3379,0.0
ustc,A-2,T8,Neris,Cridex,0,3379,0.0
ustc,A-2,T8,Neris,Zeus,5,3379,0.001479727730097662
ustc,A-2,T8,Neris,SMB,0,3379,0.0
ustc,A-2,T8,Neris,BitTorrent,0,3379,0.0
ustc,A-2,T8,Neris,WorldOfWarcraft,0,3379,0.0
ustc,A-2,T8,Neris,Shifu,1,3379,0.0002959455460195324
ustc,A-2,T8,Neris,Outlook,0,3379,0.0
ustc,A-2,T8,Neris,Virut,257,3379,0.07605800532701983
ustc,A-2,T8,Neris,MySQL,0,3379,0.0
ustc,A-2,T8,Neris,Skype,0,3379,0.0
ustc,A-2,T8,Neris,Miuref,0,3379,0.0
ustc,A-2,T8,Neris,Neris,3111,3379,0.9206865936667653
ustc,A-2,T16,Gmail,Gmail,558,863,0.6465816917728853
ustc,A-2,T16,Gmail,FTP,78,863,0.09038238702201622
ustc,A-2,T16,Gmail,Nsis-ay,0,863,0.0
ustc,A-2,T16,Gmail,Facetime,0,863,0.0
ustc,A-2,T16,Gmail,Weibo,0,863,0.0
ustc,A-2,T16,Gmail,Cridex,0,863,0.0
ustc,A-2,T16,Gmail,Zeus,0,863,0.0
ustc,A-2,T16,Gmail,SMB,7,863,0.008111239860950173
ustc,A-2,T16,Gmail,BitTorrent,67,863,0.0776361529548088
ustc,A-2,T16,Gmail,WorldOfWarcraft,0,863,0.0
ustc,A-2,T16,Gmail,Shifu,0,863,0.0
ustc,A-2,T16,Gmail,Outlook,92,863,0.10660486674391657
ustc,A-2,T16,Gmail,Virut,0,863,0.0
ustc,A-2,T16,Gmail,MySQL,55,863,0.06373117033603708
ustc,A-2,T16,Gmail,Skype,6,863,0.006952491309385863
ustc,A-2,T16,Gmail,Miuref,0,863,0.0
ustc,A-2,T16,Gmail,Neris,0,863,0.0
ustc,A-2,T16,FTP,Gmail,6,10103,0.0005938830050480055
ustc,A-2,T16,FTP,FTP,8317,10103,0.823220825497377
ustc,A-2,T16,FTP,Nsis-ay,3,10103,0.00029694150252400277
ustc,A-2,T16,FTP,Facetime,0,10103,0.0
ustc,A-2,T16,FTP,Weibo,1,10103,9.898050084133426e-05
ustc,A-2,T16,FTP,Cridex,0,10103,0.0
ustc,A-2,T16,FTP,Zeus,0,10103,0.0
ustc,A-2,T16,FTP,SMB,0,10103,0.0
ustc,A-2,T16,FTP,BitTorrent,0,10103,0.0
ustc,A-2,T16,FTP,WorldOfWarcraft,0,10103,0.0
ustc,A-2,T16,FTP,Shifu,0,10103,0.0
ustc,A-2,T16,FTP,Outlook,0,10103,0.0
ustc,A-2,T16,FTP,Virut,0,10103,0.0
ustc,A-2,T16,FTP,MySQL,1775,10103,0.1756903889933683
ustc,A-2,T16,FTP,Skype,1,10103,9.898050084133426e-05
ustc,A-2,T16,FTP,Miuref,0,10103,0.0
ustc,A-2,T16,FTP,Neris,0,10103,0.0
ustc,A-2,T16,Nsis-ay,Gmail,0,607,0.0
ustc,A-2,T16,Nsis-ay,FTP,0,607,0.0
ustc,A-2,T16,Nsis-ay,Nsis-ay,593,607,0.9769357495881383
ustc,A-2,T16,Nsis-ay,Facetime,1,607,0.0016474464579901153
ustc,A-2,T16,Nsis-ay,Weibo,0,607,0.0
ustc,A-2,T16,Nsis-ay,Cridex,0,607,0.0
ustc,A-2,T16,Nsis-ay,Zeus,1,607,0.0016474464579901153
ustc,A-2,T16,Nsis-ay,SMB,0,607,0.0
ustc,A-2,T16,Nsis-ay,BitTorrent,0,607,0.0
ustc,A-2,T16,Nsis-ay,WorldOfWarcraft,0,607,0.0
ustc,A-2,T16,Nsis-ay,Shifu,0,607,0.0
ustc,A-2,T16,Nsis-ay,Outlook,0,607,0.0
ustc,A-2,T16,Nsis-ay,Virut,7,607,0.011532125205930808
ustc,A-2,T16,Nsis-ay,MySQL,0,607,0.0
ustc,A-2,T16,Nsis-ay,Skype,0,607,0.0
ustc,A-2,T16,Nsis-ay,Miuref,0,607,0.0
ustc,A-2,T16,Nsis-ay,Neris,5,607,0.008237232289950576
ustc,A-2,T16,Facetime,Gmail,0,600,0.0
ustc,A-2,T16,Facetime,FTP,0,600,0.0
ustc,A-2,T16,Facetime,Nsis-ay,0,600,0.0
ustc,A-2,T16,Facetime,Facetime,600,600,1.0
ustc,A-2,T16,Facetime,Weibo,0,600,0.0
ustc,A-2,T16,Facetime,Cridex,0,600,0.0
ustc,A-2,T16,Facetime,Zeus,0,600,0.0
ustc,A-2,T16,Facetime,SMB,0,600,0.0
ustc,A-2,T16,Facetime,BitTorrent,0,600,0.0
ustc,A-2,T16,Facetime,WorldOfWarcraft,0,600,0.0
ustc,A-2,T16,Facetime,Shifu,0,600,0.0
ustc,A-2,T16,Facetime,Outlook,0,600,0.0
ustc,A-2,T16,Facetime,Virut,0,600,0.0
ustc,A-2,T16,Facetime,MySQL,0,600,0.0
ustc,A-2,T16,Facetime,Skype,0,600,0.0
ustc,A-2,T16,Facetime,Miuref,0,600,0.0
ustc,A-2,T16,Facetime,Neris,0,600,0.0
ustc,A-2,T16,Weibo,Gmail,1,3995,0.00025031289111389235
ustc,A-2,T16,Weibo,FTP,0,3995,0.0
ustc,A-2,T16,Weibo,Nsis-ay,0,3995,0.0
ustc,A-2,T16,Weibo,Facetime,0,3995,0.0
ustc,A-2,T16,Weibo,Weibo,3300,3995,0.8260325406758448
ustc,A-2,T16,Weibo,Cridex,0,3995,0.0
ustc,A-2,T16,Weibo,Zeus,0,3995,0.0
ustc,A-2,T16,Weibo,SMB,685,3995,0.17146433041301626
ustc,A-2,T16,Weibo,BitTorrent,0,3995,0.0
ustc,A-2,T16,Weibo,WorldOfWarcraft,0,3995,0.0
ustc,A-2,T16,Weibo,Shifu,0,3995,0.0
ustc,A-2,T16,Weibo,Outlook,1,3995,0.00025031289111389235
ustc,A-2,T16,Weibo,Virut,0,3995,0.0
ustc,A-2,T16,Weibo,MySQL,0,3995,0.0
ustc,A-2,T16,Weibo,Skype,8,3995,0.002002503128911139
ustc,A-2,T16,Weibo,Miuref,0,3995,0.0
ustc,A-2,T16,Weibo,Neris,0,3995,0.0
ustc,A-2,T16,Cridex,Gmail,0,1638,0.0
ustc,A-2,T16,Cridex,FTP,0,1638,0.0
ustc,A-2,T16,Cridex,Nsis-ay,0,1638,0.0
ustc,A-2,T16,Cridex,Facetime,0,1638,0.0
ustc,A-2,T16,Cridex,Weibo,0,1638,0.0
ustc,A-2,T16,Cridex,Cridex,1638,1638,1.0
ustc,A-2,T16,Cridex,Zeus,0,1638,0.0
ustc,A-2,T16,Cridex,SMB,0,1638,0.0
ustc,A-2,T16,Cridex,BitTorrent,0,1638,0.0
ustc,A-2,T16,Cridex,WorldOfWarcraft,0,1638,0.0
ustc,A-2,T16,Cridex,Shifu,0,1638,0.0
ustc,A-2,T16,Cridex,Outlook,0,1638,0.0
ustc,A-2,T16,Cridex,Virut,0,1638,0.0
ustc,A-2,T16,Cridex,MySQL,0,1638,0.0
ustc,A-2,T16,Cridex,Skype,0,1638,0.0
ustc,A-2,T16,Cridex,Miuref,0,1638,0.0
ustc,A-2,T16,Cridex,Neris,0,1638,0.0
ustc,A-2,T16,Zeus,Gmail,0,1097,0.0
ustc,A-2,T16,Zeus,FTP,0,1097,0.0
ustc,A-2,T16,Zeus,Nsis-ay,0,1097,0.0
ustc,A-2,T16,Zeus,Facetime,0,1097,0.0
ustc,A-2,T16,Zeus,Weibo,0,1097,0.0
ustc,A-2,T16,Zeus,Cridex,0,1097,0.0
ustc,A-2,T16,Zeus,Zeus,1094,1097,0.9972652689152234
ustc,A-2,T16,Zeus,SMB,0,1097,0.0
ustc,A-2,T16,Zeus,BitTorrent,0,1097,0.0
ustc,A-2,T16,Zeus,WorldOfWarcraft,0,1097,0.0
ustc,A-2,T16,Zeus,Shifu,0,1097,0.0
ustc,A-2,T16,Zeus,Outlook,0,1097,0.0
ustc,A-2,T16,Zeus,Virut,0,1097,0.0
ustc,A-2,T16,Zeus,MySQL,0,1097,0.0
ustc,A-2,T16,Zeus,Skype,0,1097,0.0
ustc,A-2,T16,Zeus,Miuref,0,1097,0.0
ustc,A-2,T16,Zeus,Neris,3,1097,0.0027347310847766638
ustc,A-2,T16,SMB,Gmail,34,3893,0.008733624454148471
ustc,A-2,T16,SMB,FTP,36,3893,0.009247367069098381
ustc,A-2,T16,SMB,Nsis-ay,1,3893,0.00025687130747495504
ustc,A-2,T16,SMB,Facetime,0,3893,0.0
ustc,A-2,T16,SMB,Weibo,1292,3893,0.3318777292576419
ustc,A-2,T16,SMB,Cridex,0,3893,0.0
ustc,A-2,T16,SMB,Zeus,0,3893,0.0
ustc,A-2,T16,SMB,SMB,2457,3893,0.6311328024659646
ustc,A-2,T16,SMB,BitTorrent,7,3893,0.0017980991523246853
ustc,A-2,T16,SMB,WorldOfWarcraft,0,3893,0.0
ustc,A-2,T16,SMB,Shifu,0,3893,0.0
ustc,A-2,T16,SMB,Outlook,0,3893,0.0
ustc,A-2,T16,SMB,Virut,1,3893,0.00025687130747495504
ustc,A-2,T16,SMB,MySQL,62,3893,0.01592602106344721
ustc,A-2,T16,SMB,Skype,3,3893,0.0007706139224248652
ustc,A-2,T16,SMB,Miuref,0,3893,0.0
ustc,A-2,T16,SMB,Neris,0,3893,0.0
ustc,A-2,T16,BitTorrent,Gmail,55,752,0.07313829787234043
ustc,A-2,T16,BitTorrent,FTP,0,752,0.0
ustc,A-2,T16,BitTorrent,Nsis-ay,0,752,0.0
ustc,A-2,T16,BitTorrent,Facetime,1,752,0.0013297872340425532
ustc,A-2,T16,BitTorrent,Weibo,0,752,0.0
ustc,A-2,T16,BitTorrent,Cridex,0,752,0.0
ustc,A-2,T16,BitTorrent,Zeus,0,752,0.0
ustc,A-2,T16,BitTorrent,SMB,1,752,0.0013297872340425532
ustc,A-2,T16,BitTorrent,BitTorrent,334,752,0.4441489361702128
ustc,A-2,T16,BitTorrent,WorldOfWarcraft,0,752,0.0
ustc,A-2,T16,BitTorrent,Shifu,0,752,0.0
ustc,A-2,T16,BitTorrent,Outlook,229,752,0.3045212765957447
ustc,A-2,T16,BitTorrent,Virut,0,752,0.0
ustc,A-2,T16,BitTorrent,MySQL,129,752,0.17154255319148937
ustc,A-2,T16,BitTorrent,Skype,3,752,0.003989361702127659
ustc,A-2,T16,BitTorrent,Miuref,0,752,0.0
ustc,A-2,T16,BitTorrent,Neris,0,752,0.0
ustc,A-2,T16,WorldOfWarcraft,Gmail,0,789,0.0
ustc,A-2,T16,WorldOfWarcraft,FTP,1,789,0.0012674271229404308
ustc,A-2,T16,WorldOfWarcraft,Nsis-ay,0,789,0.0
ustc,A-2,T16,WorldOfWarcraft,Facetime,0,789,0.0
ustc,A-2,T16,WorldOfWarcraft,Weibo,0,789,0.0
ustc,A-2,T16,WorldOfWarcraft,Cridex,0,789,0.0
ustc,A-2,T16,WorldOfWarcraft,Zeus,0,789,0.0
ustc,A-2,T16,WorldOfWarcraft,SMB,0,789,0.0
ustc,A-2,T16,WorldOfWarcraft,BitTorrent,0,789,0.0
ustc,A-2,T16,WorldOfWarcraft,WorldOfWarcraft,786,789,0.9961977186311787
ustc,A-2,T16,WorldOfWarcraft,Shifu,0,789,0.0
ustc,A-2,T16,WorldOfWarcraft,Outlook,0,789,0.0
ustc,A-2,T16,WorldOfWarcraft,Virut,0,789,0.0
ustc,A-2,T16,WorldOfWarcraft,MySQL,2,789,0.0025348542458808617
ustc,A-2,T16,WorldOfWarcraft,Skype,0,789,0.0
ustc,A-2,T16,WorldOfWarcraft,Miuref,0,789,0.0
ustc,A-2,T16,WorldOfWarcraft,Neris,0,789,0.0
ustc,A-2,T16,Shifu,Gmail,0,963,0.0
ustc,A-2,T16,Shifu,FTP,0,963,0.0
ustc,A-2,T16,Shifu,Nsis-ay,0,963,0.0
ustc,A-2,T16,Shifu,Facetime,0,963,0.0
ustc,A-2,T16,Shifu,Weibo,0,963,0.0
ustc,A-2,T16,Shifu,Cridex,0,963,0.0
ustc,A-2,T16,Shifu,Zeus,0,963,0.0
ustc,A-2,T16,Shifu,SMB,0,963,0.0
ustc,A-2,T16,Shifu,BitTorrent,0,963,0.0
ustc,A-2,T16,Shifu,WorldOfWarcraft,0,963,0.0
ustc,A-2,T16,Shifu,Shifu,952,963,0.9885773624091381
ustc,A-2,T16,Shifu,Outlook,0,963,0.0
ustc,A-2,T16,Shifu,Virut,0,963,0.0
ustc,A-2,T16,Shifu,MySQL,0,963,0.0
ustc,A-2,T16,Shifu,Skype,0,963,0.0
ustc,A-2,T16,Shifu,Miuref,5,963,0.005192107995846314
ustc,A-2,T16,Shifu,Neris,6,963,0.006230529595015576
ustc,A-2,T16,Outlook,Gmail,8,753,0.010624169986719787
ustc,A-2,T16,Outlook,FTP,1,753,0.0013280212483399733
ustc,A-2,T16,Outlook,Nsis-ay,0,753,0.0
ustc,A-2,T16,Outlook,Facetime,0,753,0.0
ustc,A-2,T16,Outlook,Weibo,0,753,0.0
ustc,A-2,T16,Outlook,Cridex,0,753,0.0
ustc,A-2,T16,Outlook,Zeus,0,753,0.0
ustc,A-2,T16,Outlook,SMB,1,753,0.0013280212483399733
ustc,A-2,T16,Outlook,BitTorrent,39,753,0.05179282868525897
ustc,A-2,T16,Outlook,WorldOfWarcraft,0,753,0.0
ustc,A-2,T16,Outlook,Shifu,0,753,0.0
ustc,A-2,T16,Outlook,Outlook,696,753,0.9243027888446215
ustc,A-2,T16,Outlook,Virut,0,753,0.0
ustc,A-2,T16,Outlook,MySQL,4,753,0.005312084993359893
ustc,A-2,T16,Outlook,Skype,4,753,0.005312084993359893
ustc,A-2,T16,Outlook,Miuref,0,753,0.0
ustc,A-2,T16,Outlook,Neris,0,753,0.0
ustc,A-2,T16,Virut,Gmail,0,3310,0.0
ustc,A-2,T16,Virut,FTP,0,3310,0.0
ustc,A-2,T16,Virut,Nsis-ay,4,3310,0.0012084592145015106
ustc,A-2,T16,Virut,Facetime,0,3310,0.0
ustc,A-2,T16,Virut,Weibo,0,3310,0.0
ustc,A-2,T16,Virut,Cridex,0,3310,0.0
ustc,A-2,T16,Virut,Zeus,0,3310,0.0
ustc,A-2,T16,Virut,SMB,0,3310,0.0
ustc,A-2,T16,Virut,BitTorrent,0,3310,0.0
ustc,A-2,T16,Virut,WorldOfWarcraft,0,3310,0.0
ustc,A-2,T16,Virut,Shifu,2,3310,0.0006042296072507553
ustc,A-2,T16,Virut,Outlook,0,3310,0.0
ustc,A-2,T16,Virut,Virut,3012,3310,0.9099697885196375
ustc,A-2,T16,Virut,MySQL,0,3310,0.0
ustc,A-2,T16,Virut,Skype,1,3310,0.00030211480362537764
ustc,A-2,T16,Virut,Miuref,0,3310,0.0
ustc,A-2,T16,Virut,Neris,291,3310,0.08791540785498489
ustc,A-2,T16,MySQL,Gmail,2,8609,0.00023231501916598908
ustc,A-2,T16,MySQL,FTP,306,8609,0.035544197932396326
ustc,A-2,T16,MySQL,Nsis-ay,1,8609,0.00011615750958299454
ustc,A-2,T16,MySQL,Facetime,0,8609,0.0
ustc,A-2,T16,MySQL,Weibo,0,8609,0.0
ustc,A-2,T16,MySQL,Cridex,0,8609,0.0
ustc,A-2,T16,MySQL,Zeus,0,8609,0.0
ustc,A-2,T16,MySQL,SMB,2,8609,0.00023231501916598908
ustc,A-2,T16,MySQL,BitTorrent,6,8609,0.0006969450574979672
ustc,A-2,T16,MySQL,WorldOfWarcraft,0,8609,0.0
ustc,A-2,T16,MySQL,Shifu,1,8609,0.00011615750958299454
ustc,A-2,T16,MySQL,Outlook,0,8609,0.0
ustc,A-2,T16,MySQL,Virut,0,8609,0.0
ustc,A-2,T16,MySQL,MySQL,8285,8609,0.9623649668951098
ustc,A-2,T16,MySQL,Skype,6,8609,0.0006969450574979672
ustc,A-2,T16,MySQL,Miuref,0,8609,0.0
ustc,A-2,T16,MySQL,Neris,0,8609,0.0
ustc,A-2,T16,Skype,Gmail,0,632,0.0
ustc,A-2,T16,Skype,FTP,0,632,0.0
ustc,A-2,T16,Skype,Nsis-ay,0,632,0.0
ustc,A-2,T16,Skype,Facetime,0,632,0.0
ustc,A-2,T16,Skype,Weibo,0,632,0.0
ustc,A-2,T16,Skype,Cridex,0,632,0.0
ustc,A-2,T16,Skype,Zeus,0,632,0.0
ustc,A-2,T16,Skype,SMB,0,632,0.0
ustc,A-2,T16,Skype,BitTorrent,0,632,0.0
ustc,A-2,T16,Skype,WorldOfWarcraft,0,632,0.0
ustc,A-2,T16,Skype,Shifu,0,632,0.0
ustc,A-2,T16,Skype,Outlook,0,632,0.0
ustc,A-2,T16,Skype,Virut,0,632,0.0
ustc,A-2,T16,Skype,MySQL,0,632,0.0
ustc,A-2,T16,Skype,Skype,632,632,1.0
ustc,A-2,T16,Skype,Miuref,0,632,0.0
ustc,A-2,T16,Skype,Neris,0,632,0.0
ustc,A-2,T16,Miuref,Gmail,0,1348,0.0
ustc,A-2,T16,Miuref,FTP,0,1348,0.0
ustc,A-2,T16,Miuref,Nsis-ay,0,1348,0.0
ustc,A-2,T16,Miuref,Facetime,0,1348,0.0
ustc,A-2,T16,Miuref,Weibo,0,1348,0.0
ustc,A-2,T16,Miuref,Cridex,0,1348,0.0
ustc,A-2,T16,Miuref,Zeus,0,1348,0.0
ustc,A-2,T16,Miuref,SMB,0,1348,0.0
ustc,A-2,T16,Miuref,BitTorrent,0,1348,0.0
ustc,A-2,T16,Miuref,WorldOfWarcraft,0,1348,0.0
ustc,A-2,T16,Miuref,Shifu,3,1348,0.002225519287833828
ustc,A-2,T16,Miuref,Outlook,0,1348,0.0
ustc,A-2,T16,Miuref,Virut,0,1348,0.0
ustc,A-2,T16,Miuref,MySQL,0,1348,0.0
ustc,A-2,T16,Miuref,Skype,0,1348,0.0
ustc,A-2,T16,Miuref,Miuref,1345,1348,0.9977744807121661
ustc,A-2,T16,Miuref,Neris,0,1348,0.0
ustc,A-2,T16,Neris,Gmail,0,3379,0.0
ustc,A-2,T16,Neris,FTP,0,3379,0.0
ustc,A-2,T16,Neris,Nsis-ay,5,3379,0.001479727730097662
ustc,A-2,T16,Neris,Facetime,0,3379,0.0
ustc,A-2,T16,Neris,Weibo,0,3379,0.0
ustc,A-2,T16,Neris,Cridex,0,3379,0.0
ustc,A-2,T16,Neris,Zeus,5,3379,0.001479727730097662
ustc,A-2,T16,Neris,SMB,0,3379,0.0
ustc,A-2,T16,Neris,BitTorrent,0,3379,0.0
ustc,A-2,T16,Neris,WorldOfWarcraft,0,3379,0.0
ustc,A-2,T16,Neris,Shifu,25,3379,0.00739863865048831
ustc,A-2,T16,Neris,Outlook,0,3379,0.0
ustc,A-2,T16,Neris,Virut,260,3379,0.07694584196507842
ustc,A-2,T16,Neris,MySQL,0,3379,0.0
ustc,A-2,T16,Neris,Skype,0,3379,0.0
ustc,A-2,T16,Neris,Miuref,0,3379,0.0
ustc,A-2,T16,Neris,Neris,3084,3379,0.912696063924238
ustc,A-2,T32,Gmail,Gmail,557,863,0.645422943221321
ustc,A-2,T32,Gmail,FTP,70,863,0.08111239860950174
ustc,A-2,T32,Gmail,Nsis-ay,0,863,0.0
ustc,A-2,T32,Gmail,Facetime,0,863,0.0
ustc,A-2,T32,Gmail,Weibo,0,863,0.0
ustc,A-2,T32,Gmail,Cridex,0,863,0.0
ustc,A-2,T32,Gmail,Zeus,0,863,0.0
ustc,A-2,T32,Gmail,SMB,5,863,0.005793742757821553
ustc,A-2,T32,Gmail,BitTorrent,72,863,0.08342989571263036
ustc,A-2,T32,Gmail,WorldOfWarcraft,0,863,0.0
ustc,A-2,T32,Gmail,Shifu,0,863,0.0
ustc,A-2,T32,Gmail,Outlook,91,863,0.10544611819235226
ustc,A-2,T32,Gmail,Virut,0,863,0.0
ustc,A-2,T32,Gmail,MySQL,62,863,0.07184241019698726
ustc,A-2,T32,Gmail,Skype,6,863,0.006952491309385863
ustc,A-2,T32,Gmail,Miuref,0,863,0.0
ustc,A-2,T32,Gmail,Neris,0,863,0.0
ustc,A-2,T32,FTP,Gmail,3,10103,0.00029694150252400277
ustc,A-2,T32,FTP,FTP,8252,10103,0.8167870929426903
ustc,A-2,T32,FTP,Nsis-ay,2,10103,0.00019796100168266851
ustc,A-2,T32,FTP,Facetime,0,10103,0.0
ustc,A-2,T32,FTP,Weibo,1,10103,9.898050084133426e-05
ustc,A-2,T32,FTP,Cridex,0,10103,0.0
ustc,A-2,T32,FTP,Zeus,0,10103,0.0
ustc,A-2,T32,FTP,SMB,2,10103,0.00019796100168266851
ustc,A-2,T32,FTP,BitTorrent,0,10103,0.0
ustc,A-2,T32,FTP,WorldOfWarcraft,0,10103,0.0
ustc,A-2,T32,FTP,Shifu,0,10103,0.0
ustc,A-2,T32,FTP,Outlook,0,10103,0.0
ustc,A-2,T32,FTP,Virut,0,10103,0.0
ustc,A-2,T32,FTP,MySQL,1842,10103,0.1823220825497377
ustc,A-2,T32,FTP,Skype,1,10103,9.898050084133426e-05
ustc,A-2,T32,FTP,Miuref,0,10103,0.0
ustc,A-2,T32,FTP,Neris,0,10103,0.0
ustc,A-2,T32,Nsis-ay,Gmail,0,607,0.0
ustc,A-2,T32,Nsis-ay,FTP,0,607,0.0
ustc,A-2,T32,Nsis-ay,Nsis-ay,593,607,0.9769357495881383
ustc,A-2,T32,Nsis-ay,Facetime,1,607,0.0016474464579901153
ustc,A-2,T32,Nsis-ay,Weibo,0,607,0.0
ustc,A-2,T32,Nsis-ay,Cridex,0,607,0.0
ustc,A-2,T32,Nsis-ay,Zeus,1,607,0.0016474464579901153
ustc,A-2,T32,Nsis-ay,SMB,0,607,0.0
ustc,A-2,T32,Nsis-ay,BitTorrent,0,607,0.0
ustc,A-2,T32,Nsis-ay,WorldOfWarcraft,0,607,0.0
ustc,A-2,T32,Nsis-ay,Shifu,0,607,0.0
ustc,A-2,T32,Nsis-ay,Outlook,0,607,0.0
ustc,A-2,T32,Nsis-ay,Virut,6,607,0.009884678747940691
ustc,A-2,T32,Nsis-ay,MySQL,0,607,0.0
ustc,A-2,T32,Nsis-ay,Skype,0,607,0.0
ustc,A-2,T32,Nsis-ay,Miuref,0,607,0.0
ustc,A-2,T32,Nsis-ay,Neris,6,607,0.009884678747940691
ustc,A-2,T32,Facetime,Gmail,0,600,0.0
ustc,A-2,T32,Facetime,FTP,0,600,0.0
ustc,A-2,T32,Facetime,Nsis-ay,0,600,0.0
ustc,A-2,T32,Facetime,Facetime,600,600,1.0
ustc,A-2,T32,Facetime,Weibo,0,600,0.0
ustc,A-2,T32,Facetime,Cridex,0,600,0.0
ustc,A-2,T32,Facetime,Zeus,0,600,0.0
ustc,A-2,T32,Facetime,SMB,0,600,0.0
ustc,A-2,T32,Facetime,BitTorrent,0,600,0.0
ustc,A-2,T32,Facetime,WorldOfWarcraft,0,600,0.0
ustc,A-2,T32,Facetime,Shifu,0,600,0.0
ustc,A-2,T32,Facetime,Outlook,0,600,0.0
ustc,A-2,T32,Facetime,Virut,0,600,0.0
ustc,A-2,T32,Facetime,MySQL,0,600,0.0
ustc,A-2,T32,Facetime,Skype,0,600,0.0
ustc,A-2,T32,Facetime,Miuref,0,600,0.0
ustc,A-2,T32,Facetime,Neris,0,600,0.0
ustc,A-2,T32,Weibo,Gmail,1,3995,0.00025031289111389235
ustc,A-2,T32,Weibo,FTP,0,3995,0.0
ustc,A-2,T32,Weibo,Nsis-ay,0,3995,0.0
ustc,A-2,T32,Weibo,Facetime,0,3995,0.0
ustc,A-2,T32,Weibo,Weibo,3426,3995,0.8575719649561953
ustc,A-2,T32,Weibo,Cridex,0,3995,0.0
ustc,A-2,T32,Weibo,Zeus,0,3995,0.0
ustc,A-2,T32,Weibo,SMB,559,3995,0.13992490613266584
ustc,A-2,T32,Weibo,BitTorrent,0,3995,0.0
ustc,A-2,T32,Weibo,WorldOfWarcraft,0,3995,0.0
ustc,A-2,T32,Weibo,Shifu,0,3995,0.0
ustc,A-2,T32,Weibo,Outlook,1,3995,0.00025031289111389235
ustc,A-2,T32,Weibo,Virut,0,3995,0.0
ustc,A-2,T32,Weibo,MySQL,0,3995,0.0
ustc,A-2,T32,Weibo,Skype,8,3995,0.002002503128911139
ustc,A-2,T32,Weibo,Miuref,0,3995,0.0
ustc,A-2,T32,Weibo,Neris,0,3995,0.0
ustc,A-2,T32,Cridex,Gmail,0,1638,0.0
ustc,A-2,T32,Cridex,FTP,0,1638,0.0
ustc,A-2,T32,Cridex,Nsis-ay,0,1638,0.0
ustc,A-2,T32,Cridex,Facetime,0,1638,0.0
ustc,A-2,T32,Cridex,Weibo,0,1638,0.0
ustc,A-2,T32,Cridex,Cridex,1638,1638,1.0
ustc,A-2,T32,Cridex,Zeus,0,1638,0.0
ustc,A-2,T32,Cridex,SMB,0,1638,0.0
ustc,A-2,T32,Cridex,BitTorrent,0,1638,0.0
ustc,A-2,T32,Cridex,WorldOfWarcraft,0,1638,0.0
ustc,A-2,T32,Cridex,Shifu,0,1638,0.0
ustc,A-2,T32,Cridex,Outlook,0,1638,0.0
ustc,A-2,T32,Cridex,Virut,0,1638,0.0
ustc,A-2,T32,Cridex,MySQL,0,1638,0.0
ustc,A-2,T32,Cridex,Skype,0,1638,0.0
ustc,A-2,T32,Cridex,Miuref,0,1638,0.0
ustc,A-2,T32,Cridex,Neris,0,1638,0.0
ustc,A-2,T32,Zeus,Gmail,0,1097,0.0
ustc,A-2,T32,Zeus,FTP,0,1097,0.0
ustc,A-2,T32,Zeus,Nsis-ay,1,1097,0.0009115770282588879
ustc,A-2,T32,Zeus,Facetime,0,1097,0.0
ustc,A-2,T32,Zeus,Weibo,0,1097,0.0
ustc,A-2,T32,Zeus,Cridex,0,1097,0.0
ustc,A-2,T32,Zeus,Zeus,1088,1097,0.99179580674567
ustc,A-2,T32,Zeus,SMB,0,1097,0.0
ustc,A-2,T32,Zeus,BitTorrent,0,1097,0.0
ustc,A-2,T32,Zeus,WorldOfWarcraft,0,1097,0.0
ustc,A-2,T32,Zeus,Shifu,0,1097,0.0
ustc,A-2,T32,Zeus,Outlook,0,1097,0.0
ustc,A-2,T32,Zeus,Virut,0,1097,0.0
ustc,A-2,T32,Zeus,MySQL,0,1097,0.0
ustc,A-2,T32,Zeus,Skype,0,1097,0.0
ustc,A-2,T32,Zeus,Miuref,0,1097,0.0
ustc,A-2,T32,Zeus,Neris,8,1097,0.007292616226071103
ustc,A-2,T32,SMB,Gmail,36,3893,0.009247367069098381
ustc,A-2,T32,SMB,FTP,36,3893,0.009247367069098381
ustc,A-2,T32,SMB,Nsis-ay,0,3893,0.0
ustc,A-2,T32,SMB,Facetime,0,3893,0.0
ustc,A-2,T32,SMB,Weibo,827,3893,0.21243257128178783
ustc,A-2,T32,SMB,Cridex,0,3893,0.0
ustc,A-2,T32,SMB,Zeus,0,3893,0.0
ustc,A-2,T32,SMB,SMB,2922,3893,0.7505779604418187
ustc,A-2,T32,SMB,BitTorrent,9,3893,0.0023118417672745952
ustc,A-2,T32,SMB,WorldOfWarcraft,0,3893,0.0
ustc,A-2,T32,SMB,Shifu,0,3893,0.0
ustc,A-2,T32,SMB,Outlook,0,3893,0.0
ustc,A-2,T32,SMB,Virut,1,3893,0.00025687130747495504
ustc,A-2,T32,SMB,MySQL,59,3893,0.015155407141022348
ustc,A-2,T32,SMB,Skype,3,3893,0.0007706139224248652
ustc,A-2,T32,SMB,Miuref,0,3893,0.0
ustc,A-2,T32,SMB,Neris,0,3893,0.0
ustc,A-2,T32,BitTorrent,Gmail,55,752,0.07313829787234043
ustc,A-2,T32,BitTorrent,FTP,0,752,0.0
ustc,A-2,T32,BitTorrent,Nsis-ay,0,752,0.0
ustc,A-2,T32,BitTorrent,Facetime,1,752,0.0013297872340425532
ustc,A-2,T32,BitTorrent,Weibo,0,752,0.0
ustc,A-2,T32,BitTorrent,Cridex,0,752,0.0
ustc,A-2,T32,BitTorrent,Zeus,0,752,0.0
ustc,A-2,T32,BitTorrent,SMB,1,752,0.0013297872340425532
ustc,A-2,T32,BitTorrent,BitTorrent,345,752,0.4587765957446808
ustc,A-2,T32,BitTorrent,WorldOfWarcraft,0,752,0.0
ustc,A-2,T32,BitTorrent,Shifu,0,752,0.0
ustc,A-2,T32,BitTorrent,Outlook,221,752,0.29388297872340424
ustc,A-2,T32,BitTorrent,Virut,0,752,0.0
ustc,A-2,T32,BitTorrent,MySQL,126,752,0.1675531914893617
ustc,A-2,T32,BitTorrent,Skype,3,752,0.003989361702127659
ustc,A-2,T32,BitTorrent,Miuref,0,752,0.0
ustc,A-2,T32,BitTorrent,Neris,0,752,0.0
ustc,A-2,T32,WorldOfWarcraft,Gmail,0,789,0.0
ustc,A-2,T32,WorldOfWarcraft,FTP,1,789,0.0012674271229404308
ustc,A-2,T32,WorldOfWarcraft,Nsis-ay,0,789,0.0
ustc,A-2,T32,WorldOfWarcraft,Facetime,0,789,0.0
ustc,A-2,T32,WorldOfWarcraft,Weibo,0,789,0.0
ustc,A-2,T32,WorldOfWarcraft,Cridex,0,789,0.0
ustc,A-2,T32,WorldOfWarcraft,Zeus,0,789,0.0
ustc,A-2,T32,WorldOfWarcraft,SMB,0,789,0.0
ustc,A-2,T32,WorldOfWarcraft,BitTorrent,0,789,0.0
ustc,A-2,T32,WorldOfWarcraft,WorldOfWarcraft,786,789,0.9961977186311787
ustc,A-2,T32,WorldOfWarcraft,Shifu,0,789,0.0
ustc,A-2,T32,WorldOfWarcraft,Outlook,0,789,0.0
ustc,A-2,T32,WorldOfWarcraft,Virut,0,789,0.0
ustc,A-2,T32,WorldOfWarcraft,MySQL,2,789,0.0025348542458808617
ustc,A-2,T32,WorldOfWarcraft,Skype,0,789,0.0
ustc,A-2,T32,WorldOfWarcraft,Miuref,0,789,0.0
ustc,A-2,T32,WorldOfWarcraft,Neris,0,789,0.0
ustc,A-2,T32,Shifu,Gmail,0,963,0.0
ustc,A-2,T32,Shifu,FTP,0,963,0.0
ustc,A-2,T32,Shifu,Nsis-ay,0,963,0.0
ustc,A-2,T32,Shifu,Facetime,0,963,0.0
ustc,A-2,T32,Shifu,Weibo,0,963,0.0
ustc,A-2,T32,Shifu,Cridex,0,963,0.0
ustc,A-2,T32,Shifu,Zeus,0,963,0.0
ustc,A-2,T32,Shifu,SMB,0,963,0.0
ustc,A-2,T32,Shifu,BitTorrent,0,963,0.0
ustc,A-2,T32,Shifu,WorldOfWarcraft,0,963,0.0
ustc,A-2,T32,Shifu,Shifu,958,963,0.9948078920041536
ustc,A-2,T32,Shifu,Outlook,0,963,0.0
ustc,A-2,T32,Shifu,Virut,0,963,0.0
ustc,A-2,T32,Shifu,MySQL,0,963,0.0
ustc,A-2,T32,Shifu,Skype,0,963,0.0
ustc,A-2,T32,Shifu,Miuref,5,963,0.005192107995846314
ustc,A-2,T32,Shifu,Neris,0,963,0.0
ustc,A-2,T32,Outlook,Gmail,9,753,0.01195219123505976
ustc,A-2,T32,Outlook,FTP,1,753,0.0013280212483399733
ustc,A-2,T32,Outlook,Nsis-ay,0,753,0.0
ustc,A-2,T32,Outlook,Facetime,0,753,0.0
ustc,A-2,T32,Outlook,Weibo,0,753,0.0
ustc,A-2,T32,Outlook,Cridex,0,753,0.0
ustc,A-2,T32,Outlook,Zeus,0,753,0.0
ustc,A-2,T32,Outlook,SMB,1,753,0.0013280212483399733
ustc,A-2,T32,Outlook,BitTorrent,45,753,0.05976095617529881
ustc,A-2,T32,Outlook,WorldOfWarcraft,0,753,0.0
ustc,A-2,T32,Outlook,Shifu,0,753,0.0
ustc,A-2,T32,Outlook,Outlook,690,753,0.9163346613545816
ustc,A-2,T32,Outlook,Virut,0,753,0.0
ustc,A-2,T32,Outlook,MySQL,3,753,0.00398406374501992
ustc,A-2,T32,Outlook,Skype,4,753,0.005312084993359893
ustc,A-2,T32,Outlook,Miuref,0,753,0.0
ustc,A-2,T32,Outlook,Neris,0,753,0.0
ustc,A-2,T32,Virut,Gmail,0,3310,0.0
ustc,A-2,T32,Virut,FTP,0,3310,0.0
ustc,A-2,T32,Virut,Nsis-ay,3,3310,0.0009063444108761329
ustc,A-2,T32,Virut,Facetime,0,3310,0.0
ustc,A-2,T32,Virut,Weibo,0,3310,0.0
ustc,A-2,T32,Virut,Cridex,0,3310,0.0
ustc,A-2,T32,Virut,Zeus,0,3310,0.0
ustc,A-2,T32,Virut,SMB,0,3310,0.0
ustc,A-2,T32,Virut,BitTorrent,0,3310,0.0
ustc,A-2,T32,Virut,WorldOfWarcraft,0,3310,0.0
ustc,A-2,T32,Virut,Shifu,2,3310,0.0006042296072507553
ustc,A-2,T32,Virut,Outlook,0,3310,0.0
ustc,A-2,T32,Virut,Virut,3024,3310,0.913595166163142
ustc,A-2,T32,Virut,MySQL,0,3310,0.0
ustc,A-2,T32,Virut,Skype,1,3310,0.00030211480362537764
ustc,A-2,T32,Virut,Miuref,0,3310,0.0
ustc,A-2,T32,Virut,Neris,280,3310,0.08459214501510574
ustc,A-2,T32,MySQL,Gmail,2,8609,0.00023231501916598908
ustc,A-2,T32,MySQL,FTP,292,8609,0.0339179927982344
ustc,A-2,T32,MySQL,Nsis-ay,1,8609,0.00011615750958299454
ustc,A-2,T32,MySQL,Facetime,0,8609,0.0
ustc,A-2,T32,MySQL,Weibo,0,8609,0.0
ustc,A-2,T32,MySQL,Cridex,0,8609,0.0
ustc,A-2,T32,MySQL,Zeus,0,8609,0.0
ustc,A-2,T32,MySQL,SMB,2,8609,0.00023231501916598908
ustc,A-2,T32,MySQL,BitTorrent,6,8609,0.0006969450574979672
ustc,A-2,T32,MySQL,WorldOfWarcraft,0,8609,0.0
ustc,A-2,T32,MySQL,Shifu,1,8609,0.00011615750958299454
ustc,A-2,T32,MySQL,Outlook,0,8609,0.0
ustc,A-2,T32,MySQL,Virut,0,8609,0.0
ustc,A-2,T32,MySQL,MySQL,8299,8609,0.9639911720292716
ustc,A-2,T32,MySQL,Skype,6,8609,0.0006969450574979672
ustc,A-2,T32,MySQL,Miuref,0,8609,0.0
ustc,A-2,T32,MySQL,Neris,0,8609,0.0
ustc,A-2,T32,Skype,Gmail,0,632,0.0
ustc,A-2,T32,Skype,FTP,0,632,0.0
ustc,A-2,T32,Skype,Nsis-ay,0,632,0.0
ustc,A-2,T32,Skype,Facetime,0,632,0.0
ustc,A-2,T32,Skype,Weibo,0,632,0.0
ustc,A-2,T32,Skype,Cridex,0,632,0.0
ustc,A-2,T32,Skype,Zeus,0,632,0.0
ustc,A-2,T32,Skype,SMB,0,632,0.0
ustc,A-2,T32,Skype,BitTorrent,0,632,0.0
ustc,A-2,T32,Skype,WorldOfWarcraft,0,632,0.0
ustc,A-2,T32,Skype,Shifu,0,632,0.0
ustc,A-2,T32,Skype,Outlook,0,632,0.0
ustc,A-2,T32,Skype,Virut,0,632,0.0
ustc,A-2,T32,Skype,MySQL,0,632,0.0
ustc,A-2,T32,Skype,Skype,632,632,1.0
ustc,A-2,T32,Skype,Miuref,0,632,0.0
ustc,A-2,T32,Skype,Neris,0,632,0.0
ustc,A-2,T32,Miuref,Gmail,0,1348,0.0
ustc,A-2,T32,Miuref,FTP,0,1348,0.0
ustc,A-2,T32,Miuref,Nsis-ay,0,1348,0.0
ustc,A-2,T32,Miuref,Facetime,0,1348,0.0
ustc,A-2,T32,Miuref,Weibo,0,1348,0.0
ustc,A-2,T32,Miuref,Cridex,0,1348,0.0
ustc,A-2,T32,Miuref,Zeus,0,1348,0.0
ustc,A-2,T32,Miuref,SMB,0,1348,0.0
ustc,A-2,T32,Miuref,BitTorrent,0,1348,0.0
ustc,A-2,T32,Miuref,WorldOfWarcraft,0,1348,0.0
ustc,A-2,T32,Miuref,Shifu,2,1348,0.001483679525222552
ustc,A-2,T32,Miuref,Outlook,0,1348,0.0
ustc,A-2,T32,Miuref,Virut,0,1348,0.0
ustc,A-2,T32,Miuref,MySQL,0,1348,0.0
ustc,A-2,T32,Miuref,Skype,0,1348,0.0
ustc,A-2,T32,Miuref,Miuref,1346,1348,0.9985163204747775
ustc,A-2,T32,Miuref,Neris,0,1348,0.0
ustc,A-2,T32,Neris,Gmail,0,3379,0.0
ustc,A-2,T32,Neris,FTP,0,3379,0.0
ustc,A-2,T32,Neris,Nsis-ay,4,3379,0.0011837821840781297
ustc,A-2,T32,Neris,Facetime,0,3379,0.0
ustc,A-2,T32,Neris,Weibo,1,3379,0.0002959455460195324
ustc,A-2,T32,Neris,Cridex,0,3379,0.0
ustc,A-2,T32,Neris,Zeus,1,3379,0.0002959455460195324
ustc,A-2,T32,Neris,SMB,0,3379,0.0
ustc,A-2,T32,Neris,BitTorrent,0,3379,0.0
ustc,A-2,T32,Neris,WorldOfWarcraft,0,3379,0.0
ustc,A-2,T32,Neris,Shifu,30,3379,0.008878366380585973
ustc,A-2,T32,Neris,Outlook,0,3379,0.0
ustc,A-2,T32,Neris,Virut,244,3379,0.0722107132287659
ustc,A-2,T32,Neris,MySQL,0,3379,0.0
ustc,A-2,T32,Neris,Skype,0,3379,0.0
ustc,A-2,T32,Neris,Miuref,0,3379,0.0
ustc,A-2,T32,Neris,Neris,3099,3379,0.9171352471145309
